"site_ids","last_data_timestamp","type0_oem_siteId","type0_oem_name","type1_oem_name","type1_oem_siteId","customer_name","customer_email","site_address","state","installer_name","isTPORegistered","isVppRegistered","isLeapRegistered","leap_meter_id","wMaxRtg","system_size_kw","productInfo_prodCode","productInfo_prodMfr","productInfo_prodType","productInfo_prodName","productInfo_prodSubType","has_battery","account_number","APP_TPO_AccountId","system_status_1h_online"
"400002401","","SE37QV69AO","Qcells","","","","","7726 Niagara Fls Blvd Niagara Falls NY 14304","NY","","","False","False","","","","","","","","","No","APPTPO-2506164474","2506164474","offline"
"400005733","","d45c9f12-61f9-4d3a-a630-3522704ce646","Tesla","","","Chivate Yogesh","yogesh@yopmail.com","31755 Alvarado Blvd AV Union City CA 94587","CA","Demo Installer","True","True","False","","325","6.02","ENPHASE_ENERGY_INC_-IQ8M_72_M_US__240V_","Enphase Energy Inc.","MicroInverter","IQ8M-72-M-US [240V]","","No","Tesla_TEST_AVAI_AD_0054","","offline"
"200000362","","200000362","Qcells","","","","","New York City Hall New York NY 10007","NY","","False","False","False","","","","","","","","","No","200000362","","offline"
"100004194","","100004194","Qcells","","","","","11 11 CA 06543","CA","","","False","False","","","","","","","","","No","100004194","","offline"
"400005745","","00555518181841","Tesla","","","","","501 2nd St San Francisco CA 94107","CA","","False","False","False","","3330","0","QCELLS-Q_VOLT_H7_6SX","Qcells","Inverter","Q.VOLT H7.6SX","HybridInverter","No","400005745","","offline"
"400005701","","d45c9f12-61f9-4d3a-a630-3522704ce646","Tesla","","","Chivate Yogesh","yogesh@yopmail.com","31755 Alvarado Blvd AV Union City CA 94587","CA","Demo Installer","True","True","False","","325","6.02","ENPHASE_ENERGY_INC_-IQ8M_72_M_US__240V_","Enphase Energy Inc.","MicroInverter","IQ8M-72-M-US [240V]","","No","Tesla_TEST_AVAI_AD_0025","","offline"
"400005732","","d45c9f12-61f9-4d3a-a630-3522704ce646","Tesla","","","Chivate Yogesh","yogesh@yopmail.com","31755 Alvarado Blvd AV Union City CA 94587","CA","Demo Installer","True","True","False","","325","6.02","ENPHASE_ENERGY_INC_-IQ8M_72_M_US__240V_","Enphase Energy Inc.","MicroInverter","IQ8M-72-M-US [240V]","","No","Tesla_TEST_AVAI_AD_0056","","offline"
"400003437","","88520134185","SolarEdge","","","","","501 2nd St San Francisco CA 94107","CA","","","False","False","","","","","","","","","No","400003437","","offline"
"200000587","","200000587","Qcells","","","","","1237 Harding Pl Charlotte NC 28204","NC","Test N 24","False","False","False","","","","","","","","","No","200000587","","offline"
"100000439","","100000439","Qcells","","","","","- - UN 04541","UN","","False","False","False","","","","","","","","","No","100000439","","offline"
"200000461","","200000461","Qcells","","","","","New York City Hall New York NY 10007","NY","","","False","False","","","","","","","","","No","200000461","","offline"
"100004327","","100004327","Qcells","","","","","Vermont St Lawrence KS 66044","KS","","","False","False","","","","","","","","","No","100004327","","offline"
"100003822","","100003822","Qcells","","","","","- - KS 03088","KS","","","False","False","","","","","","","","","No","100003822","","offline"
"100003620","","100003620","Qcells","","","John Anon","john.anon@example.com","456 Anon Street Anon City TX 75001","TX","Anon Solar Company","True","True","False","","","","","","","","","No","ANON-123456789Z","","offline"
"200000590","","200000590","Qcells","","","","","New York City Hall New York NY 10007","NY","Rajesh ","False","False","False","","","","","","","","","No","200000590","","offline"
"400005885","","d45c9f12-61f9-4d3a-a630-3522704ce647","Tesla","","","","","31755 Alvarado Blvd AV Union City CA 94587","CA","","","False","False","","","","","","","","","No","Tesla_TEST_AVAI_AD_0100","","offline"
"100000428","","100000428","Qcells","","","","","Triton Court Santa Clara CA 95050","CA","","False","False","False","","","","","","","","","No","100000428","","offline"
"190001924","","190001924","Qcells","","","ChanHyup Kim","chanhyup.kim@qcells.com","223 Fawn Ridge Drive Copperas Cove TX 76522","TX","Demo Installer","True","True","False","","3805","9.02","QCELLS-Q_VOLT_H3_8SX","Qcells","Inverter","Q.VOLT H3.8SX","HybridInverter","No","APPTPO-2412332029","2412332029","offline"
"200060026","","200060026","Qcells","","","","","Test patch 3 Street Test 2 patchCity TX 75001","TX","Demo Installer","False","False","False","","","","","","","","","No","DEV_ACSGEN2_AVAI_AD_200060026","","offline"
"200000585","","200000585","Qcells","","","","","New York City Hall New York NY 10007","NY","Qcells","False","False","False","","","","","","","","","No","200000585","","offline"
"100000268","","100000268","Qcells","","","","","- - UN 41756","UN","","False","False","False","","","","","","","","","No","100000268","","offline"
"200000523","","200000523","Qcells","","","","","New York City Hall New York NY 10007","NY","","","False","False","","","","","","","","","No","200000523","","offline"
"100000389","","100000389","Qcells","","","","","- - UN 04538","UN","","False","False","False","","","","","","","","","No","100000389","","offline"
"200000596","","200000596","Qcells","","","","","New York City Hall New York NY 10007","NY","","False","False","False","","","","","","","","","No","200000596","","offline"
"400002283","","4344575Ericka","SolarEdge","","","","","7890 Cedar Rd Fresno CA 93701","CA","","","False","False","","","","","","","","","No","400002283","","offline"
"200000168","","200000168","Qcells","","","","","Austin South Terminal Austin TX 78719","TX","","False","False","False","","","","","","","","","No","200000168","","offline"
"110005885","","110005885","Qcells","SolarEdge","4393791","ChanHyup Kim","chanhyup.kim@qcells.com","501 2nd St San Francisco CA 94107","CA","Demo Installer","True","False","False","","7593","9.02","QCELLS-Q_VOLT_H7_6SX","Qcells","Inverter","Q.VOLT H7.6SX","HybridInverter","No","APPTPO-2344416881","2344416881","offline"
"200000556","","200000556","Qcells","","","","","12354 Uline Wy Kenosha WI 53144","WI","Qcells","False","False","False","","","","","","","","","No","200000556","","offline"
"110000005","","110000005","Qcells","","","F Test L Test","testuser@yopmail.com","501 2nd St San Francisco CA 94107","CA","","True","True","True","d0aff37b-6b04-4432-9cbd-02e0045ddec6","","","","","","","","No","110000005","","offline"
"100000157","","100000157","Qcells","","","test test","test@qcells.com","- Union Park FL 06766","FL","","False","False","False","","","","","","","","","No","100000157","","offline"
"100006543","","100006543","Qcells","","","","","501 2nd ST Port St. Lucie FL 34953","FL","","","False","False","","","","","","","","","No","ASSET-20240219-C034","","offline"
"100003867","","100003867","Qcells","","","","","Rose Street San Francisco CA 94102","CA","","","False","False","","","","","","","","","No","100003867","","offline"
"200000561","","200000561","Qcells","","","","","579 5th Ave New York NY 10017","NY","Qcells","False","False","False","","","","","","","","","No","200000561","","offline"
"400003429","","88520134185","SolarEdge","","","","","501 2nd St San Francisco CA 94107","CA","","","False","False","","","","","","","","","No","400003429","","offline"
"200000363","","200000363","Qcells","","","","","New York City Hall New York NY 10007","NY","","False","False","False","","","","","","","","","No","200000363","","offline"
"400005690","","d45c9f12-61f9-4d3a-a630-3522704ce646","Tesla","","","Chivate Yogesh","yogesh@yopmail.com","31755 Alvarado Blvd AV Union City CA 94587","CA","Demo Installer","True","True","False","","325","6.02","ENPHASE_ENERGY_INC_-IQ8M_72_M_US__240V_","Enphase Energy Inc.","MicroInverter","IQ8M-72-M-US [240V]","","No","Tesla_TEST_AVAI_AD_0016","","offline"
"200000458","","200000458","Qcells","","","","","1515 Wyatt Dr Santa Clara CA 95054","CA","","","False","False","","","","","","","","","No","200000458","","offline"
"100000425","","100000425","Qcells","","","","","Warburton Avenue Santa Clara CA 06766","CA","","False","False","False","","","","","","","","","No","100000425","","offline"
"300000125","","300000125","Qcells","","","","","501 2nd St San Francisco CA 94107","CA","","","False","False","","","","","","","","","No","APPTPO-AMAN-ONM","","offline"
"400002145","","123456","Enphase","","","","","407 Arvin St Bakersfield CA 93308","CA","","","True","False","","","","","","","","","No","APPTPO-2505712044","2505712044","offline"
"400005755","","d45c9f12-61f9-4d3a-a630-3522704ce646","Tesla","Qcells","SS20240612","Chivate Yogesh","yogesh@yopmail.com","31755 Alvarado Blvd AV Union City CA 94587","CA","Demo Installer","True","True","False","","325","6.02","ENPHASE_ENERGY_INC_-IQ8M_72_M_US__240V_","Enphase Energy Inc.","MicroInverter","IQ8M-72-M-US [240V]","","No","Tesla_TEST_AVAI_AD_0081","","offline"
"400005920","","123e4567-e89b-12d3-a456-426614174000","Tesla","","","Maharshi test","maharshitestetetu101_01@yopmail.com","2652 SW 29th Ave Cape Coral FL 33914","FL","3I Atlas","True","False","False","","349","10.75","QCELLS-Q_MI_349B_G1__240V_","Qcells","MicroInverter","Q.MI.349B-G1 [240V]","","No","APPTPO-2026052001","2026052001","offline"
"123000014","","123000014","Qcells","","","","","501 2nd ST Port St. Lucie FL 34953","FL","","","False","False","","","","","","","","","No","ASSET-20240219-C684","","offline"
"400005703","","d45c9f12-61f9-4d3a-a630-3522704ce646","Tesla","","","Chivate Yogesh","yogesh@yopmail.com","31755 Alvarado Blvd AV Union City CA 94587","CA","Demo Installer","True","True","False","","325","6.02","ENPHASE_ENERGY_INC_-IQ8M_72_M_US__240V_","Enphase Energy Inc.","MicroInverter","IQ8M-72-M-US [240V]","","No","Tesla_TEST_AVAI_AD_0027","","offline"
"200000554","","200000554","Qcells","","","","","345 E 24th St New York NY 10010","NY","Qcells","False","False","False","","","","","","","","","No","200000554","","offline"
"129909244","","129909244","Qcells","","","","","18089 Lake Encino Dr Los Angeles CA 91316","CA","","","False","False","","","","","","","","","No","APPTPO-2511180107","2511180107","offline"
"400005370","","SS188K901J","Qcells","","","","","501 2nd St San Francisco CA 94102","CA","","","False","False","","","","","","","","","No","ASSET-20250120-C601","","offline"
"400003402","","0000000","Enphase","","","","","900 Marry St San Jose CA 95138","CA","","","False","False","","","","","","","","","No","APPTPO-Test-dev102","102","offline"
"110005883","","110005883","Qcells","Tesla","cb0e6650-2431-4f1b-b548-a808c70e35a1","ChanHyup Kim","chanhyup.kim@qcells.com","501 2nd St San Francisco CA 94107","CA","Demo Installer","True","False","False","","7593","9.02","QCELLS-Q_VOLT_H7_6SX","Qcells","Inverter","Q.VOLT H7.6SX","HybridInverter","No","APPTPO-2344416879","2344416879","offline"
"400005699","","d45c9f12-61f9-4d3a-a630-3522704ce646","Tesla","","","Chivate Yogesh","yogesh@yopmail.com","31755 Alvarado Blvd AV Union City CA 94587","CA","Demo Installer","True","True","False","","325","6.02","ENPHASE_ENERGY_INC_-IQ8M_72_M_US__240V_","Enphase Energy Inc.","MicroInverter","IQ8M-72-M-US [240V]","","No","Tesla_TEST_AVAI_AD_0023","","offline"
"260001021","","260001021","Qcells","","","","","231 Cortland Ave San Francisco CA 94110","CA","Account KR Test","False","False","False","","","","","","","","","No","260001021","","offline"
"200000422","","200000422","Qcells","","","","","New York City Hall Irvine CA 92612","CA","","","False","False","","","","","","","","","No","200000422","","offline"
"200060056","","200060056","Qcells","","","","","New York City Hall New York NY 10007","NY","Qcells","False","False","False","","","","","","","","","No","DEV_ACSGEN2_AD-200060056","","offline"
"200060070","","200060070","Qcells","","","","","New York City Hall New York NY 10007","NY","","","False","False","","","","","","","","","No","DEV_ACSGEN2_AD-200060070","","offline"
"100000371","","100000371","Qcells","","","","","Paseo Park Road Union Park FL 32817","FL","","False","False","False","","","","","","","","","No","100000371","","offline"
"400005884","","cb0e6650-2431-4f1b-b548-a808c70e35a1","Tesla","Enphase","5169992","ChanHyup Kim","chanhyup.kim@qcells.com","501 2nd St San Francisco CA 94107","CA","Demo Installer","True","False","False","","7593","9.02","QCELLS-Q_VOLT_H7_6SX","Qcells","Inverter","Q.VOLT H7.6SX","HybridInverter","No","APPTPO-2344426879","2344426879","offline"
"200060011","","200060011","Qcells","","","","","231 Cortland Ave San Francisco CA 94110","CA","Demo Installer","False","False","False","","","","","","","","","No","DEV_ACSGEN2_AD-200060011","","offline"
"400005343","","0aab7d47-ddaf-4a6e-bbe4-d010ba285555","Tesla","Qcells","S332211111","Boricua Tribu","boricuatribunaltu101_01@yopmail.com","8 Av. de la Constitución Centro Viejo San Juan San Juan PR 00918","PR","Aurora Solar","True","True","False","","","","","","","","","No","APPTPO-250516json4onm2","25051642","offline"
"200000578","","200000578","Qcells","","","","","234 Crooked Creek Pkwy Durham NC 27713","NC","Qcells","False","False","False","","","","","","","","","No","200000578","","offline"
"400005362","","ASSET-20250118-C599","Enphase","","","","","12144 Kay Dr N Florida CA 33772","CA","","","False","False","","","","","","","","","No","ASSET-20250120-C612","","offline"
"100000147","","100000147","Qcells","","","","","- Santa Clara CA 06766","CA","","False","False","False","","","","","","","","","No","100000147","","offline"
"200060016","","200060016","Qcells","","","","","Test patch 3 Street Test 2 patchCity TX 75001","TX","Demo Installer","False","False","False","","","","","","","","","No","DEV_ACSGEN2_AD-200060016","","offline"
"100000170","","100000170","Qcells","","","","","Warburton Avenue Santa Clara CA 06766","CA","","False","False","False","","","","","","","","","No","100000170","","offline"
"200000586","","200000586","Qcells","","","","","Lot 1 Cyberjaya UN 63300","UN","Qcells","False","False","False","","","","","","","","","No","200000586","","offline"
"144562309","","144562309","Qcells","","","","","7027 Shoshone Ave Los Angeles CA 91406","CA","","","False","False","","","","","","","","","No","APPTPO-2505163838","2505163838","offline"
"200000600","","200000600","Qcells","","","","","New York City Hall New York NY 10007","NY","","","False","False","","","","","","","","","No","200000600","","offline"
"100003813","","100003813","Qcells","","","","","- - KS 03088","KS","","","False","False","","","","","","","","","No","100003813","","offline"
"200000532","","200000532","Qcells","","","","","New York City Hall New York NY 10007","NY","Qcells","False","False","False","","","","","","","","","No","200000532","","offline"
"100001600","","100001600","Qcells","","","","","- - UN 04541","UN","","","False","False","","","","","","","","","No","100001600","","offline"
"100003847","","100003847","Qcells","","","","","- - KS 03088","KS","","","False","False","","","","","","","","","No","100003847","","offline"
"200000528","","200000528","Qcells","","","","","New York City Hall New York NY 10007","NY","Qcells","False","False","False","","","","","","","","","No","200000528","","offline"
"400005768","","SSEBJ2HHCC","Qcells","","","ChanHyup Kim","chanhyup.kim@qcells.com","501 2nd St San Francisco CA 94107","CA","Demo Installer","True","True","False","","7593","9.02","QCELLS-Q_VOLT_H7_6SX","Qcells","Inverter","Q.VOLT H7.6SX","HybridInverter","No","APPTPO-2329496102","2329496102","offline"
"400005112","","1122223447","SolarEdge","","","","","26509 Brandywine Dr Menifee CA 92586","CA","","","False","False","","","","","","","","","No","APPTPO-2507168639","2507168639","offline"
"100003820","","100003820","Qcells","","","","","- - KS 03088","KS","","","False","False","","","","","","","","","No","100003820","","offline"
"200000577","","200000577","Qcells","","","","","54346 Walla Walla River Rd Milton-Freewater OR 97862","OR","Qcells","False","False","False","","","","","","","","","No","200000577","","offline"
"400002347","","S123456789","Qcells","","","","","321 Elm Street Los Angeles CA 90001","CA","","","False","False","","","","","","","","","No","APPTPO-2505163079","2505163079","offline"
"400005348","","50000012345","Tesla","","","","","6416 Wilton Dr Fort Worth TX 76133","TX","","","False","False","","","","","","","","","No","400005348","","offline"
"200000132","","200000132","Qcells","","","","","Calle Sta. Clara, 11, 38002 Santa Cruz de Tenerife, Spain Santa Cruz de Tenerife UN 38002","UN","","","False","False","","","","","","","","","No","200000132","","offline"
"200000380","","200000380","Qcells","","","","","New York City Hall New York NY 10007","NY","","False","False","False","","","","","","","","","No","200000380","","offline"
"400005356","","ASSET-20250118-C599","Enphase","","","","","12144 Kay Dr N Florida CA 33772","CA","","False","True","True","b103cd1c-0011-4c7b-9c56-61befbf01bc3","","","","","","","","No","ASSET-20250120-C611","","offline"
"400002255","","S123456789","Qcells","","","","","321 Elm Street Los Angeles CA 90001","CA","","","False","False","","","","","","","","","No","124588","","offline"
"200000549","","200000549","Qcells","","","","","New York City Hall New York NY 10007","NY","gepoy","False","False","False","","","","","","","","","No","200000549","","offline"
"100000559","","100000559","Qcells","","","","","- Santa Clara UN 06766","UN","","","False","False","","","","","","","","","No","100000559","","offline"
"400005752","","SS20240612","Qcells","Tesla","d45c9f12-61f9-4d3a-a630-3522704ce646","Chivate Yogesh","yogesh@yopmail.com","31755 Alvarado Blvd AV Union City FL 94587","FL","Demo Installer","True","True","False","","325","6.02","ENPHASE_ENERGY_INC_-IQ8M_72_M_US__240V_","Enphase Energy Inc.","MicroInverter","IQ8M-72-M-US [240V]","","No","Tesla_TEST_AVAI_AD_0073","","offline"
"200000565","","200000565","Qcells","","","","","New York City Hall New York NY 10007","NY","Qcells","False","False","False","","","","","","","","","No","200000565","","offline"
"200000409","","200000409","Qcells","","","","","New York City Hall Irvine CA 92612","CA","","","False","False","","","","","","","","","No","200000409","","offline"
"400005821","","00555518181841","Tesla","","","","","501 2nd St San Francisco CA 94107","CA","","False","False","False","","","","","","","","","No","400005821","","offline"
"100000155","","100000155","Qcells","","","","","Warburton Avenue Santa Clara CA 06766","CA","","False","False","False","","","","","","","","","No","100000155","","offline"
"100000787","","100000787","Qcells","","","","","Newhall Avenue Santa Clarita CA 91321","CA","","","False","False","","","","","","","","","No","100000787","","offline"
"400005502","","S334234563","Qcells","","","","","7833 Center Pkwy Sacramento CA 95823","CA","","","False","False","","","","","","","","","No","APPTPO-2511179235","2511179235","offline"
"400002257","","S123456789","Qcells","","","","","321 Elm Street Los Angeles CA 90001","CA","","","False","False","","","","","","","","","No","139588","","offline"
"100004067","","100004067","Qcells","","","","","Harrison Street Santa Clara CA 95050","CA","","","False","False","","","","","","","","","No","100004067","","offline"
"200000569","","200000569","Qcells","","","","","New York City Hall New York NY 10007","NY","yoliwe","False","False","False","","","","","","","","","No","200000569","","offline"
"200060033","","200060033","Qcells","","","","","New York City Hall New York NY 10007","NY","","","False","False","","","","","","","","","No","DEV_ACSGEN2_AD-200060033","","offline"
"400005100","","0000000","Enphase","","","","","900 Marry St San Jose CA 95138","CA","","","True","False","","","","","","","","","No","APPTPO-Test-dev2721754934942227","2721754934942227","offline"
"200020051","","200020051","Qcells","","","","","231 Cortland Ave San Francisco CA 94110","CA","","","False","False","","","","","","","","","No","200020051","","offline"
"400005808","","d45c9f12-61f9-4d3a-a630-3522704ce646","Tesla","Enphase","50090070","Chivate Yogesh","yogesh@yopmail.com","31755 Alvarado Blvd AV Union City CA 94587","CA","Demo Installer","False","True","False","","","","","","","","","No","Tesla_TEST_AVAI_AD_0137","","offline"
"200000501","","200000501","Qcells","","","","","New York City Hall New York NY 10007","NY","Qcells","False","False","False","","","","","","","","","No","200000501","","offline"
"100000144","","100000144","Qcells","","","","","- - UN 00000","UN","","False","False","False","","","","","","","","","No","100000144","","offline"
"100000333","","100000333","Qcells","","","","","- Clay CA 95638","CA","","False","False","False","","","","","","","","","No","100000333","","offline"
"400002291","","S123456789","Qcells","","","","","321 Elm Street Los Angeles CA 90001","CA","","","False","False","","","","","","","","","No","125236","","offline"
"100004297","","100004297","Qcells","","","","","- - UN 04541","UN","","","False","False","","","","","","","","","No","100004297","","offline"
"100000679","","100000679","Qcells","","","","","- - CA 06543","CA","","","False","False","","","","","","","","","No","100000679","","offline"
"200060042","","200060042","Qcells","","","","","New York City Hall New York NY 10007","NY","Qcells","False","False","False","","","","","","","","","No","DEV_ACSGEN2_AD-200060042","","offline"
"155000000","","155000000","Qcells","","","","","501 2nd St San Francisco CA 94107","CA","","","False","False","","","","","","","","","No","155000000","","offline"
"100000615","","100000615","Qcells","","","","","- - CA 06766","CA","","","False","False","","","","","","","","","No","100000615","","offline"
"400005678","","00555518181841","Tesla","","","","","501 2nd St San Francisco CA 94107","CA","","","False","False","","","","","","","","","No","400005678","","offline"
"400002256","","S123456789","Qcells","","","","","321 Elm Street Los Angeles CA 90001","CA","","","False","False","","","","","","","","","No","129588","","offline"
"200060014","","200060014","Qcells","","","","","Test patch 3 Street Test 2 patchCity TX 75001","TX","Demo Installer","False","False","False","","","","","","","","","No","DEV_ACSGEN2_AD-200060014","","offline"
"400002403","","SSL99PXUKZ","Qcells","","","ChanHyup Kim","chanhyup.kim@qcells.com","501 2nd St San Francisco CA 94107","CA","Demo Installer","True","True","False","","7593","9.02","QCELLS-Q_VOLT_H7_6SX","Qcells","Inverter","Q.VOLT H7.6SX","HybridInverter","No","APPTPO-2512991239","2512991239","offline"
"400003326","","0000000","Enphase","","","","","900 Marry St San Jose CA 95138","CA","","","False","False","","","","","","","","","No","APPTPO-Test-dev115","115","offline"
"200060048","","200060048","Qcells","","","","","New York City Hall New York NY 10007","NY","Qcells","False","False","False","","","","","","","","","No","DEV_ACSGEN2_AD-200060048","","offline"
"400002397","","S123467821","Qcells","","","Kyle Kuzma","kylekuzmatu101_01@yopmail.com","2023 W 161st St Torrance CA 90504","CA","","True","False","False","","7593","1.2","QCELLS-Q_VOLT_H7_6SX","Qcells","Inverter","Q.VOLT H7.6SX","HybridInverter","No","APPTPO-2506164480","2506164480","offline"
"100004556","","100004556","Qcells","","","","","Montgomery Street San Francisco CA 94111","CA","","","False","False","","","","","","","","","No","100004556","","offline"
"100099908","","100099908","Qcells","Tesla","d45c9f12-61f9-4d3a-a630-3522704ce646","DEVC3 NYM DEVC3 NYM","happy.yunmin@gmail.com","Test patch 3 Street Test 2 patchCity TX 75001","TX","","False","False","False","","7600","0","QCELLS-Q_HOME_CORE_A7_6B13_1","Qcells","Inverter","Q.HOME CORE A7.6B13.1","BatteryInverter","No","ANON-123456ACM8","","offline"
"195422093","","195422093","Qcells","","","","","43228 15th St W Lancaster CA 93534","CA","","","False","False","","","","","","","","","No","APPTPO-2511179993","2511179993","offline"
"100001572","","100001572","Qcells","","","","","- El Dorado AR 71730","AR","","","False","False","","","","","","","","","No","100001572","","offline"
"100004331","","100004331","Qcells","","","","","Vermont St Lawrence KS 66044","KS","","","False","False","","","","","","","","","No","100004331","","offline"
"200000344","","200000344","Qcells","","","","","New York City Hall New York NY 10007","NY","","False","False","False","","","","","","","","","No","200000344","","offline"
"100000173","","100000173","Qcells","","","","","Warburton Avenue Santa Clara CA 06766","CA","","False","False","False","","","","","","","","","No","100000173","","offline"
"200000203","","200000203","Qcells","","","","","76Q5+MG Cartersville GA 30184","GA","","False","False","False","","","","","","","","","No","200000203","","offline"
"200000453","","200000453","Qcells","","","","","New York City Hall New York NY 10007","NY","","","False","False","","","","","","","","","No","200000453","","offline"
"100000786","","100000786","Qcells","","","","","Newhall Avenue Santa Clarita CA 91321","CA","","","False","False","","","","","","","","","No","100000786","","offline"
"200000099","","200000099","Qcells","","","","","123 Irvine CA 92612123","CA","","","False","False","","","","","","","","","No","200000099","","offline"
"200000513","","200000513","Qcells","","","","","1234 E Gun Hill Rd Bronx County NY 10469","NY","Qcells","False","False","False","","","","","","","","","No","200000513","","offline"
"200000466","","200000466","Qcells","","","","","New York City Hall New York NY 10007","NY","","","False","False","","","","","","","","","No","200000466","","offline"
"100003834","","100003834","Qcells","","","","","- - UN 04541","UN","","","False","False","","","","","","","","","No","100003834","","offline"
"400002153","","4344575Ericka","SolarEdge","","","","","7890 Cedar Rd Fresno CA 93701","CA","","","False","False","","","","","","","","","No","400002153","","offline"
"400003367","","0000000","Enphase","","","","","900 Marry St San Jose CA 95138","CA","","","False","False","","","","","","","","","No","APPTPO-Test-dev156","156","offline"
"400005750","","SS20240612","Qcells","Tesla","d45c9f12-61f9-4d3a-a630-3522704ce646","Chivate Yogesh","yogesh@yopmail.com","31755 Alvarado Blvd AV Union City FL 94587","FL","Demo Installer","True","True","False","","325","6.02","ENPHASE_ENERGY_INC_-IQ8M_72_M_US__240V_","Enphase Energy Inc.","MicroInverter","IQ8M-72-M-US [240V]","","No","Tesla_TEST_AVAI_AD_0071","","offline"
"100001526","","100001526","Qcells","","","","","Murica Aisle Irvine CA 92614","CA","","","False","False","","","","","","","","","No","100001526","","offline"
"100004332","","100004332","Qcells","","","","","Vermont St Lawrence KS 66044","KS","","","False","False","","","","","","","","","No","100004332","","offline"
"200000459","","200000459","Qcells","","","","","New York City Hall New York NY 10007","NY","","","False","False","","","","","","","","","No","200000459","","offline"
"100000546","","100000546","Qcells","","","","","Warburton Avenue Santa Clara CA 06766","CA","","False","False","False","","","","","","","","","No","100000546","","offline"
"400002315","","3955874","SolarEdge","","","","","7890 Cedar Rd Fresno CA 93701","CA","","","False","False","","","","","","","","","No","400002315","","offline"
"100004444","","100004444","Qcells","","","Jiungshintest Jiungshintest","jiung.shin22@qcells.com","Oak Street Kansas City MO 64106","MO","","False","False","False","","7600","0","QCELLS-Q_HOME_CORE_A7_6B13_1","Qcells","Inverter","Q.HOME CORE A7.6B13.1","BatteryInverter","No","100004444","","offline"
"400002263","","S123456789","Qcells","","","","","321 Elm Street Los Angeles CA 90001","CA","","","False","False","","","","","","","","","No","134897","","offline"
"200020040","","200020040","Qcells","","","","","Test street info Test patchCity TX 75001","TX","","","False","False","","","","","","","","","No","200020040","","offline"
"100000407","","100000407","Qcells","","","","","- - UN 04541","UN","","False","False","False","","","","","","","","","No","100000407","","offline"
"100000150","","100000150","Qcells","","","","","- Union Park FL 83833938","FL","","False","False","False","","","","","","","","","No","100000150","","offline"
"100001642","","100001642","Qcells","","","","","- - UN 04541","UN","","","False","False","","","","","","","","","No","100001642","","offline"
"400002250","","S123456789","Qcells","","","","","321 Elm Street Los Angeles CA 90001","CA","","","False","False","","","","","","","","","No","927654","","offline"
"100000553","","100000553","Qcells","","","","","Vermont Street Lawrence KS 03088","KS","","False","False","False","","","","","","","","","No","100000553","","offline"
"400005383","","SS188K901J","Qcells","","","","","501 2nd St San Francisco CA 94102","CA","","False","True","True","628acb4f-2acc-4d1b-bda0-a458fe2d4075","","","","","","","","No","ASSET-20250120-C777","","offline"
"100004424","","100004424","Qcells","","","","","- San Francisco CA 94108","CA","","","False","False","","","","","","","","","No","100004424","","offline"
"200020022","","200020022","Qcells","","","","","31755 Alvarado Blvd AV Union City CA 94587","CA","","","False","False","","","","","","","","","No","TESLA_Test_AV_LS_1051","","offline"
"200000517","","200000517","Qcells","","","","","4561 W Colorado Blvd Los Angeles CA 90039","CA","Qcells","False","False","False","","","","","","","","","No","200000517","","offline"
"100003846","","100003846","Qcells","","","","","- - KS 03088","KS","","","False","False","","","","","","","","","No","100003846","","offline"
"110005886","","110005886","Qcells","Qcells","SSNENXZHQF","ChanHyup Kim","chanhyup.kim@qcells.com","501 2nd St San Francisco CA 94107","CA","Demo Installer","True","False","False","","7593","9.02","QCELLS-Q_VOLT_H7_6SX","Qcells","Inverter","Q.VOLT H7.6SX","HybridInverter","No","APPTPO-2344416882","2344416882","offline"
"100004409","","100004409","Qcells","","","","","Oak Street Kansas City MO 64106","MO","","","False","False","","","","","","","","","No","100004409","","offline"
"200000174","","200000174","Qcells","","","","","76Q5+MG Cartersville GA 30184","GA","","False","False","False","","","","","","","","","No","200000174","","offline"
"200000530","","200000530","Qcells","","","","","New York City Hall New York NY 10007","NY","Qcells","False","False","False","","","","","","","","","No","200000530","","offline"
"400003423","","SSL49PRQAC","Qcells","","","ChanHyup Kim","chanhyup.kim@qcells.com","501 2nd St San Francisco CA 94107","CA","Demo Installer","True","True","False","","7593","9.02","QCELLS-Q_VOLT_H7_6SX","Qcells","Inverter","Q.VOLT H7.6SX","HybridInverter","No","APPTPO-2519991455","2519991455","offline"
"400005101","","115567818","SolarEdge","","","","","31542 Railroad Canyon Rd Canyon Lake CA 92587","CA","","","False","False","","","","","","","","","No","APPTPO-2508170559","2508170559","offline"
"200000413","","200000413","Qcells","","","","","New York City Hall New York NY 10007","NY","","","False","False","","","","","","","","","No","200000413","","offline"
"200000423","","200000423","Qcells","","","","","New York City Hall Irvine CA 92612","CA","","","False","False","","","","","","","","","No","200000423","","offline"
"200000571","","200000571","Qcells","","","","","New York City Hall New York NY 10007","NY","Dimension","False","False","False","","","","","","","","","No","200000571","","offline"
"400005759","","d45c9f12-61f9-4d3a-a630-3522704ce646","Tesla","Qcells","SS20240612","Chivate Yogesh","yogesh@yopmail.com","31755 Alvarado Blvd AV Union City TX 94587","TX","Demo Installer","True","True","False","","325","6.02","ENPHASE_ENERGY_INC_-IQ8M_72_M_US__240V_","Enphase Energy Inc.","MicroInverter","IQ8M-72-M-US [240V]","","No","Tesla_TEST_AVAI_AD_0085","","offline"
"200000595","","200000595","Qcells","","","","","New York City Hall New York NY 10007","NY","","","False","False","","","","","","","","","No","200000595","","offline"
"100000385","","100000385","Qcells","","","","","- - UN 04541","UN","","False","False","False","","","","","","","","","No","100000385","","offline"
"100004175","","100004175","Qcells","","","","","Vermont Street Union Park UN 10278","UN","","False","False","False","","","","","","","","","No","100004175","","offline"
"400002288","","S123456789","Qcells","","","","","321 Elm Street Los Angeles CA 90001","CA","","","False","False","","","","","","","","","No","125287","","offline"
"260212114","","260212114","Qcells","","","","","31755 Alvarado Blvd AV Union City CA 94587","CA","","","False","False","","","","","","","","","No","ACS-GEN2-114","","offline"
"400003428","","88520134185","SolarEdge","","","","","501 2nd St San Francisco CA 94107","CA","","","False","False","","","","","","","","","No","400003428","","offline"
"400005671","","577839","Enphase","","","Bakhtiar Test","sbahhsgatu101_01@yopmail.com","31291 Calle Villa Clara San Juan Capistrano CA 92675","CA","3I Atlas","True","True","False","","325","18.66","ENPHASE_ENERGY_INC_-IQ8M_72_M_US__240V_","Enphase Energy Inc.","MicroInverter","IQ8M-72-M-US [240V]","","No","APPTPO-2601184977","2601184977","offline"
"332244556","","332244556","Qcells","","","","","19947 Christopher Ln Santa Clarita CA 91350","CA","","","False","False","","","","","","","","","No","APPTPO-2508170355","2508170355","offline"
"121212111","","121212111","Qcells","","","zkjxcjnd tesg","bcbhdsdmtu101_01@yopmail.com","5534 Cahuenga Blvd Los Angeles CA 91601","CA","3I Atlas","True","True","False","","349","9.03","QCELLS-Q_MI_349B_G1__240V_","Qcells","MicroInverter","Q.MI.349B-G1 [240V]","","No","APPTPO-2601184720","2601184720","offline"
"100004197","","100004197","Qcells","","","","","11 11 CA 06543","CA","","","False","False","","","","","","","","","No","100004197","","offline"
"200000128","","200000128","Qcells","","","","","1535 Broadway, New York, NY 10036, USA New York NY 10036","NY","","","False","False","","","","","","","","","No","200000128","","offline"
"260001003","","260001003","Qcells","","","","","Test patch 3 Street Test 2 patchCity TX 75001","TX","","False","False","False","","","","","","","","","No","260001003","","offline"
"100004415","","100004415","Qcells","","","DEVC3 QA DEVC3 QA","youngguk.bae@qcells.com","Stanford Ln El Dorado Hills CA 95762","CA","","False","False","False","","7600","0","QCELLS-Q_HOME_CORE_A7_6B13_1","Qcells","Inverter","Q.HOME CORE A7.6B13.1","BatteryInverter","No","100004415","","offline"
"100003605","","100003605","Qcells","","","John Anon","john.anon@example.com","123 Anon Street Anon City TX 75001","TX","Anon Solar Company","True","True","False","","","","","","","","","No","ANON-123456789F","","offline"
"200000410","","200000410","Qcells","","","","","New York City Hall New York NY 10007","NY","","","False","False","","","","","","","","","No","200000410","","offline"
"100099930","","100099930","Qcells","","","","","Somewhere El Dorado Hills CA 95762","CA","","","False","False","","","","","","","","","No","10009901","","offline"
"400003349","","0000000","Enphase","","","","","900 Marry St San Jose CA 95138","CA","","","False","False","","","","","","","","","No","APPTPO-Test-dev139","139","offline"
"100000748","","100000748","Qcells","","","","","Murica Aisle Irvine CA 92614","CA","","","False","False","","","","","","","","","No","100000748","","offline"
"400005147","","0aab7d47-ddaf-4a6e-bbe4-d010ba285555","Tesla","Qcells","S332211111","Boricua Tribu","boricuatribunaltu101_01@yopmail.com","8 Av. de la Constitución Centro Viejo San Juan San Juan PR 00918","PR","Aurora Solar","True","True","False","","","","","","","","","No","APPTPO-Test-devd00","00","offline"
"400005105","","234234234","SolarEdge","","","","","19687 Christopher Ln Santa Clarita CA 91350","CA","","","False","False","","","","","","","","","No","APPTPO-2508170581","2508170581","offline"
"400003376","","0000000","Enphase","","","","","900 Marry St San Jose CA 95138","CA","","","False","False","","","","","","","","","No","APPTPO-Test-dev167","167","offline"
"100000671","","100000671","Qcells","","","","","- - CA 06766","CA","","","False","False","","","","","","","","","No","100000671","","offline"
"400005695","","d45c9f12-61f9-4d3a-a630-3522704ce646","Tesla","","","Chivate Yogesh","yogesh@yopmail.com","31755 Alvarado Blvd AV Union City CA 94587","CA","Demo Installer","True","True","False","","325","6.02","ENPHASE_ENERGY_INC_-IQ8M_72_M_US__240V_","Enphase Energy Inc.","MicroInverter","IQ8M-72-M-US [240V]","","No","Tesla_TEST_AVAI_AD_0018","","offline"
"400005643","","ASSET-20250115-C987","Enphase","","","test fl","fl@yopmail.com","501 2nd St San Francisco CA 94107","CA","Demo Installer","True","True","False","","3805","20.91","QCELLS-Q_VOLT_H3_8SX","Qcells","Inverter","Q.VOLT H3.8SX","HybridInverter","No","ASSET-20250115-C987","","offline"
"200000500","","200000500","Qcells","","","","","San Francisco SF CA 94128","CA","Qcells","False","False","False","","","","","","","","","No","200000500","","offline"
"400005704","","d45c9f12-61f9-4d3a-a630-3522704ce646","Tesla","","","Chivate Yogesh","yogesh@yopmail.com","31755 Alvarado Blvd AV Union City CA 94587","CA","Demo Installer","True","True","False","","325","6.02","ENPHASE_ENERGY_INC_-IQ8M_72_M_US__240V_","Enphase Energy Inc.","MicroInverter","IQ8M-72-M-US [240V]","","No","Tesla_TEST_AVAI_AD_0028","","offline"
"100000071","","100000071","Qcells","","","case3yw case3yw","yewonkim@qcells.com","- - UN 04541","UN","","False","False","False","","","","","","","","","No","100000071","","offline"
"100000781","","100000781","Qcells","","","","","Newhall Avenue Santa Clarita CA 91321","CA","","","False","False","","","","","","","","","No","100000781","","offline"
"200000546","","200000546","Qcells","","","","","1535 Broadway, New York, NY 10036, USA New York NY 10036","NY","","","False","False","","","","","","","","","No","200000546","","offline"
"400005758","","d45c9f12-61f9-4d3a-a630-3522704ce646","Tesla","Qcells","SS20240612","Chivate Yogesh","yogesh@yopmail.com","31755 Alvarado Blvd AV Union City TX 94587","TX","Demo Installer","True","True","False","","325","6.02","ENPHASE_ENERGY_INC_-IQ8M_72_M_US__240V_","Enphase Energy Inc.","MicroInverter","IQ8M-72-M-US [240V]","","No","Tesla_TEST_AVAI_AD_0084","","offline"
"195422089","","195422089","Qcells","","","","","11021 Cashmere St Los Angeles CA 90049","CA","","","False","False","","","","","","","","","No","APPTPO-2511180137","2511180137","offline"
"200000430","","200000430","Qcells","","","","","New York City Hall New York NY 10007","NY","","","False","False","","","","","","","","","No","200000430","","offline"
"100004056","","100004056","Qcells","","","","","- - UN 04541","UN","","","False","False","","","","","","","","","No","100004056","","offline"
"400005664","","SDDFGHJKJK","Qcells","","","AuroOne Test","auro1tu101_01@yopmail.com","41545 Ivy St Murrieta CA 92562","CA","3I Atlas","True","True","False","","349","39.99","QCELLS-Q_MI_349B_G1__240V_","Qcells","MicroInverter","Q.MI.349B-G1 [240V]","","No","APPTPO-2601184398","2601184398","offline"
"100000001","","100000001","Qcells","","","LabTest0003 LabTest0003","LabTest0003@qcells.com","Vermont Street Lawrence KS 03088","KS","","False","False","False","","","","","","","","","No","100000001","","offline"
"100006780","","100006780","Qcells","","","","","501 2nd ST Port St. Lucie FL 34953","FL","","False","False","False","","","","","","","","","No","ASSET-20240219-C094","","offline"
"200000570","","200000570","Qcells","","","","","New York City Hall New York NY 10007","NY","Test-2026","False","False","False","","","","","","","","","No","200000570","","offline"
"400005712","","d45c9f12-61f9-4d3a-a630-3522704ce646","Tesla","","","Chivate Yogesh","yogesh@yopmail.com","31755 Alvarado Blvd AV Union City CA 94587","CA","Demo Installer","True","True","False","","325","6.02","ENPHASE_ENERGY_INC_-IQ8M_72_M_US__240V_","Enphase Energy Inc.","MicroInverter","IQ8M-72-M-US [240V]","","No","Tesla_TEST_AVAI_AD_0036","","offline"
"400002147","","88520134185","SolarEdge","","","","","501 2nd St San Francisco CA 94107","CA","","","False","False","","","","","","","","","No","400002147","","offline"
"200000507","","200000507","Qcells","","","","","1237 Harding Pl Charlotte NC 28204","NC","Qcells","False","False","False","","","","","","","","","No","200000507","","offline"
"400005677","","00555518181841","Tesla","","","","","501 2nd St San Francisco CA 94107","CA","","","False","False","","","","","","","","","No","400005677","","offline"
"100004199","","100004199","Qcells","","","","","11 11 CA 06543","CA","","","False","False","","","","","","","","","No","100004199","","offline"
"400005013","","0000000","Enphase","","","","","900 Marry St San Jose CA 95138","CA","","","False","False","","","","","","","","","No","APPTPO-Test-dev2721753213009692","2721753213009692","offline"
"100000208","","100000208","Qcells","","","","","- - UN 04541","UN","","False","False","False","","","","","","","","","No","100000208","","offline"
"200000383","","200000383","Qcells","","","","","University University NC 27705","NC","","False","False","False","","","","","","","","","No","200000383","","offline"
"200000374","","200000374","Qcells","","","","","New York City Hall New York NY 10007","NY","","False","False","False","","","","","","","","","No","200000374","","offline"
"400005775","","d45c9f12-61f9-4d3a-a630-3522704ce646","Tesla","","","Chivate Yogesh","yogesh@yopmail.com","31755 Alvarado Blvd AV Union City CA 94587","CA","Demo Installer","True","True","True","d0aff37b-6b04-4432-9cbd-02e0045ddec0","325","6.02","ENPHASE_ENERGY_INC_-IQ8M_72_M_US__240V_","Enphase Energy Inc.","MicroInverter","IQ8M-72-M-US [240V]","","No","Tesla_TEST_AVAI_AD_0088","","offline"
"100000166","","100000166","Qcells","","","","","Warburton Avenue Santa Clara CA 06766","CA","","True","False","False","","","","","","","","","No","100000166","","offline"
"100003819","","100003819","Qcells","","","","","- - KS 03088","KS","","","False","False","","","","","","","","","No","100003819","","offline"
"400003433","","88520134185","SolarEdge","","","","","501 2nd St San Francisco CA 94107","CA","","","True","False","","","","","","","","","No","400003433","","offline"
"200000419","","200000419","Qcells","","","","","3400 Sky Hbr Blvd Phoenix AZ 85034","AZ","","","False","False","","","","","","","","","No","200000419","","offline"
"200000359","","200000359","Qcells","","","","","1515 W Dallas Ave McAllen TX 78501","TX","","False","False","False","","","","","","","","","No","200000359","","offline"
"100000344","","100000344","Qcells","","","","","Vermont Street Lawrence KS 03088","KS","","False","False","False","","","","","","","","","No","100000344","","offline"
"200020001","","200020001","Qcells","","","","","31755 Alvarado Blvd AV Union City CA 94587","CA","","","False","False","","","","","","","","","No","TESLA_Test_AV_LS_1037","","offline"
"200000552","","200000552","Qcells","","","","","New York City Hall New York NY 10007","NY","Qcells Test Account","False","False","False","","","","","","","","","No","200000552","","offline"
"176807307","","176807307","Qcells","","","","","32193 CA-18 Lucerne Valley CA 92356","CA","","","False","False","","","","","","","","","No","APPTPO-2511180139","2511180139","offline"
"100000731","","100000731","Qcells","","","","","- - KS 03088","KS","","","False","False","","","","","","","","","No","100000731","","offline"
"400005786","","00555518181841","Tesla","","","","","501 2nd St San Francisco CA 94107","CA","","","False","False","","","","","","","","","No","400005786","","offline"
"200000417","","200000417","Qcells","","","","","New York City Hall New York NY 10007","NY","","","False","False","","","","","","","","","No","200000417","","offline"
"100000142","","100000142","Qcells","","","","","- Santa Clara CA 06766","CA","","False","False","False","","","","","","","","","No","100000142","","offline"
"200020021","","200020021","Qcells","","","","","31755 Alvarado Blvd AV Union City CA 94587","CA","","","False","False","","","","","","","","","No","TESLA_Test_AV_LS_1050","","offline"
"200000598","","200000598","Qcells","","","","","East Elmhurst Queens County NY 11371","NY","","","False","False","","","","","","","","","No","200000598","","offline"
"400003432","","88520134185","SolarEdge","","","","","501 2nd St San Francisco CA 94107","CA","","","False","False","","","","","","","","","No","400003432","","offline"
"200060002","","200060002","Qcells","","","","","Test patch 3 Street Test 2 patchCity TX 75001","TX","Demo Installer","False","False","False","","","","","","","","","No","200060002","","offline"
"400005492","","789456789","Tesla","","","","","254 Moore St Richwood TX 77531","TX","","","True","False","","","","","","","","","No","400005492","","offline"
"200000355","","200000355","Qcells","","","","","New York City Hall New York NY 10007","NY","","False","False","False","","","","","","","","","No","200000355","","offline"
"400005504","","111200000751","Enphase","","","","","707 Vermont St Lawrence KS 66044","KS","","False","False","False","","","","","","","","","No","400005504","","offline"
"400003401","","0000000","Enphase","","","","","900 Marry St San Jose CA 95138","CA","","","False","False","","","","","","","","","No","APPTPO-Test-dev199","199","offline"
"400003425","","SSL49PRCAA","Qcells","","","ChanHyup Kim","chanhyup.kim@qcells.com","501 2nd St San Francisco CA 94107","CA","Demo Installer","True","True","False","","7593","9.02","QCELLS-Q_VOLT_H7_6SX","Qcells","Inverter","Q.VOLT H7.6SX","HybridInverter","No","APPTPO-2519991457","2519991457","offline"
"400005065","","S3124689we","SolarEdge","","","","","9134 Cll Vejar Rancho Cucamonga CA 91730","CA","","","False","False","","","","","","","","","No","APPTPO-2507168352","2507168352","offline"
"100000189","","100000189","Qcells","","","","","- - UN 04541","UN","","False","False","False","","","","","","","","","No","100000189","","offline"
"100003823","","100003823","Qcells","","","","","- - KS 03088","KS","","","False","False","","","","","","","","","No","100003823","","offline"
"400005347","","50000000","Enphase","","","","","6416 Wilton Dr Fort Worth TX 76133","TX","","","False","False","","","","","","","","","No","400005347","","offline"
"400005345","","1000001111","Tesla","","","","","1515 Wyatt Dr Santa Clara CA 95054","CA","","","False","False","","","","","","","","","No","1000001111","","offline"
"100004329","","100004329","Qcells","","","","","Vermont St Lawrence KS 66044","KS","","","False","False","","","","","","","","","No","100004329","","offline"
"100004174","","100004174","Qcells","","","","","Vermont Street Union Park KS 10278","KS","","","False","False","","","","","","","","","No","100004174","","offline"
"100000780","","100000780","Qcells","","","","","Newhall Avenue Santa Clarita CA 91321","CA","","","False","False","","","","","","","","","No","100000780","","offline"
"200000584","","200000584","Qcells","","","","","New York City Hall New York NY 10007","NY","Qcells","False","False","False","","","","","","","","","No","200000584","","offline"
"200000452","","200000452","Qcells","","","","","New York City Hall New York NY 10007","NY","","","False","False","","","","","","","","","No","200000452","","offline"
"100000207","","100000207","Qcells","","","","","- - UN 04541","UN","","False","False","False","","","","","","","","","No","100000207","","offline"
"260001602","","260001602","Qcells","","","","","231 Cortland Ave San Francisco CA 94110","CA","Qcells","False","False","False","","","","","","","","","No","260001602","","offline"
"400003375","","0000000","Enphase","","","","","900 Marry St San Jose CA 95138","CA","","","False","False","","","","","","","","","No","APPTPO-Test-dev152","152","offline"
"200000360","","200000360","Qcells","","","","","12125 Day St Moreno Valley CA 92557","CA","","False","False","False","","","","","","","","","No","200000360","","offline"
"200000425","","200000425","Qcells","","","","","New York City Hall Irvine CA 92612","CA","","","False","False","","","","","","","","","No","200000425","","offline"
"100000768","","100000768","Qcells","","","","","- - UN 04541","UN","","","False","False","","","","","","","","","No","100000768","","offline"
"176542309","","176542309","Qcells","","","","","3191 E La Palma Ave Anaheim CA 92806","CA","","","False","False","","","","","","","","","No","APPTPO-2506164710","2506164710","offline"
"200000511","","200000511","Qcells","","","","","7860 Gate Pkwy Jacksonville FL 32256","FL","Qcells","False","False","False","","","","","","","","","No","200000511","","offline"
"100000175","","100000175","Qcells","","","","","Warburton Avenue Santa Clara CA 06766","CA","","False","False","False","","","","","","","","","No","100000175","","offline"
"100000779","","100000779","Qcells","","","","","Newhall Avenue Santa Clarita CA 91321","CA","","","False","False","","","","","","","","","No","100000779","","offline"
"100099913","","100099913","Qcells","","","DEVC3 NYM DEVC3 NYM","happy.yunmin@gmail.com","Somewhere El Dorado Hills CA 95762","CA","","False","False","False","","7600","0","QCELLS-Q_HOME_CORE_A7_6B13_1","Qcells","Inverter","Q.HOME CORE A7.6B13.1","BatteryInverter","No","100099913","","offline"
"400005342","","0aab7d47-ddaf-4a6e-bbe4-d010ba285555","Tesla","Qcells","S332211111","Boricua Tribu","boricuatribunaltu101_01@yopmail.com","8 Av. de la Constitución Centro Viejo San Juan San Juan PR 00918","PR","Aurora Solar","True","True","False","","","","","","","","","No","APPTPO-250516json4onm","2505164","offline"
"400005667","","00555518181841","Tesla","","","","","501 2nd St San Francisco CA 94107","CA","","","False","False","","","","","","","","","No","400005667","","offline"
"200000591","","200000591","Qcells","","","","","New York City Hall New York NY 10007","NY","","","False","False","","","","","","","","","No","200000591","","offline"
"400003383","","0000000","Enphase","","","","","900 Marry St San Jose CA 95138","CA","","","False","False","","","","","","","","","No","APPTPO-Test-dev173","173","offline"
"178378999","","178378999","Qcells","","","","","1304 SE 19th St Cape Coral FL 33990","FL","","","False","False","","","","","","","","","No","APPTPO-2511179662","2511179662","offline"
"100000156","","100000156","Qcells","","","","","Christmas Boulevard Santa Claus IN 47579","IN","","False","False","False","","","","","","","","","No","100000156","","offline"
"400000015","","SSL49PRQQE","Qcells","","","ChanHyup Kim","chanhyup.kim@qcells.com","501 2nd St San Francisco CA 94107","CA","Demo Installer","","True","True","ab6ecf9d-8074-4694-a4d8-4a34b4bd0cab","7608","9.02","QCELLS-Q_VOLT_H7_6SX","Qcells","Inverter","Q.VOLT H7.6SX","HybridInverter","No","APPTPO-2519991449","2519991449","offline"
"200000604","","200000604","Qcells","","","","","New York City Hall New York NY 10007","NY","","","False","False","","","","","","","","","No","200000604","","offline"
"200000457","","200000457","Qcells","","","","","New York City Hall New York NY 10007","NY","","","False","False","","","","","","","","","No","200000457","","offline"
"400005158","","DTID-EXTRACTION-TEST-OEM-SITE-ID","Dersec","","","","","1100 Congress Ave Austin TX 78701","TX","","False","False","False","","7600","0","QCELLS-Q_VOLT_H3_8SX","Qcells","Inverter","Q.VOLT H3.8SX","HybridInverter","No","DTID-EXTRACTION-TEST-ACCOUNT-NUMBER","","offline"
"400002367","","4344575Ericka","SolarEdge","","","","","7890 Cedar Rd Fresno CA 93701","CA","","","False","False","","","","","","","","","No","400002367","","offline"
"200000589","","200000589","Qcells","","","","","12334 Cantura St Los Angeles CA 91604","CA","Test N 24","False","False","False","","","","","","","","","No","200000589","","offline"
"400003598","","0000000","Enphase","","","Adriana Arreola","adriana.arreola13@yahoo.com","900 Marry St San Jose CA 95138","CA","","True","True","False","","","","","","","","","No","APPTPO-Test-dev986","986","offline"
"400005771","","SS20240612","Qcells","Tesla","d45c9f12-61f9-4d3a-a630-3522704ce646","Chivate Yogesh","yogesh@yopmail.com","31755 Alvarado Blvd AV Union City CA 94587","CA","Demo Installer","True","True","False","","325","6.02","ENPHASE_ENERGY_INC_-IQ8M_72_M_US__240V_","Enphase Energy Inc.","MicroInverter","IQ8M-72-M-US [240V]","","No","Tesla_TEST_AVAI_AD_0087","","offline"
"100000785","","100000785","Qcells","","","","","Newhall Avenue Santa Clarita CA 91321","CA","","","False","False","","","","","","","","","No","100000785","","offline"
"400002346","","S123456789","Qcells","","","","","321 Elm Street Los Angeles CA 90001","CA","","","False","False","","","","","","","","","No","APPTPO-2505163077","2505163077","offline"
"400005346","","d45c9f12-61f9-4d3a-a630-3522704ce000","Tesla","","","","","6416 Wilton Dr Fort Worth TX 76133","TX","","","False","False","","","","","","","","","No","400005346","","offline"
"100003609","","100003609","Qcells","","","John Anon","john.anon@example.com","123 Anon Street Anon City TX 75001","TX","Anon Solar Company","True","True","False","","","","","","","","","No","ANON-123456789K","","offline"
"400005849","","SW4DXFFNKA","Qcells","","","ChanHyup Kim","chanhyup.kim@qcells.com","501 2nd St San Francisco CA 94107","CA","Demo Installer","True","False","False","","7593","9.02","QCELLS-Q_VOLT_H7_6SX","Qcells","Inverter","Q.VOLT H7.6SX","HybridInverter","No","APPTPO-2324496843","2324496843","offline"
"100004318","","100004318","Qcells","","","","","- - UN 04541","UN","","","False","False","","","","","","","","","No","100004318","","offline"
"260000014","","260000014","Qcells","","","","","Test patch 3 Street Test 2 patchCity TX 75001","TX","","False","False","False","","","","","","","","","No","260000014","","offline"
"200000495","","200000495","Qcells","","","","","New York City Hall New York NY 10007","NY","","","False","False","","","","","","","","","No","200000495","","offline"
"200000456","","200000456","Qcells","","","","","New York City Hall New York NY 10007","NY","","","False","False","","","","","","","","","No","200000456","","offline"
"400002350","","S123456789","Qcells","","","","","321 Elm Street Los Angeles CA 90001","CA","","","False","False","","","","","","","","","No","APPTPO-2505163091","2505163091","offline"
"200000581","","200000581","Qcells","","","","","100 Universal City Plaza Los Angeles County CA 91608","CA","Qcells","False","False","False","","","","","","","","","No","200000581","","offline"
"260001004","","260001004","Qcells","","","","","Test patch 3 Street Test 2 patchCity TX 75001","TX","","False","False","False","","","","","","","","","No","260001004","","offline"
"100000384","","100000384","Qcells","","","","","- - UN 04541","UN","","False","False","False","","","","","","","","","No","100000384","","offline"
"400005252","","SSEBJ2HHCC","Qcells","","","ChanHyup Kim","chanhyup.kim@qcells.com","501 2nd St San Francisco CA 94107","CA","Demo Installer","True","True","False","","7593","9.02","QCELLS-Q_VOLT_H7_6SX","Qcells","Inverter","Q.VOLT H7.6SX","HybridInverter","No","APPTPO-2329496109","2329496109","offline"
"260001007","","260001007","Qcells","","","","","Test patch 3 Street Test 2 patchCity TX 75001","TX","","False","False","False","","","","","","","","","No","260001007","","offline"
"400005865","","4675022","SolarEdge","","","Chivate Yogesh","yogesh@yopmail.com","31755 Alvarado Blvd AV Union City CA 94587","CA","Demo Installer","True","False","False","","","","","","","","","No","TEST_AVAI_AD_0202","","offline"
"200020049","","200020049","Qcells","","","","","Test patch 3 Street Test 2 patchCity TX 75001","TX","Demo Installer","False","False","False","","","","","","","","","No","ACSGEN2_Test_AV_LS_20019","","offline"
"100000224","","100000224","Qcells","","","","","Warburton Avenue Santa Clara CA 06766","CA","","False","False","False","","","","","","","","","No","100000224","","offline"
"200000421","","200000421","Qcells","","","","","New York City Hall New York NY 10007","NY","","","False","False","","","","","","","","","No","200000421","","offline"
"400005642","","ASSET-20250115-C986","Enphase","","","test fl","fl@yopmail.com","501 2nd St San Francisco CA 94107","CA","Demo Installer","True","True","False","","3805","20.91","QCELLS-Q_VOLT_H3_8SX","Qcells","Inverter","Q.VOLT H3.8SX","HybridInverter","No","ASSET-20250115-C986","","offline"
"110000012","","110000012","Qcells","","","F Test L Test","testuser@yopmail.com","501 2nd St San Francisco CA 94107","CA","","True","False","False","","","","","","","","","No","110000012","","offline"
"400005809","","50090070","Enphase","","","Chivate Yogesh","yogesh@yopmail.com","31755 Alvarado Blvd AV Union City CA 94587","CA","Demo Installer","True","True","False","","325","6.02","ENPHASE_ENERGY_INC_-IQ8M_72_M_US__240V_","Enphase Energy Inc.","MicroInverter","IQ8M-72-M-US [240V]","","No","Tesla_TEST_AVAI_AD_0138","","offline"
"100000736","","100000736","Qcells","","","","","- - KS 03088","KS","","","False","False","","","","","","","","","No","100000736","","offline"
"400005765","","9604870a-12fc-4fd8-a72d-46a2111bbbef","Tesla","","","Maharshi test","maharshitestetetu101_01@yopmail.com","2652 SW 29th Ave Cape Coral FL 33914","FL","3I Atlas","True","True","False","","","","","","","","","No","PTD-INGEST-FULL-Enfin-0007","","offline"
"100003601","","100003601","Qcells","","","John Anon","john.anon@example.com","123 Anon Street Anon City TX 75001","TX","Anon Solar Company","True","True","False","","349","13.76","QCELLS-Q_MI_349B_G1__240V_","Qcells","MicroInverter","Q_MI_349B_G1__240V_","","No","ANON-1234567890","","offline"
"110005884","","110005884","Qcells","Enphase","5819039","ChanHyup Kim","chanhyup.kim@qcells.com","501 2nd St San Francisco CA 94107","CA","Demo Installer","True","False","False","","7593","9.02","QCELLS-Q_VOLT_H7_6SX","Qcells","Inverter","Q.VOLT H7.6SX","HybridInverter","No","APPTPO-2344416880","2344416880","offline"
"400003334","","0000000","Enphase","","","","","900 Marry St San Jose CA 95138","CA","","","False","False","","","","","","","","","No","APPTPO-Test-dev101","101","offline"
"200000172","","200000172","Qcells","","","","","5001 Great America Pkwy Santa Clara CA 95054","CA","","False","False","False","","","","","","","","","No","200000172","","offline"
"100000784","","100000784","Qcells","","","","","Newhall Avenue Santa Clarita CA 91321","CA","","","False","False","","","","","","","","","No","100000784","","offline"
"100099901","","100099901","Qcells","","","John Anon","john.anon@example.com","123 Anon Street Anon City TX 75001","TX","Anon Solar Company","True","True","False","","7600","0","QCELLS-Q_HOME_CORE_A7_6B13_1","Qcells","Inverter","Q.HOME CORE A7.6B13.1","BatteryInverter","No","ANON-123456ACM1","","offline"
"400005882","","cb0e6650-2431-4f1b-b548-a808c70e35a1","Tesla","Qcells","SSDQYJ5ZPK","ChanHyup Kim","chanhyup.kim@qcells.com","501 2nd St San Francisco CA 94107","CA","Demo Installer","True","False","False","","7593","9.02","QCELLS-Q_VOLT_H7_6SX","Qcells","Inverter","Q.VOLT H7.6SX","HybridInverter","No","APPTPO-2344416877","2344416877","offline"
"100009876","","100009876","Qcells","","","","","501 2nd ST Port St. Lucie FL 34953","FL","","False","False","False","","","","","","","","","No","ASSET-20240219-C074","","offline"
"200000349","","200000349","Qcells","","","","","New York City Hall New York NY 10007","NY","","False","False","False","","","","","","","","","No","200000349","","offline"
"400005385","","ASSET-20250118-C599","Enphase","","","","","12144 Kay Dr N Florida CA 33772","CA","","False","True","True","3588f1f4-a600-4290-889d-cf638c8646cf","","","","","","","","No","ASSET-20250120-C778","","offline"
"400005378","","ASSET-20250118-C599","Enphase","","","","","12144 Kay Dr N Florida CA 33772","CA","","False","True","True","fc5dfab9-aa67-4e21-b189-27c3eaef6461","","","","","","","","No","ASSET-20250120-C699","","offline"
"100000086","","100000086","Qcells","","","case1yw case1yw","yewonkim@qcells.com","- - UN 04541","UN","","False","False","False","","","","","","","","","No","100000086","","offline"
"400005851","","SSH4NU38AJ","Qcells","","","","","501 2nd St San Francisco CA 94107","CA","","","False","False","","","","","","","","","No","APPTPO-2344496841","2344496841","offline"
"200000353","","200000353","Qcells","","","","","New York City Hall New York NY 10007","NY","","False","False","False","","","","","","","","","No","200000353","","offline"
"200000593","","200000593","Qcells","","","","","New York City Hall New York NY 10007","NY","","","False","False","","","","","","","","","No","200000593","","offline"
"100003985","","100003985","Qcells","","","","","Newhall Avenue Santa Clarita CA 91321","CA","","","False","False","","","","","","","","","No","100003985","","offline"
"400002261","","S123456789","Qcells","","","","","321 Elm Street Los Angeles CA 90001","CA","","","False","False","","","","","","","","","No","134888","","offline"
"190001925","","190001925","Qcells","","","ChanHyup Kim","chanhyup.kim@qcells.com","223 Fawn Ridge Drive Copperas Cove TX 76522","TX","Demo Installer","True","True","False","","3805","9.02","QCELLS-Q_VOLT_H3_8SX","Qcells","Inverter","Q.VOLT H3.8SX","HybridInverter","No","APPTPO-2412332022","2412332022","offline"
"200040013","","200040013","Qcells","","","","","231 Cortland Ave San Francisco CA 94110","CA","","","False","False","","","","","","","","","No","200040013","","offline"
"260000012","","260000012","Qcells","","","","","Test patch 3 Street Test 2 patchCity TX 75001","TX","","False","False","False","","","","","","","","","No","260000012","","offline"
"200000605","","200000605","Qcells","","","","","New York City Hall New York NY 10007","NY","","","False","False","","","","","","","","","No","200000605","","offline"
"200000450","","200000450","Qcells","","","","","1535 Broadway, New York, NY 10036, USA New York NY 10036","NY","","","False","False","","","","","","","","","No","e440ff53-44da-ef11-8eea-00224809f11c","","offline"
"100000556","","100000556","Qcells","","","","","Vermont Street Lawrence KS 03088","KS","","","False","False","","","","","","","","","No","100000556","","offline"
"260000010","","260000010","Qcells","","","","","Test patch 3 Street Test 2 patchCity TX 75001","TX","","False","False","False","","","","","","","","","No","260000010","","offline"
"200000361","","200000361","Qcells","","","","","New York City Hall New York NY 10007","NY","","False","False","False","","","","","","","","","No","200000361","","offline"
"100000335","","100000335","Qcells","","","","","- - UN 04541","UN","","False","False","False","","","","","","","","","No","100000335","","offline"
"100000361","","100000361","Qcells","","","","","Münchener Straße Frankfurt am Main UN 60329","UN","","False","False","False","","","","","","","","","No","100000361","","offline"
"400005780","","00555518181841","Tesla","","","","","501 2nd St San Francisco CA 94107","CA","","","False","False","","","","","","","","","No","400005780","","offline"
"400005478","","7000002151","Tesla","","","","","2828 Trailwood Ct Clearwater FL 33761","FL","","","True","False","","","","","","","","","No","APPTPO-2505744090","2505744090","offline"
"260000008","","260000008","Qcells","","","","","Test patch 3 Street Test 2 patchCity TX 75001","TX","","False","False","False","","","","","","","","","No","260000008","","offline"
"200000498","","200000498","Qcells","","","","","New York City Hall New York NY 10007","NY","Qcells","False","False","False","","","","","","","","","No","200000498","","offline"
"400005377","","SS188K901J","Qcells","","","","","501 2nd St San Francisco CA 94102","CA","","","False","False","","","","","","","","","No","ASSET-20250120-C700","","offline"
"100000201","","100000201","Qcells","","","","","- - UN 08506","UN","","False","False","False","","","","","","","","","No","100000201","","offline"
"100003405","","100003405","Qcells","","","","","503 Cedar St Cedar Point IL 61316","IL","","","False","False","","","","","","","","","No","100003405","","offline"
"100001673","","100001673","Qcells","","","","","- - UN 04541","UN","","","False","False","","","","","","","","","No","100001673","","offline"
"200060021","","200060021","Qcells","","","","","Test patch 3 Street Test 2 patchCity CA 411033","CA","Demo Installer","False","False","False","","","","","","","","","No","DEV_ACSGEN2_AD-200060021","","offline"
"100000169","","100000169","Qcells","","","","","Warburton Avenue Santa Clara CA 06766","CA","","False","False","False","","","","","","","","","No","100000169","","offline"
"400003342","","0000000","Enphase","","","","","900 Marry St San Jose CA 95138","CA","","","False","False","","","","","","","","","No","APPTPO-Test-dev142","142","offline"
"200000428","","200000428","Qcells","","","","","New York City Hall New York NY 10007","NY","","","False","False","","","","","","","","","No","200000428","","offline"
"400005371","","ASSET-20250118-C599","Enphase","","","","","12144 Kay Dr N Florida CA 33772","CA","","False","True","True","cb6c2dd1-d35f-4ce9-b9ec-c0c3d90223e1","","","","","","","","No","ASSET-20250120-C613","","offline"
"200000599","","200000599","Qcells","","","","","Calle Sta. Clara, 11, 38002 Santa Cruz de Tenerife, Spain Santa Cruz de Tenerife UN 38002","UN","","","False","False","","","","","","","","","No","200000599","","offline"
"400005374","","ASSET-20250118-C599","Enphase","","","","","12144 Kay Dr N Florida CA 33772","CA","","False","True","True","b9f1840f-bb4e-4635-bf40-c00a32f24229","","","","","","","","No","ASSET-20250120-C614","","offline"
"100000167","","100000167","Qcells","","","","","Warburton Avenue Santa Clara CA 06766","CA","","False","False","False","","","","","","","","","No","100000167","","offline"
"400002405","","S789456212","Qcells","","","pepsi co","pepsicotu101_01@yopmail.com","4400 W Rialto Ave Visalia CA 93277","CA","","True","True","False","","3805","1.2","QCELLS-Q_VOLT_H3_8SX","Qcells","Inverter","Q.VOLT H3.8SX","HybridInverter","No","APPTPO-2506164432","2506164432","offline"
"200000406","","200000406","Qcells","","","","","New York City Hall Irvine CA 92612","CA","","","False","False","","","","","","","","","No","200000406","","offline"
"200000460","","200000460","Qcells","","","","","New York City Hall New York NY 10007","NY","","","False","False","","","","","","","","","No","200000460","","offline"
"400005777","","d45c9f12-61f9-4d3a-a630-3522704ce646","Tesla","","","","","31755 Alvarado Blvd AV2 Union City CA 94587","CA","","","False","False","","","","","","","","","No","TESLA_Test_AV_LS_1053","","offline"
"200000522","","200000522","Qcells","","","","","500 El Camino Real Santa Clara CA 95053","CA","Qcells","False","False","False","","","","","","","","","No","200000522","","offline"
"400002289","","S123456789","Qcells","","","","","321 Elm Street Los Angeles CA 90001","CA","","","False","False","","","","","","","","","No","125283","","offline"
"100000733","","100000733","Qcells","","","","","- - KS 03088","KS","","","False","False","","","","","","","","","No","100000733","","offline"
"200000514","","200000514","Qcells","","","","","456 W Camp St East Peoria IL 61611","IL","Qcells","False","False","False","","","","","","","","","No","200000514","","offline"
"200020026","","200020026","Qcells","","","","","Test patch 3 Street Test 2 patchCity TX 75001","TX","","False","False","False","","","","","","","","","No","GEN2_Test_AV_LS_2003","","offline"
"100000782","","100000782","Qcells","","","","","Newhall Avenue Santa Clarita CA 91321","CA","","","False","False","","","","","","","","","No","100000782","","offline"
"200060052","","200060052","Qcells","","","","","New York City Hall New York NY 10007","NY","Qcells","False","False","False","","","","","","","","","No","DEV_ACSGEN2_AD-200060052","","offline"
"100003818","","100003818","Qcells","","","","","- - KS 03088","KS","","False","False","False","","","","","","","","","No","100003818","","offline"
"400005068","","S3124689we","SolarEdge","","","","","9134 Cll Vejar Rancho Cucamonga CA 91730","CA","","","False","False","","","","","","","","","No","APPTPO-2507168353","2507168353","offline"
"112378984","","112378984","Qcells","","","Hype test","hypetu101_01@yopmail.com","901 E 31st St Los Angeles CA 90011","CA","Sebastian","True","True","False","","349","13.76","QCELLS-Q_MI_349B_G1__240V_","Qcells","MicroInverter","Q_MI_349B_G1__240V_","","No","APPTPO-2509174800","2509174800","offline"
"200040006","","200040006","Qcells","","","","","231 Cortland Ave San Francisco CA 94110","CA","","","False","False","","","","","","","","","No","200040006","","offline"
"200000404","","200000404","Qcells","","","","","500 El Camino Real Santa Clara CA 95053","CA","","","False","False","","","","","","","","","No","200000404","","offline"
"200000424","","200000424","Qcells","","","","","New York City Hall Irvine CA 92612","CA","","","False","False","","","","","","","","","No","200000424","","offline"
"100000279","","100000279","Qcells","","","","","- Jincheon UN 27816","UN","","False","False","False","","","","","","","","","No","100000279","","offline"
"400005739","","d45c9f12-61f9-4d3a-a630-3522704ce646","Tesla","","","Chivate Yogesh","yogesh@yopmail.com","31755 Alvarado Blvd AV Union City CA 94587","CA","Demo Installer","True","True","False","","325","6.02","ENPHASE_ENERGY_INC_-IQ8M_72_M_US__240V_","Enphase Energy Inc.","MicroInverter","IQ8M-72-M-US [240V]","","No","Tesla_TEST_AVAI_AD_0066","","offline"
"200000553","","200000553","Qcells","","","","","New York City Hall New York NY 10007","NY","Qcells Test Account","False","False","False","","","","","","","","","No","200000553","","offline"
"100000153","","100000153","Qcells","","","","","Warburton Avenue Santa Clara CA 06766","CA","","False","False","False","","","","","","","","","No","100000153","","offline"
"100000174","","100000174","Qcells","","","","","Warburton Avenue Santa Clara CA 06766","CA","","False","False","False","","","","","","","","","No","100000174","","offline"
"200000531","","200000531","Qcells","","","","","New York City Hall New York NY 10007","NY","Qcells","False","False","False","","","","","","","","","No","200000531","","offline"
"400005352","","SS188K901J","Qcells","","","","","501 2nd St San Francisco CA 94102","CA","","False","True","True","aff0a484-e790-430d-88d0-44b881accc2e","","","","","","","","No","ASSET-20250120-C600","","offline"
"100000734","","100000734","Qcells","","","","","- - KS 03088","KS","","","False","False","","","","","","","","","No","100000734","","offline"
"260000016","","260000016","Qcells","","","","","Test patch 3 Street Test 2 patchCity TX 75001","TX","","False","False","False","","","","","","","","","No","260000016","","offline"
"100004421","","100004421","Qcells","","","","","Oak Street Kansas City MO 64106","MO","","","False","False","","","","","","","","","No","100004421","","offline"
"100000638","","100000638","Qcells","","","","","- - KS 03088","KS","","","False","False","","","","","","","","","No","100000638","","offline"
"400005304","","ASSET-20250118-C669","Enphase","","","","","12144 Kay Dr N Florida CA 33772","CA","","False","True","True","a2fadcd2-f092-4101-9122-ffa668a3d216","","","","","","","","No","ASSET-20250120-C670","","offline"
"100000126","","100000126","Qcells","","","","","- - UN 04541","UN","","False","False","False","","","","","","","","","No","100000126","","offline"
"200060044","","200060044","Qcells","","","","","New York City Hall New York NY 10007","NY","Qcells","False","False","False","","","","","","","","","No","DEV_ACSGEN2_AD-200060044","","offline"
"100000521","","100000521","Qcells","","","","","Vermont Street Lawrence KS 03088","KS","","False","False","False","","","","","","","","","No","100000521","","offline"
"200000594","","200000594","Qcells","","","","","New York City Hall New York NY 10007","NY","","","False","False","","","","","","","","","No","200000594","","offline"
"400005214","","SRRRRZ8Y5U","Qcells","","","","","32192 Corte Florecita Temecula CA 92592","CA","","","False","False","","","","","","","","","No","APPTPO-2508171866","2508171866","offline"
"400005863","","4675021","SolarEdge","","","Chivate Yogesh","yogesh@yopmail.com","31755 Alvarado Blvd AV Union City CA 94587","CA","Demo Installer","True","False","False","","","","","","","","","No","TEST_AVAI_AD_0201","","offline"
"400003426","","SSL49PRCAB","Qcells","","","ChanHyup Kim","chanhyup.kim@qcells.com","501 2nd St San Francisco CA 94107","CA","Demo Installer","True","True","False","","7593","9.02","QCELLS-Q_VOLT_H7_6SX","Qcells","Inverter","Q.VOLT H7.6SX","HybridInverter","No","APPTPO-2519991458","2519991458","offline"
"200000412","","200000412","Qcells","","","","","New York City Hall New York NY 10007","NY","","","False","False","","","","","","","","","No","200000412","","offline"
"200060036","","200060036","Qcells","","","","","231 Cortland Ave San Francisco CA 94110","CA","Demo Installer","False","False","False","","","","","","","","","No","QA_ACSGEN2_AD-200060036","","offline"
"100099905","","100099905","Qcells","","","John Anon","john.anon@example.com","123 Anon Street Anon City TX 75001","TX","Anon Solar Company","True","True","False","","7600","0","QCELLS-Q_HOME_CORE_A7_6B13_1","Qcells","Inverter","Q.HOME CORE A7.6B13.1","BatteryInverter","No","ANON-123456ACM5","","offline"
"100000632","","100000632","Qcells","","","","","- - KS 03088","KS","","","False","False","","","","","","","","","No","100000632","","offline"
"100000767","","100000767","Qcells","","","","","- - UN 04541","UN","","","False","False","","","","","","","","","No","100000767","","offline"
"100000172","","100000172","Qcells","","","","","Warburton Avenue Santa Clara CA 06766","CA","","False","False","False","","","","","","","","","No","100000172","","offline"
"100003826","","100003826","Qcells","","","","","- - KS 03088","KS","","","False","False","","","","","","","","","No","100003826","","offline"
"400005632","","5432414","Enphase","","","Nishal test","nishalllltestt77tu101_01@yopmail.com","9932 Campo Road Spring Valley CA 91977","CA","Graphic Solar","True","True","False","","360","7.6","ENPHASE_ENERGY_INC_-IQ8HC_72_M_DOM_US__208V_","Enphase Energy Inc.","MicroInverter","IQ8HC-72-M-DOM-US [208V]","","No","APPTPO-2512182660","2512182660","offline"
"100000530","","100000530","Qcells","","","","","Vermont Street Lawrence KS 03088","KS","","False","False","False","","","","","","","","","No","100000530","","offline"
"100000783","","100000783","Qcells","","","","","Newhall Avenue Santa Clarita CA 91321","CA","","","False","False","","","","","","","","","No","100000783","","offline"
"400002172","","88520134185","SolarEdge","","","","","501 2nd St San Francisco CA 94107","CA","","","False","False","","","","","","","","","No","400002172","","offline"
"100000313","","100000313","Qcells","","","","","Warburton Avenue Santa Clara CA 95050","CA","","False","False","False","","","","","","","","","No","100000313","","offline"
"100000136","","100000136","Qcells","","","","","- Santa Clara CA 06766","CA","","False","False","False","","","","","","","","","No","100000136","","offline"
"100004380","","100004380","Qcells","","","","","- - UN 08506","UN","","","False","False","","","","","","","","","No","100004380","","offline"
"200060028","","200060028","Qcells","","","","","Test patch 3 Street Test 2 patchCity TX 75001","TX","Demo Installer","False","False","False","","","","","","","","","No","DEV_ACSGEN2_AD-200060028","","offline"
"200060054","","200060054","Qcells","","","","","New York City Hall New York NY 10007","NY","Qcells","False","False","False","","","","","","","","","No","DEV_ACSGEN2_AD-200060054","","offline"
"400002284","","4344575Ericka","SolarEdge","","","","","7890 Cedar Rd Fresno CA 93701","CA","","","False","False","","","","","","","","","No","400002284","","offline"
"200000467","","200000467","Qcells","","","","","New York City Hall New York NY 10007","NY","","","False","False","","","","","","","","","No","200000467","","offline"
"400005212","","4534234","SolarEdge","","","","","8135 Canyon Oak Dr Citrus Heights CA 95610","CA","","","False","False","","","","","","","","","No","APPTPO-2508171053","2508171053","offline"
"200000529","","200000529","Qcells","","","","","New York City Hall New York NY 10007","NY","","","False","False","","","","","","","","","No","200000529","","offline"
"200000254","","200000254","Qcells","","","","","New York City Hall New York NY 10007","NY","","False","False","False","","","","","","","","","No","200000254","","offline"
"100000551","","100000551","Qcells","","","","","Vermont Street Lawrence KS 03088","KS","","False","False","False","","","","","","","","","No","100000551","","offline"
"260001023","","260001023","Qcells","","","","","231 Cortland Ave San Francisco CA 94110","CA","Account KR Test","False","False","False","","","","","","","","","No","260001023","","offline"
"400005234","","SSNBJ2HHCC","Qcells","","","ChanHyup Kim","chanhyup.kim@qcells.com","501 2nd St San Francisco CA 94107","CA","Demo Installer","True","True","False","","7593","9.02","QCELLS-Q_VOLT_H7_6SX","Qcells","Inverter","Q.VOLT H7.6SX","HybridInverter","No","APPTPO-2729496107","2729496107","offline"
"200000603","","200000603","Qcells","","","","","New York City Hall New York NY 10007","NY","","","False","False","","","","","","","","","No","200000603","","offline"
"200000357","","200000357","Qcells","","","","","New York City Hall New York NY 10007","NY","","False","False","False","","","","","","","","","No","200000357","","offline"
"100000640","","100000640","Qcells","","","","","- - KS 03088","KS","","","False","False","","","","","","","","","No","100000640","","offline"
"200000415","","200000415","Qcells","","","","","New York City Hall New York NY 10007","NY","","","False","False","","","","","","","","","No","200000415","","offline"
"400005718","","d45c9f12-61f9-4d3a-a630-3522704ce646","Tesla","","","Chivate Yogesh","yogesh@yopmail.com","31755 Alvarado Blvd AV Union City CA 94587","CA","Demo Installer","True","True","False","","325","6.02","ENPHASE_ENERGY_INC_-IQ8M_72_M_US__240V_","Enphase Energy Inc.","MicroInverter","IQ8M-72-M-US [240V]","","No","Tesla_TEST_AVAI_AD_0041","","offline"
"400002161","","1234567","Enphase","","","","","321 Elm Street Los Angeles CA 90001","CA","","","False","False","","","","","","","","","No","987654","","offline"
"200060040","","200060040","Qcells","","","","","New York City Hall New York NY 10007","NY","Qcells","False","False","False","","","","","","","","","No","DEV_ACSGEN2_AD-200060040","","offline"
"100000143","","100000143","Qcells","","","","","- Santa Clara CA 06766","CA","","False","False","False","","","","","","","","","No","100000143","","offline"
"400002286","","S123456789","Qcells","","","","","321 Elm Street Los Angeles CA 90001","CA","","","False","False","","","","","","","","","No","125289","","offline"
"200020024","","200020024","Qcells","","","","","Test patch 3 Street Test 2 patchCity TX 75001","TX","","False","False","False","","","","","","","","","No","GEN2_Test_AV_LS_2001","","offline"
"100003918","","100003918","Qcells","","","","","- - CA 06543","CA","","","False","False","","","","","","","","","No","100003918","","offline"
"260001006","","260001006","Qcells","","","","","Test patch 3 Street Test 2 patchCity TX 75001","TX","","False","False","False","","","","","","","","","No","260001006","","offline"
"200000381","","200000381","Qcells","","","","","New York City Hall New York NY 10007","NY","","False","False","False","","","","","","","","","No","200000381","","offline"
"100000395","","100000395","Qcells","","","","","Vermont Street Lawrence KS 03088","KS","","False","False","False","","","","","","","","","No","100000395","","offline"
"400005349","","50000055555","Enphase","","","","","6416 Wilton Dr Fort Worth TX 76133","TX","","","False","False","","","","","","","","","No","400005349","","offline"
"200000521","","200000521","Qcells","","","","","76Q5+MG Cartersville GA 30184","GA","Qcells","False","False","False","","","","","","","","","No","200000521","","offline"
"100000757","","100000757","Qcells","","","","","Murica Aisle Irvine CA 92614","CA","","","False","False","","","","","","","","","No","100000757","","offline"
"400005715","","d45c9f12-61f9-4d3a-a630-3522704ce646","Tesla","","","Chivate Yogesh","yogesh@yopmail.com","31755 Alvarado Blvd AV Union City CA 94587","CA","Demo Installer","True","True","False","","325","6.02","ENPHASE_ENERGY_INC_-IQ8M_72_M_US__240V_","Enphase Energy Inc.","MicroInverter","IQ8M-72-M-US [240V]","","No","Tesla_TEST_AVAI_AD_0038","","offline"
"200000366","","200000366","Qcells","","","","","12 Santa Dr Pittsford NY 14534","NY","","False","False","False","","","","","","","","","No","200000366","","offline"
"400003394","","0000000","Enphase","","","","","900 Marry St San Jose CA 95138","CA","","","False","False","","","","","","","","","No","APPTPO-Test-dev187","187","offline"
"200000462","","200000462","Qcells","","","","","New York City Hall New York NY 10007","NY","","","False","False","","","","","","","","","No","200000462","","offline"
"400005696","","d45c9f12-61f9-4d3a-a630-3522704ce646","Tesla","","","Chivate Yogesh","yogesh@yopmail.com","31755 Alvarado Blvd AV Union City CA 94587","CA","Demo Installer","True","True","False","","325","6.02","ENPHASE_ENERGY_INC_-IQ8M_72_M_US__240V_","Enphase Energy Inc.","MicroInverter","IQ8M-72-M-US [240V]","","No","Tesla_TEST_AVAI_AD_0019","","offline"
"110000009","","110000009","Qcells","","","F Test L Test","testuser1@yopmail.com","501 2nd St San Francisco CA 94107","CA","","False","True","False","","7600","0","QCELLS-Q_HOME_CORE_A7_6B13_1","Qcells","Inverter","Q.HOME CORE A7.6B13.1","BatteryInverter","No","110000009","","offline"
"260001002","","260001002","Qcells","","","","","Test patch 3 Street Test 2 patchCity TX 75001","TX","","False","False","False","","","","","","","","","No","260001002","","offline"
"400002259","","S123456789","Qcells","","","","","321 Elm Street Los Angeles CA 90001","CA","","","False","False","","","","","","","","","No","139589","","offline"
"200000504","","200000504","Qcells","","","","","New York City Hall New York NY 10007","NY","Qcells","False","False","False","","","","","","","","","No","200000504","","offline"
"200020046","","200020046","Qcells","","","","","Test patch 3 Street Test 2 patchCity TX 75001","TX","Demo Installer","False","False","False","","","","","","","","","No","ACSGEN2_Test_AV_LS_20016","","offline"
"400005832","","4675019","SolarEdge","","","Chivate Yogesh","yogesh@yopmail.com","31755 Alvarado Blvd AV Union City CA 94587","CA","Demo Installer","True","False","False","","","","","","","","","No","Tesla_TEST_AVAI_AD_0154","","offline"
"100000168","","100000168","Qcells","","","","","Warburton Avenue Santa Clara CA 06766","CA","","False","False","False","","","","","","","","","No","100000168","","offline"
"200000566","","200000566","Qcells","","","","","245245 Nehrbass Rd Athens WI 54411","WI","kosef","False","False","False","","","","","","","","","No","200000566","","offline"
"400005208","","4563453","SolarEdge","","","","","31765 Vía Cordoba Temecula CA 92592","CA","","","False","False","","","","","","","","","No","APPTPO-2508171399","2508171399","offline"
"100003824","","100003824","Qcells","","","","","- - KS 03088","KS","","","False","False","","","","","","","","","No","100003824","","offline"
"190004012","","190004012","Qcells","","","","","501 2nd ST Port St. Lucie FL 34953","FL","","","False","False","","","","","","","","","No","ASSET-20240219-C045","","offline"
"100004221","","100004221","Qcells","","","","","11 11 CA 06543","CA","","","False","False","","","","","","","","","No","100004221","","offline"
"100000093","","100000093","Qcells","","","","","- - UN 04541","UN","","True","False","False","","","","","","","","","No","100000093","","offline"
"200000403","","200000403","Qcells","","","","","New York City Hall Irvine CA 92612","CA","","","False","False","","","","","","","","","No","200000403","","offline"
"400003420","","0000000","Enphase","","","","","900 Marry St San Jose CA 95138","CA","","","False","False","","","","","","","","","No","APPTPO-Test-dev185","185","offline"
"100000343","","100000343","Qcells","","","","","501 2nd ST Port St. Lucie FL 34953","FL","","False","False","False","","","","","","","","","No","ASSET-20240219-C024","","offline"
"400002079","","88520134185","SolarEdge","","","","","501 2nd St San Francisco CA 94107","CA","","","False","False","","","","","","","","","No","400002079","","offline"
"200000580","","200000580","Qcells","","","","","College Park College Park MD 20742","MD","Qcells","False","False","False","","","","","","","","","No","200000580","","offline"
"100004330","","100004330","Qcells","","","","","Vermont St Lawrence KS 66044","KS","","","False","False","","","","","","","","","No","100004330","","offline"
"200000454","","200000454","Qcells","","","","","1 S 1st St Kings County NY 11249","NY","","","False","False","","","","","","","","","No","200000454","","offline"
"100000158","","100000158","Qcells","","","","","- Santa Clara CA 06766","CA","","False","False","False","","","","","","","","","No","100000158","","offline"
"100004177","","100004177","Qcells","","","","","Vermont Street Union Park UN 10278","UN","","False","False","False","","","","","","","","","No","100004177","","offline"
"200000526","","200000526","Qcells","","","","","New York City Hall New York NY 10007","NY","Qcells Test Account","False","False","False","","","","","","","","","No","200000526","","offline"
"400005003","","0000000","Enphase","","","","","900 Marry St San Jose CA 95138","CA","","","False","False","","","","","","","","","No","APPTPO-Test-dev2721753142770085","2721753142770085","offline"
"100000237","","100000237","Qcells","","","","","Stockton Street San Francisco CA 94108","CA","","False","False","False","","","","","","","","","No","100000237","","offline"
"400002159","","4344575Ericka","SolarEdge","","","","","7890 Cedar Rd Fresno CA 93701","CA","","","False","False","","","","","","","","","No","400002159","","offline"
"100004220","","100004220","Qcells","","","","","11 11 CA 06543","CA","","","False","False","","","","","","","","","No","100004220","","offline"
"400005737","","d45c9f12-61f9-4d3a-a630-3522704ce646","Tesla","","","Chivate Yogesh","yogesh@yopmail.com","31755 Alvarado Blvd AV Union City CA 94587","CA","Demo Installer","True","True","False","","325","6.02","ENPHASE_ENERGY_INC_-IQ8M_72_M_US__240V_","Enphase Energy Inc.","MicroInverter","IQ8M-72-M-US [240V]","","No","Tesla_TEST_AVAI_AD_0062","","offline"
"100099920","","100099920","Qcells","","","DEVC3 NYM DEVC3 NYM","happy.yunmin@gmail.com","Somewhere El Dorado Hills CA 95762","CA","","False","False","False","","7600","0","QCELLS-Q_HOME_CORE_A7_6B13_1","Qcells","Inverter","Q.HOME CORE A7.6B13.1","BatteryInverter","No","100099920","","offline"
"100000557","","100000557","Qcells","","","","","Vermont Street Lawrence KS 03088","KS","","","False","False","","","","","","","","","No","100000557","","offline"
"260000011","","260000011","Qcells","","","","","Test patch 3 Street Test 2 patchCity TX 75001","TX","","False","False","False","","","","","","","","","No","260000011","","offline"
"100000236","","100000236","Qcells","","","","","Apple Park Way Cupertino CA 95014","CA","","False","False","False","","","","","","","","","No","100000236","","offline"
"400003431","","88520134185","SolarEdge","","","","","501 2nd St San Francisco CA 94107","CA","","","False","False","","","","","","","","","No","400003431","","offline"
"400005716","","d45c9f12-61f9-4d3a-a630-3522704ce646","Tesla","","","Chivate Yogesh","yogesh@yopmail.com","31755 Alvarado Blvd AV Union City CA 94587","CA","Demo Installer","True","True","False","","325","6.02","ENPHASE_ENERGY_INC_-IQ8M_72_M_US__240V_","Enphase Energy Inc.","MicroInverter","IQ8M-72-M-US [240V]","","No","Tesla_TEST_AVAI_AD_0039","","offline"
"100004423","","100004423","Qcells","","","","","Cheonggyecheon-ro Seoul UN 04541","UN","","","False","False","","","","","","","","","No","100004423","","offline"
"200000343","","200000343","Qcells","","","","","New York City Hall New York NY 10007","NY","","False","False","False","","","","","","","","","No","200000343","","offline"
"400005373","","SS188K901J","Qcells","","","","","501 2nd St San Francisco CA 94102","CA","","","False","False","","","","","","","","","No","ASSET-20250120-C602","","offline"
"200000204","","200000204","Qcells","","","","","76Q5+MG Cartersville GA 30184","GA","","False","False","False","","","","","","","","","No","200000204","","offline"
"190004013","","190004013","Qcells","","","","","501 2nd ST Port St. Lucie FL 34953","FL","","","False","False","","","","","","","","","No","ASSET-20240219-C046","","offline"
"400002160","","4344575Ericka","SolarEdge","","","","","7890 Cedar Rd Fresno CA 93701","CA","","","False","False","","","","","","","","","No","400002160","","offline"
"200000601","","200000601","Qcells","","","","","New York City Hall New York NY 10007","NY","","","False","False","","","","","","","","","No","200000601","","offline"
"100000359","","100000359","Qcells","","","","","- - UN 04541","UN","","False","False","False","","","","","","","","","No","100000359","","offline"
"100000181","","100000181","Qcells","","","","","Warburton Avenue Santa Clara CA 06766","CA","","False","False","False","","","","","","","","","No","100000181","","offline"
"190004011","","190004011","Qcells","","","","","501 2nd ST Port St. Lucie FL 34953","FL","","","False","False","","","","","","","","","No","ASSET-20240219-C044","","offline"
"200000365","","200000365","Qcells","","","","","500 El Camino Real Santa Clara CA 95053","CA","","False","False","False","","","","","","","","","No","200000365","","offline"
"400005811","","d45c9f12-61f9-4d3a-a630-3522704ce646","Tesla","","","Chivate Yogesh","yogesh@yopmail.com","31755 Alvarado Blvd AV Union City CA 94587","CA","Demo Installer","True","True","False","","325","6.02","ENPHASE_ENERGY_INC_-IQ8M_72_M_US__240V_","Enphase Energy Inc.","MicroInverter","IQ8M-72-M-US [240V]","","No","Tesla_TEST_AVAI_AD_0140","","offline"
"100000360","","100000360","Qcells","","","","","Nordallee München-Flughafen UN 85356","UN","","False","False","False","","","","","","","","","No","100000360","","offline"
"200000505","","200000505","Qcells","","","","","New York City Hall New York NY 10007","NY","Qcells","False","False","False","","","","","","","","","No","200000505","","offline"
"110000003","","110000003","Qcells","","","","","501 2nd St San Francisco CA 94107","CA","Demo Installer2","False","True","False","","7600","0","QCELLS-Q_HOME_CORE_A7_6B13_1","Qcells","Inverter","Q.HOME CORE A7.6B13.1","BatteryInverter","No","110000003","","offline"
"200000205","","200000205","Qcells","","","","","Arc de Triomf Barcelona CT 08018","CT","","False","False","False","","","","","","","","","No","200000205","","offline"
"200000572","","200000572","Qcells","","","","","234 Crooked Creek Pkwy Durham NC 27713","NC","Test Re","False","False","False","","","","","","","","","No","200000572","","offline"
"200000407","","200000407","Qcells","","","","","New York City Hall New York NY 10007","NY","","","False","False","","","","","","","","","No","200000407","","offline"
"110000008","","110000008","Qcells","","","","","501 2nd St San Francisco CA 94107","CA","","False","False","False","","","","","","","","","No","110000008","","offline"
"400005106","","1122223445","SolarEdge","","","","","19978 Christopher Ln Santa Clarita CA 91350","CA","","","False","False","","","","","","","","","No","APPTPO-2508170513","2508170513","offline"
"100099909","","100099909","Qcells","","","DEVC3 NYM DEVC3 NYM","happy.yunmin@gmail.com","Somewhere El Dorado Hills CA 95762","CA","","False","False","False","","7600","0","QCELLS-Q_HOME_CORE_A7_6B13_1","Qcells","Inverter","Q.HOME CORE A7.6B13.1","BatteryInverter","No","100099909","","offline"
"200000527","","200000527","Qcells","","","","","New York City Hall New York NY 10007","NY","Qcells Test Account","False","False","False","","","","","","","","","No","200000527","","offline"
"100000552","","100000552","Qcells","","","","","Vermont Street Lawrence KS 03088","KS","","False","False","False","","","","","","","","","No","100000552","","offline"
"100000393","","100000393","Qcells","","","","","Vermont Street Lawrence KS 03088","KS","","False","False","False","","","","","","","","","No","100000393","","offline"
"400005743","","d45c9f12-61f9-4d3a-a630-3522704ce646","Tesla","","","Chivate Yogesh","yogesh@yopmail.com","31755 Alvarado Blvd AV Union City CA 94587","CA","Demo Installer","True","True","False","","325","6.02","ENPHASE_ENERGY_INC_-IQ8M_72_M_US__240V_","Enphase Energy Inc.","MicroInverter","IQ8M-72-M-US [240V]","","No","Tesla_TEST_AVAI_AD_0064","","offline"
"200000206","","200000206","Qcells","","","","","Irvine Spectrum Center Irvine CA 92618","CA","","False","False","False","","","","","","","","","No","200000206","","offline"
"100000732","","100000732","Qcells","","","","","- - KS 03088","KS","","","False","False","","","","","","","","","No","100000732","","offline"
"200000100","","200000100","Qcells","","","","","New York City Hall Irvine CA 92612","CA","","","False","False","","","","","","","","","No","200000100","","offline"
"400005872","","4675028","SolarEdge","","","Devkant Amrapali","amrapali@te.st","31755 Alvarado Blvd AV Union City CA 94587","CA","Demo Installer","True","False","False","","","","","","","","","No","TEST_AVAI_AD_0208","","offline"
"400005641","","00555518181841","Tesla","","","","","501 2nd St San Francisco CA 94107","CA","","","False","False","","","","","","","","","No","400005641","","offline"
"100000256","","100000256","Qcells","","","","","- - UN 04541","UN","","False","False","False","","","","","","","","","No","100000256","","offline"
"200000548","","200000548","Qcells","","","","","New York City Hall New York NY 10007","NY","Dimension","False","False","False","","","","","","","","","No","200000548","","offline"
"100001525","","100001525","Qcells","","","","","- - CA 12345","CA","","","False","False","","","","","","","","","No","100001525","","offline"
"200000602","","200000602","Qcells","","","","","New York City Hall New York NY 10007","NY","","","False","False","","","","","","","","","No","200000602","","offline"
"200020025","","200020025","Qcells","","","","","Test patch 3 Street Test 2 patchCity TX 75001","TX","","False","False","False","","","","","","","","","No","GEN2_Test_AV_LS_2002","","offline"
"200000563","","200000563","Qcells","","","","","1 World Wy Los Angeles CA 90045","CA","Qcells","False","False","False","","","","","","","","","No","200000563","","offline"
"100003817","","100003817","Qcells","","","","","- - KS 03088","KS","","","False","False","","","","","","","","","No","100003817","","offline"
"200020023","","200020023","Qcells","","","","","31755 Alvarado Blvd AV Union City CA 94587","CA","","","False","False","","","","","","","","","No","TESLA_Test_AV_LS_1052","","offline"
"200000451","","200000451","Qcells","","","","","New York City Hall New York NY 10007","NY","","","False","False","","","","","","","","","No","200000451","","offline"
"400002266","","S123456789","Qcells","","","","","321 Elm Street Los Angeles CA 90001","CA","","","False","False","","","","","","","","","No","134997","","offline"
"200000373","","200000373","Qcells","","","","","New York City Hall New York NY 10007","NY","","False","False","False","","","","","","","","","No","200000373","","offline"
"100099903","","100099903","Qcells","","","John Anon","john.anon@example.com","123 Anon Street Anon City TX 75001","TX","Anon Solar Company","True","True","False","","7600","0","QCELLS-Q_HOME_CORE_A7_6B13_1","Qcells","Inverter","Q.HOME CORE A7.6B13.1","BatteryInverter","No","ANON-123456ACM2","","offline"
"200000416","","200000416","Qcells","","","","","New York City Hall New York NY 10007","NY","","","False","False","","","","","","","","","No","200000416","","offline"
"100000378","","100000378","Qcells","","","","","- - UN 08506","UN","","False","False","False","","","","","","","","","No","100000378","","offline"
"100003602","","100003602","Qcells","","","John Anon","john.anon@example.com","123 Anon Street Anon City TX 75001","TX","Anon Solar Company","True","True","False","","","","","","","","","No","ANON-123456789D","","offline"
"100000222","","100000222","Qcells","","","","","Collegiate Way Orlando FL 32817","FL","","False","False","False","","","","","","","","","No","100000222","","offline"
"400005646","","00555518181841","Tesla","","","","","501 2nd St San Francisco CA 94107","CA","","False","False","False","","","","","","","","","No","400005646","","offline"
"400004984","","4344575Ericka","SolarEdge","","","","","7890 Cedar Rd Fresno CA 93701","CA","","","False","False","","","","","","","","","No","400004984","","offline"
"100000678","","100000678","Qcells","","","","","- - CA 06766","CA","","","False","False","","","","","","","","","No","100000678","","offline"
"400002262","","S123456789","Qcells","","","","","321 Elm Street Los Angeles CA 90001","CA","","","False","False","","","","","","","","","No","134898","","offline"
"100000380","","100000380","Qcells","","","","","- - UN 08506","UN","","False","False","False","","","","","","","","","No","100000380","","offline"
"100004325","","100004325","Qcells","","","","","Vermont St Lawrence KS 66044","KS","","","False","False","","","","","","","","","No","100004325","","offline"
"260000006","","260000006","Qcells","","","","","Test patch 3 Street Test 2 patchCity TX 75001","TX","","False","False","False","","","","","","","","","No","260000006","","offline"
"260001600","","260001600","Qcells","","","","","231 Cortland Ave San Francisco CA 94110","CA","Account KR Test","False","False","False","","","","","","","","","No","260001600","","offline"
"400005097","","222234455","SolarEdge","","","","","19977 Christopher Ln Santa Clarita CA 91350","CA","","","False","False","","","","","","","","","No","APPTPO-2508170350","2508170350","offline"
"200000431","","200000431","Qcells","","","","","1535 Broadway New York NY 10036","NY","","","False","False","","","","","","","","","No","200000431","","offline"
"400005640","","00555518181841","Tesla","","","","","501 2nd St San Francisco CA 94107","CA","","True","True","False","","","","","","","","","No","400005640","","offline"
"100099902","","100099902","Qcells","","","John Anon","john.anon@example.com","123 Anon Street Anon City TX 75001","TX","Anon Solar Company","True","True","False","","7600","0","QCELLS-Q_HOME_CORE_A7_6B13_1","Qcells","Inverter","Q.HOME CORE A7.6B13.1","BatteryInverter","No","ANON-123456ACM6","","offline"
"100000060","","100000060","Qcells","","","lab03 lab03","sungchan.bong@qcells.com","- - UN 04541","UN","","False","False","False","","","","","","","","","No","100000060","","offline"
"200000455","","200000455","Qcells","","","","","500 El Camino Real Santa Clara CA 95053","CA","","","False","False","","","","","","","","","No","200000455","","offline"
"200000346","","200000346","Qcells","","","","","New York City Hall New York NY 10007","NY","","False","False","False","","","","","","","","","No","200000346","","offline"
"200000427","","200000427","Qcells","","","","","New York City Hall Irvine CA 92612","CA","","","False","False","","","","","","","","","No","200000427","","offline"
"200000352","","200000352","Qcells","","","","","New York City Hall New York NY 10007","NY","","False","False","False","","","","","","","","","No","200000352","","offline"
"200000579","","200000579","Qcells","","","","","New York City Hall New York NY 10007","NY","yoliwe","False","False","False","","","","","","","","","No","200000579","","offline"
"100003621","","100003621","Qcells","","","John Anon","john.anon@example.com","456 Anon Street Anon City TX 75001","TX","Anon Solar Company","True","True","False","","","","","","","","","No","ANON-123456789Y","","offline"
"100000554","","100000554","Qcells","","","","","Vermont Street Lawrence KS 03088","KS","","","False","False","","","","","","","","","No","100000554","","offline"
"260001030","","260001030","Qcells","","","","","231 Cortland Ave San Francisco CA 94110","CA","Account KR Test","False","False","False","","","","","","","","","No","260001030","","offline"
"400005644","","ASSET-20250115-C988","Enphase","","","","","501 2nd St San Francisco CA 94107","CA","","","False","False","","","","","","","","","No","ASSET-20250115-C988","","offline"
"200000420","","200000420","Qcells","","","","","New York City Hall New York NY 10007","NY","","","False","False","","","","","","","","","No","200000420","","offline"
"200000535","","200000535","Qcells","","","","","New York City Hall New York NY 10007","NY","Qcells","False","False","False","","","","","","","","","No","200000535","","offline"
"100003866","","100003866","Qcells","","","","","Franklin Street San Francisco CA 94102","CA","","","False","False","","","","","","","","","No","100003866","","offline"
"400005238","","ASSET-20250118-C669","Enphase","","","","","12144 Kay Dr N Florida CA 33772","CA","","False","True","True","30c14c28-ee0d-4618-9bfd-3e99d91301f5","","0","QCELLS-Q_HOME_CORE_A7_6B13_1","Qcells","Inverter","Q.HOME CORE A7.6B13.1","BatteryInverter","No","ASSET-20250120-C669","","offline"
"200000356","","200000356","Qcells","","","","","New York City Hall New York NY 10007","NY","","False","False","False","","","","","","","","","No","200000356","","offline"
"200000558","","200000558","Qcells","","","","","New York City Hall New York NY 10007","NY","Qcells","False","False","False","","","","","","","","","No","200000558","","offline"
"200000567","","200000567","Qcells","","","","","2100 Kitty Hawk Ave Philadelphia PA 19112","PA","Qcells","False","False","False","","","","","","","","","No","200000567","","offline"
"200020028","","200020028","Qcells","","","","","Test patch 3 Street Test 2 patchCity TX 75001","TX","","False","False","False","","","","","","","","","No","GEN2_Test_AV_LS_2005","","offline"
"100099931","","100099931","Qcells","","","","","Somewhere El Dorado Hills CA 95762","CA","","","False","False","","","","","","","","","No","10009931","","offline"
"200000588","","200000588","Qcells","","","","","New York City Hall New York NY 10007","NY","Qcells","False","False","False","","","","","","","","","No","200000588","","offline"
"100004214","","100004214","Qcells","","","","","Duane St New York CA 06543","CA","","","False","False","","","","","","","","","No","100004214","","offline"
"200000559","","200000559","Qcells","","","","","New York City Hall New York NY 10007","NY","Qcells","False","False","False","","","","","","","","","No","200000559","","offline"
"200000550","","200000550","Qcells","","","","","New York City Hall New York NY 10007","NY","","","False","False","","","","","","","","","No","200000550","","offline"
"100099932","","100099932","Qcells","","","","","Somewhere El Dorado Hills CA 95762","CA","","","False","False","","","","","","","","","No","10009932","","offline"
"100004460","","100004460","Qcells","","","","","Oak Street Kansas City MO 64106","MO","","","False","False","","","","","","","","","No","100004460","","offline"
"100000390","","100000390","Qcells","","","","","Vermont Street Lawrence KS 03088","KS","","False","False","False","","","","","","","","","No","100000390","","offline"
"100000730","","100000730","Qcells","","","","","- - KS 03088","KS","","","False","False","","","","","","","","","No","100000730","","offline"
"200060029","","200060029","Qcells","","","","","Test patch 3 Street Test 2 patchCity TX 75001","TX","Demo Installer","False","False","False","","","","","","","","","No","DEV_ACSGEN2_AD-200060029","","offline"
"100000165","","100000165","Qcells","","","","","- Santa Clara CA 06766","CA","","False","False","False","","","","","","","","","No","100000165","","offline"
"260000005","","260000005","Qcells","","","","","Test patch 3 Street Test 2 patchCity TX 75001","TX","","False","False","False","","","","","","","","","No","ACGen2-SC-kkm-005","","offline"
"200000252","","200000252","Qcells","","","","","New York City Hall New York NY 10007","NY","","False","False","False","","","","","","","","","No","200000252","","offline"
"400005229","","SSNBJ2HHCZ","Qcells","","","ChanHyup Kim","chanhyup.kim@qcells.com","501 2nd St San Francisco CA 94107","CA","Demo Installer","True","True","False","","7593","9.02","QCELLS-Q_VOLT_H7_6SX","Qcells","Inverter","Q.VOLT H7.6SX","HybridInverter","No","APPTPO-2729496102","2729496102","offline"
"100003887","","100003887","Qcells","","","","","- - UN 04541","UN","","","False","False","","","","","","","","","No","100003887","","offline"
"200000555","","200000555","Qcells","","","","","123 William St New York NY 10038","NY","yoliwe","False","False","False","","","","","","","","","No","200000555","","offline"
"110000006","","110000006","Qcells","","","F1 Test L1 Test","testuser@yopmail.com","501 2nd St San Francisco CA 94107","CA","Demo123 Installer","True","True","False","","","","","","","","","No","110000006","","offline"
"100000391","","100000391","Qcells","","","","","Vermont Street Lawrence KS 03088","KS","","False","False","False","","","","","","","","","No","100000391","","offline"
"200060035","","200060035","Qcells","","","","","New York City Hall New York NY 10007","NY","Qcells","False","False","False","","","","","","","","","No","DEV_ACSGEN2_AD-200060035","","offline"
"200020047","","200020047","Qcells","","","","","Test patch 3 Street Test 2 patchCity TX 75001","TX","Demo Installer","False","False","False","","","","","","","","","No","ACSGEN2_Test_AV_LS_20017","","offline"
"400002349","","S123456789","Qcells","","","","","321 Elm Street Los Angeles CA 90001","CA","","","False","False","","","","","","","","","No","APPTPO-2505163088","2505163088","offline"
"200000564","","200000564","Qcells","","","","","New York City Hall New York NY 10007","NY","Qcells","False","False","False","","","","","","","","","No","200000564","","offline"
"100000133","","100000133","Qcells","","","","","Sonnenallee Bitterfeld-Wolfen UN 06766","UN","","True","False","False","","","","","","","","","No","100000133","","offline"
"200000597","","200000597","Qcells","","","","","1234 Market St Philadelphia PA 19107","PA","","","False","False","","","","","","","","","No","200000597","","offline"
"100003815","","100003815","Qcells","","","","","- - KS 03088","KS","","","False","False","","","","","","","","","No","100003815","","offline"
"400005721","","d45c9f12-61f9-4d3a-a630-3522704ce646","Tesla","","","Chivate Yogesh","yogesh@yopmail.com","31755 Alvarado Blvd AV Union City CA 94587","CA","Demo Installer","True","True","False","","325","6.02","ENPHASE_ENERGY_INC_-IQ8M_72_M_US__240V_","Enphase Energy Inc.","MicroInverter","IQ8M-72-M-US [240V]","","No","Tesla_TEST_AVAI_AD_0044","","offline"
"100000642","","100000642","Qcells","","","","","- - CA 06766","CA","","","False","False","","","","","","","","","No","100000642","","offline"
"100001662","","100001662","Qcells","","","","","Murica Aisle Irvine CA 92614","CA","","","False","False","","","","","","","","","No","100001662","","offline"
"200000583","","200000583","Qcells","","","","","2100 Kitty Hawk Ave Philadelphia PA 19112","PA","Qcells","False","False","False","","","","","","","","","No","200000583","","offline"
"400002287","","S123456789","Qcells","","","","","321 Elm Street Los Angeles CA 90001","CA","","","False","False","","","","","","","","","No","125281","","offline"
"200000547","","200000547","Qcells","","","","","1535 Broadway, New York, NY 10036, USA New York NY 10036","NY","","","False","False","","","","","","","","","No","200000547","","offline"
"200000372","","200000372","Qcells","","","","","New York City Hall New York NY 10007","NY","","False","False","False","","","","","","","","","No","200000372","","offline"
"100000643","","100000643","Qcells","","","","","- - CA 06766","CA","","","False","False","","","","","","","","","No","100000643","","offline"
"200000351","","200000351","Qcells","","","","","Atlanta Atlanta MI 49709","MI","","False","False","False","","","","","","","","","No","200000351","","offline"
"400005724","","d45c9f12-61f9-4d3a-a630-3522704ce646","Tesla","","","Chivate Yogesh","yogesh@yopmail.com","31755 Alvarado Blvd AV Union City CA 94587","CA","Demo Installer","True","True","False","","325","6.02","ENPHASE_ENERGY_INC_-IQ8M_72_M_US__240V_","Enphase Energy Inc.","MicroInverter","IQ8M-72-M-US [240V]","","No","Tesla_TEST_AVAI_AD_0047","","offline"
"200040053","","200040053","Qcells","","","","","231 Cortland Ave San Francisco CA 94110","CA","","","False","False","","","","","","","","","No","200040053","","offline"
"100000555","","100000555","Qcells","","","","","Vermont Street Lawrence KS 03088","KS","","","False","False","","","","","","","","","No","100000555","","offline"
"100000171","","100000171","Qcells","","","","","Warburton Avenue Santa Clara CA 06766","CA","","False","False","False","","","","","","","","","No","100000171","","offline"
"400005726","","d45c9f12-61f9-4d3a-a630-3522704ce646","Tesla","","","Chivate Yogesh","yogesh@yopmail.com","31755 Alvarado Blvd AV Union City CA 94587","CA","Demo Installer","True","True","False","","325","6.02","ENPHASE_ENERGY_INC_-IQ8M_72_M_US__240V_","Enphase Energy Inc.","MicroInverter","IQ8M-72-M-US [240V]","","No","Tesla_TEST_AVAI_AD_0049","","offline"
"400002154","","4344575Ericka","SolarEdge","","","","","7890 Cedar Rd Fresno CA 93701","CA","","","False","False","","","","","","","","","No","400002154","","offline"
"100099906","","100099906","Qcells","","","Test patch FN Test patch LN","john.anon@example.com","Test patch 2 Street Test 2 patchCity TX 75001","TX","Anon Solar Company","True","True","False","","7600","0","QCELLS-Q_HOME_CORE_A7_6B13_1","Qcells","Inverter","Q.HOME CORE A7.6B13.1","BatteryInverter","No","ANON-123456ACM7","","offline"
"190001927","","190001927","Qcells","","","ChanHyup Kim","chanhyup.kim@qcells.com","223 Fawn Ridge Drive Copperas Cove TX 76522","TX","Demo Installer","True","True","False","","3805","9.02","QCELLS-Q_VOLT_H3_8SX","Qcells","Inverter","Q.VOLT H3.8SX","HybridInverter","No","APPTPO-2412332027","2412332027","offline"
"260000004","","260000004","Qcells","","","","","Test patch 3 Street Test 2 patchCity TX 75001","TX","","False","False","False","","","","","","","","","No","260000004","","offline"
"100000614","","100000614","Qcells","","","","","- - CA 06766","CA","","","False","False","","","","","","","","","No","100000614","","offline"
"100000773","","100000773","Qcells","","","","","- - UN 04541","UN","","","False","False","","","","","","","","","No","100000773","","offline"
"100000379","","100000379","Qcells","","","","","- - UN 08506","UN","","False","False","False","","","","","","","","","No","100000379","","offline"
"200000562","","200000562","Qcells","","","","","Philadelphia Philadelphia PA 19104","PA","Qcells","False","False","False","","","","","","","","","No","200000562","","offline"
"100000322","","100000322","Qcells","","","","","- - UN 04541","UN","","False","False","False","","","","","","","","","No","100000322","","offline"
"100000766","","100000766","Qcells","","","","","- - UN 04541","UN","","","False","False","","","","","","","","","No","100000766","","offline"
"260000009","","260000009","Qcells","","","","","Test patch 3 Street Test 2 patchCity TX 75001","TX","","False","False","False","","","","","","","","","No","260000009","","offline"
"400005006","","4344575Ericka","SolarEdge","","","","","7890 Cedar Rd Fresno CA 93701","CA","","","False","False","","","","","","","","","No","400005006","","offline"
"400004995","","5512135","Enphase","","","","","501 2nd St San Francisco CA 94107","CA","","","False","False","","","","","","","","","No","400004995","","offline"
"400005747","","SS20240612","Qcells","Tesla","d45c9f12-61f9-4d3a-a630-3522704ce646","Chivate Yogesh","yogesh@yopmail.com","31755 Alvarado Blvd AV Union City FL 94587","FL","Demo Installer","True","True","False","","325","6.02","ENPHASE_ENERGY_INC_-IQ8M_72_M_US__240V_","Enphase Energy Inc.","MicroInverter","IQ8M-72-M-US [240V]","","No","Tesla_TEST_AVAI_AD_0068","","offline"
"200000376","","200000376","Qcells","","","","","Bangor Bangor ME 04401","ME","","False","False","False","","","","","","","","","No","200000376","","offline"
"100003816","","100003816","Qcells","","","","","- - KS 03088","KS","","","False","False","","","","","","","","","No","100003816","","offline"
"100000684","","100000684","Qcells","","","","","- - CA 06766","CA","","","False","False","","","","","","","","","No","100000684","","offline"
"400005228","","SSNBJ2HHCZ","Qcells","","","ChanHyup Kim","chanhyup.kim@qcells.com","501 2nd St San Francisco CA 94107","CA","Demo Installer","True","True","False","","7593","9.02","QCELLS-Q_VOLT_H7_6SX","Qcells","Inverter","Q.VOLT H7.6SX","HybridInverter","No","APPTPO-2729496101","2729496101","offline"
"174984833","","174984833","Qcells","","","","","575 Weldon Ave Oakland CA 94610","CA","","","False","False","","","","","","","","","No","APPTPO-2511179689","2511179689","offline"
"100000386","","100000386","Qcells","","","","","- - UN 04541","UN","","False","False","False","","","","","","","","","No","100000386","","offline"
"100001669","","100001669","Qcells","","","","","- - UN 04541","UN","","","False","False","","","","","","","","","No","100001669","","offline"
"200000574","","200000574","Qcells","","","","","New York City Hall New York NY 10007","NY","Company 632532","False","False","False","","","","","","","","","No","200000574","","offline"
"400005511","","5555555","Enphase","","","","","32145 Alvarado-Niles Road Union City CA 94587","CA","","","False","False","","","","","","","","","No","APPTPO-2505149125","2505149125","offline"
"400005756","","d45c9f12-61f9-4d3a-a630-3522704ce646","Tesla","Qcells","SS20240612","Chivate Yogesh","yogesh@yopmail.com","31755 Alvarado Blvd AV Union City TX 94587","TX","Demo Installer","True","True","False","","325","6.02","ENPHASE_ENERGY_INC_-IQ8M_72_M_US__240V_","Enphase Energy Inc.","MicroInverter","IQ8M-72-M-US [240V]","","No","Tesla_TEST_AVAI_AD_0082","","offline"
"400005749","","SS20240612","Qcells","Tesla","d45c9f12-61f9-4d3a-a630-3522704ce646","Chivate Yogesh","yogesh@yopmail.com","31755 Alvarado Blvd AV Union City FL 94587","FL","Demo Installer","True","True","False","","325","6.02","ENPHASE_ENERGY_INC_-IQ8M_72_M_US__240V_","Enphase Energy Inc.","MicroInverter","IQ8M-72-M-US [240V]","","No","Tesla_TEST_AVAI_AD_0070","","offline"
"100003827","","100003827","Qcells","","","","","- - KS 03088","KS","","","False","False","","","","","","","","","No","100003827","","offline"
"200000560","","200000560","Qcells","","","","","New York City Hall New York NY 10007","NY","Qcells","False","False","False","","","","","","","","","No","200000560","","offline"
"100099910","","100099910","Qcells","","","DEVC3 NYM DEVC3 NYM","happy.yunmin@gmail.com","Somewhere El Dorado Hills CA 95762","CA","","False","False","False","","7600","0","QCELLS-Q_HOME_CORE_A7_6B13_1","Qcells","Inverter","Q.HOME CORE A7.6B13.1","BatteryInverter","No","100099910","","offline"
"200000364","","200000364","Qcells","","","","","New York City Hall New York NY 10007","NY","","False","False","False","","","","","","","","","No","200000364","","offline"
"100000278","","100000278","Qcells","","","","","- Jincheon UN 27816","UN","","False","False","False","","","","","","","","","No","100000278","","offline"
"100000633","","100000633","Qcells","","","","","- - KS 03088","KS","","","False","False","","","","","","","","","No","100000633","","offline"
"100004400","","100004400","Qcells","","","","","Oak Street Kansas City MO 64106","MO","","","False","False","","","","","","","","","No","100004400","","offline"
"400003615","","0000000","Enphase","","","","","900 Marry St San Jose CA 95138","CA","","","False","False","","","","","","","","","No","APPTPO-Test-dev249","249","offline"
"100000088","","100000088","Qcells","","","","","Collegiate Way Orlando FL 32817","FL","","False","False","False","","","","","","","","","No","100000088","","offline"
"200060034","","200060034","Qcells","","","","","New York City Hall New York NY 10007","NY","Qcells","False","False","False","","","","","","","","","No","DEV_ACSGEN2_AD-200060034","","offline"
"100000383","","100000383","Qcells","","","","","- - UN 04541","UN","","False","False","False","","","","","","","","","No","100000383","","offline"
"200000345","","200000345","Qcells","","","","","New York City Hall New York NY 10007","NY","","False","False","False","","","","","","","","","No","200000345","","offline"
"400005713","","d45c9f12-61f9-4d3a-a630-3522704ce646","Tesla","","","Chivate Yogesh","yogesh@yopmail.com","31755 Alvarado Blvd AV Union City CA 94587","CA","Demo Installer","True","True","False","","325","6.02","ENPHASE_ENERGY_INC_-IQ8M_72_M_US__240V_","Enphase Energy Inc.","MicroInverter","IQ8M-72-M-US [240V]","","No","Tesla_TEST_AVAI_AD_0035","","offline"
"200000576","","200000576","Qcells","","","","","New York City Hall New York NY 10007","NY","","","False","False","","","","","","","","","No","200000576","","offline"
"400005753","","SS20240612","Qcells","Tesla","d45c9f12-61f9-4d3a-a630-3522704ce646","Chivate Yogesh","yogesh@yopmail.com","31755 Alvarado Blvd AV Union City CA 94587","CA","Demo Installer","True","True","False","","325","6.02","ENPHASE_ENERGY_INC_-IQ8M_72_M_US__240V_","Enphase Energy Inc.","MicroInverter","IQ8M-72-M-US [240V]","","No","Tesla_TEST_AVAI_AD_0079","","offline"
"100003821","","100003821","Qcells","","","","","- - KS 03088","KS","","","False","False","","","","","","","","","No","100003821","","offline"
"400005806","","50090070","Enphase","Tesla","d45c9f12-61f9-4d3a-a630-3522704ce646","Chivate Yogesh","yogesh@yopmail.com","31755 Alvarado Blvd AV Union City CA 94587","CA","Demo Installer","True","True","False","","","","","","","","","No","Tesla_TEST_AVAI_AD_0135","","offline"
"100000134","","100000134","Qcells","","","","","- Santa Clara CA 06766","CA","","False","False","False","","","","","","","","","No","100000134","","offline"
"200000096","","200000096","Qcells","","","","","New York City Hall New York NY 10007","NY","","False","False","False","","","","","","","","","No","200000096","","offline"
"200000568","","200000568","Qcells","","","","","Parking lot Atlanta GA 30303","GA","Dimension","False","False","False","","","","","","","","","No","200000568","","offline"
"400004993","","0000000","Enphase","","","","","900 Marry St San Jose CA 95138","CA","","","False","False","","","","","","","","","No","APPTPO-Test-dev2721752789835914","2721752789835914","offline"
"100000549","","100000549","Qcells","","","","","Vermont Street Lawrence KS 03088","KS","","False","False","False","","","","","","","","","No","100000549","","offline"
"100000550","","100000550","Qcells","","","","","Vermont Street Lawrence KS 03088","KS","","False","False","False","","","","","","","","","No","100000550","","offline"
"100000254","","100000254","Qcells","","","","","- - UN 04541","UN","","False","False","False","","","","","","","","","No","100000254","","offline"
"260001001","","260001001","Qcells","","","","","Test patch 3 Street Test 2 patchCity TX 75001","TX","","False","False","False","","","","","","","","","No","260001001","","offline"
"100004426","","100004426","Qcells","","","","","Oak Street Kansas City MO 64106","MO","","","False","False","","","","","","","","","No","100004426","","offline"
"260001601","","260001601","Qcells","","","","","231 Cortland Ave San Francisco CA 94110","CA","Qcells","False","False","False","","","","","","","","","No","260001601","","offline"
"200000411","","200000411","Qcells","","","","","New York City Hall New York NY 10007","NY","","","False","False","","","","","","","","","No","200000411","","offline"
"100000811","","100000811","Qcells","","","","","- - UN 04541","UN","","","False","False","","","","","","","","","No","100000811","","offline"
"400005203","","42824893","SolarEdge","","","","","8933 Cadillac Ave Los Angeles CA 90034","CA","","","False","False","","","","","","","","","No","APPTPO-2508171607","2508171607","offline"
"200000551","","200000551","Qcells","","","","","New York City Hall New York NY 10007","NY","Qcells Test Account","False","False","False","","","","","","","","","No","200000551","","offline"
"200000382","","200000382","Qcells","","","","","23747 Valencia Blvd Santa Clarita CA 91355","CA","","False","False","False","","","","","","","","","No","200000382","","offline"
"200000503","","200000503","Qcells","","","","","New York City Hall New York NY 10007","NY","Qcells","False","False","False","","","","","","","","","No","200000503","","offline"
"100003603","","100003603","Qcells","","","John Anon","john.anon@example.com","123 Anon Street Anon City TX 75001","TX","Anon Solar Company","True","True","False","","","","","","","","","No","ANON-123456789E","","offline"
"100004416","","100004416","Qcells","","","","","Cheonggyecheon-ro Seoul UN 04541","UN","","","False","False","","","","","","","","","No","100004416","","offline"
"200000592","","200000592","Qcells","","","","","East Elmhurst Queens County NY 11371","NY","","","False","False","","","","","","","","","No","200000592","","offline"
"200000557","","200000557","Qcells","","","","","12334 Cantura St Los Angeles CA 91604","CA","Qcells","False","False","False","","","","","","","","","No","200000557","","offline"
"200000575","","200000575","Qcells","","","","","New York City Hall New York NY 10007","NY","bibega","False","False","False","","","","","","","","","No","200000575","","offline"
"200000533","","200000533","Qcells","","","","","New York City Hall New York NY 10007","NY","Qcells","False","False","False","","","","","","","","","No","200000533","","offline"
"100000788","","100000788","Qcells","","","","","Newhall Avenue Santa Clarita CA 91321","CA","","","False","False","","","","","","","","","No","100000788","","offline"
"100003619","","100003619","Qcells","","","John Anon","john.anon@example.com","123 Anon Street Anon City TX 75001","TX","Anon Solar Company","True","True","False","","","","","","","","","No","ANON-123456789L","","offline"
"400005714","","d45c9f12-61f9-4d3a-a630-3522704ce646","Tesla","","","Chivate Yogesh","yogesh@yopmail.com","31755 Alvarado Blvd AV Union City CA 94587","CA","Demo Installer","True","True","False","","325","6.02","ENPHASE_ENERGY_INC_-IQ8M_72_M_US__240V_","Enphase Energy Inc.","MicroInverter","IQ8M-72-M-US [240V]","","No","Tesla_TEST_AVAI_AD_0037","","offline"
"200000120","","200000120","Qcells","","","","","1535 Broadway, New York, NY 10036, USA New York NY 10036","NY","","","False","False","","","","","","","","","No","200000120","","offline"
"260001005","","260001005","Qcells","","","","","Test patch 3 Street Test 2 patchCity TX 75001","TX","","False","False","False","","","","","","","","","No","260001005","","offline"
"110000013","","110000013","Qcells","","","F Test L Test","testuser@yopmail.com","501 2nd St San Francisco CA 94107","CA","","False","False","False","","","","","","","","","No","110000013","","offline"
"200000377","","200000377","Qcells","","","","","Bangor Bangor ME 04401","ME","","False","False","False","","","","","","","","","No","200000377","","offline"
"200060015","","200060015","Qcells","","","","","Test patch 3 Street Test 2 patchCity TX 75001","TX","Demo Installer","False","False","False","","","","","","","","","No","DEV_ACSGEN2_AD-200060015","","offline"
"400005883","","cb0e6650-2431-4f1b-b548-a808c70e35a1","Tesla","Qcells","SSDQYJ5ZPK","ChanHyup Kim","chanhyup.kim@qcells.com","501 2nd St San Francisco CA 94107","CA","Demo Installer","True","False","False","","7593","9.02","QCELLS-Q_VOLT_H7_6SX","Qcells","Inverter","Q.VOLT H7.6SX","HybridInverter","No","APPTPO-2344416878","2344416878","offline"
"200000094","","200000094","Qcells","","","","","New York City Hall New York NY 10007","NY","","False","False","False","","","","","","","","","No","200000094","","offline"
"200000169","","200000169","Qcells","","","","","New York Times Building New York NY 10018","NY","","False","False","False","","","","","","","","","No","200000169","","offline"
"111000000","","111000000","Qcells","","","","","501 2nd St San Francisco CA 94107","CA","","","False","False","","","","","","","","","No","111000000","","offline"
"100000154","","100000154","Qcells","","","","","- Santa Clara CA 06766","CA","","False","False","False","","","","","","","","","No","100000154","","offline"
"200000534","","200000534","Qcells","","","","","New York City Hall New York NY 10007","NY","Qcells","False","False","False","","","","","","","","","No","200000534","","offline"
"400005886","","d45c9f12-61f9-4d3a-a630-3522704ce648","Tesla","","","","","31755 Alvarado Blvd AV Union City CA 94587","CA","","","False","False","","","","","","","","","No","Tesla_TEST_AVAI_AD_0101","","offline"
"400005697","","d45c9f12-61f9-4d3a-a630-3522704ce646","Tesla","","","Chivate Yogesh","yogesh@yopmail.com","31755 Alvarado Blvd AV Union City CA 94587","CA","Demo Installer","True","True","False","","325","6.02","ENPHASE_ENERGY_INC_-IQ8M_72_M_US__240V_","Enphase Energy Inc.","MicroInverter","IQ8M-72-M-US [240V]","","No","Tesla_TEST_AVAI_AD_0021","","offline"
"400005708","","d45c9f12-61f9-4d3a-a630-3522704ce646","Tesla","","","Chivate Yogesh","yogesh@yopmail.com","31755 Alvarado Blvd AV Union City CA 94587","CA","Demo Installer","True","True","False","","325","6.02","ENPHASE_ENERGY_INC_-IQ8M_72_M_US__240V_","Enphase Energy Inc.","MicroInverter","IQ8M-72-M-US [240V]","","No","Tesla_TEST_AVAI_AD_0031","","offline"
"100099907","","100099907","Qcells","Tesla","d45c9f12-61f9-4d3a-a630-3522704ce646","DEVC3 NYM DEVC3 NYM","happy.yunmin@gmail.com","123456 Somewhere El Dorado Hills CA 95762","CA","","False","False","False","","7600","0","QCELLS-Q_HOME_CORE_A7_6B13_1","Qcells","Inverter","Q.HOME CORE A7.6B13.1","BatteryInverter","No","TESLA_Test_AV_1001","","offline"
"200000573","","200000573","Qcells","","","","","New York City Hall New York NY 10007","NY","","","False","False","","","","","","","","","No","200000573","","offline"
"100003865","","100003865","Qcells","","","","","Van Ness Avenue San Francisco CA 94103","CA","","","False","False","","","","","","","","","No","100003865","","offline"
"100928122","","100928122","Qcells","","","","","47 San Pedro St Salinas CA 93901","CA","","","False","False","","","","","","","","","No","APPTPO-2511179995","2511179995","offline"
"129372309","","129372309","Qcells","","","","","31755 Alvarado Blvd Union City CA 94587","CA","","","False","False","","","","","","","","","No","APPTPO-2506166401","2506166401","offline"
"100000159","","100000159","Qcells","","","","","Warburton Avenue Santa Clara CA 06766","CA","","False","False","False","","","","","","","","","No","100000159","","offline"
"400005813","","50090070","Enphase","","","Chivate Yogesh","yogesh@yopmail.com","31755 Alvarado Blvd AV Union City CA 94587","CA","Demo Installer","True","True","False","","325","6.02","ENPHASE_ENERGY_INC_-IQ8M_72_M_US__240V_","Enphase Energy Inc.","MicroInverter","IQ8M-72-M-US [240V]","","No","Tesla_TEST_AVAI_AD_0142","","offline"
"193047887","","193047887","Qcells","","","","","1707 W Cornell Ave Fresno CA 93705","CA","","","False","False","","","","","","","","","No","APPTPO-2511179681","2511179681","offline"
"200000370","","200000370","Qcells","","","","","New York City Hall New York NY 10007","NY","","False","False","False","","","","","","","","","No","200000370","","offline"
"100000548","","100000548","Qcells","","","","","Vermont Street Lawrence KS 03088","KS","","False","False","False","","","","","","","","","No","100000548","","offline"
"100000411","","100000411","Qcells","","","","","Warburton Avenue Santa Clara CA 06766","CA","","False","False","False","","","","","","","","","No","100000411","","offline"
"400005711","","d45c9f12-61f9-4d3a-a630-3522704ce646","Tesla","","","","","31755 Alvarado Blvd AV Union City CA 94587","CA","","","False","False","","","","","","","","","No","Tesla_TEST_AVAI_AD_0034","","offline"
"260000007","","260000007","Qcells","","","","","Test patch 3 Street Test 2 patchCity TX 75001","TX","","False","False","False","","","","","","","","","No","260000007","","offline"
"200000502","","200000502","Qcells","","","","","New York City Hall New York NY 10007","NY","Qcells","False","False","False","","","","","","","","","No","200000502","","offline"
"400003695","","88520134185","SolarEdge","","","","","501 2nd St San Francisco CA 94107","CA","","","False","False","","","","","","","","","No","400003695","","offline"
"400005676","","00555518181841","Tesla","","","","","501 2nd St San Francisco CA 94107","CA","","","False","False","","","","","","","","","No","400005676","","offline"
"400005219","","999000102","Tesla","","","","","501 2nd St San Francisco CA 94107","CA","","","False","False","","","","","","","","","No","400005219","","offline"
"400005915","","00555518181841","Tesla","","","","","501 2nd St San Francisco CA 94107","CA","","","False","False","","","","","","","","","No","400005915","","offline"
"400002305","","S123456789","Qcells","","","","","321 Elm Street Los Angeles CA 90001","CA","","","False","False","","","","","","","","","No","125270","","offline"
"200000367","","200000367","Qcells","","","","","New York City Hall New York NY 10007","NY","","False","False","False","","","","","","","","","No","200000367","","offline"
"110000002","","110000002","Qcells","","","","","501 2nd St San Francisco CA 94107","CA","Demo Installer2","False","False","False","","","","","","","","","No","110000002","","offline"
"400005907","","ASSET-20250118-C411","Enphase","","","test fl","fl@yopmail.com","501 2nd St. San Francisco CA 94107","CA","Demo Installer","True","False","False","","7593","20.91","QCELLS-Q_VOLT_H7_6SX","Qcells","Inverter","Q.VOLT H7.6SX","HybridInverter","No","solax_site_with_solax_As_411","","offline"
"100099904","","100099904","Qcells","Tesla","d45c9f12-61f9-4d3a-a630-3522704ce646","John Anon","john.anon@example.com","Test patch 3 Street Test 2 patchCity TX 75001","TX","Anon Solar Company","True","True","False","","7600","0","QCELLS-Q_HOME_CORE_A7_6B13_1","Qcells","Inverter","Q.HOME CORE A7.6B13.1","BatteryInverter","No","ANON-123456ACM4","","offline"
"200020027","","200020027","Qcells","","","","","Test patch 3 Street Test 2 patchCity TX 75001","TX","","False","False","False","","","","","","","","","No","GEN2_Test_AV_LS_2004","","offline"
"100003812","","100003812","Qcells","","","","","- - KS 03088","KS","","","False","False","","","","","","","","","No","100003812","","offline"
"260212115","","260212115","Qcells","","","","","31755 Alvarado Blvd AV Union City CA 94587","CA","","","False","False","","","","","","","","","No","ACS-GEN2-115","","offline"
"100000328","","100000328","Qcells","","","","","Apple Park Way Cupertino CA 95014","CA","","False","False","False","","","","","","","","","No","100000328","","offline"
"400005702","","d45c9f12-61f9-4d3a-a630-3522704ce646","Tesla","","","Chivate Yogesh","yogesh@yopmail.com","31755 Alvarado Blvd AV Union City CA 94587","CA","Demo Installer","True","True","False","","325","6.02","ENPHASE_ENERGY_INC_-IQ8M_72_M_US__240V_","Enphase Energy Inc.","MicroInverter","IQ8M-72-M-US [240V]","","No","Tesla_TEST_AVAI_AD_0026","","offline"
"400003659","","0000000","Enphase","","","","","900 Marry St San Jose CA 95138","CA","","","False","False","","","","","","","","","No","APPTPO-Test-dev289","289","offline"
"400002293","","S123456789","Qcells","","","","","321 Elm Street Los Angeles CA 90001","CA","","","False","False","","","","","","","","","No","125274","","offline"
"100003845","","100003845","Qcells","","","","","- - KS 03088","KS","","","False","False","","","","","","","","","No","100003845","","offline"
"400005706","","d45c9f12-61f9-4d3a-a630-3522704ce646","Tesla","","","Chivate Yogesh","yogesh@yopmail.com","31755 Alvarado Blvd AV Union City CA 94587","CA","Demo Installer","True","True","False","","325","6.02","ENPHASE_ENERGY_INC_-IQ8M_72_M_US__240V_","Enphase Energy Inc.","MicroInverter","IQ8M-72-M-US [240V]","","No","Tesla_TEST_AVAI_AD_0020","","offline"
"400003692","","88520134185","SolarEdge","","","","","501 2nd St San Francisco CA 94107","CA","","","False","False","","","","","","","","","No","400003692","","offline"
"400005211","","SSSSSSSSSS","Qcells","","","","","722 86th Ave N St. Petersburg FL 33702","FL","","","False","False","","","","","","","","","No","APPTPO-2508171189","2508171189","offline"
"200000371","","200000371","Qcells","","","","","New York City Hall New York NY 10007","NY","","False","False","False","","","","","","","","","No","200000371","","offline"
"260000015","","260000015","Qcells","","","","","Test patch 3 Street Test 2 patchCity TX 75001","TX","","False","False","False","","","","","","","","","No","260000015","","offline"
"200000510","","200000510","Qcells","","","","","New York City Hall New York NY 10007","NY","","","False","False","","","","","","","","","No","200000510","","offline"
"100000164","","100000164","Qcells","","","","","- Santa Clara CA 06766","CA","","False","False","False","","","","","","","","","No","100000164","","offline"
"200000354","","200000354","Qcells","","","","","2920 Zoo Dr San Diego CA 92101","CA","","False","False","False","","","","","","","","","No","200000354","","offline"
"260001008","","260001008","Qcells","","","","","Test patch 3 Street Test 2 patchCity TX 75001","TX","","False","False","False","","","","","","","","","No","260001008","","offline"
"400005729","","d45c9f12-61f9-4d3a-a630-3522704ce646","Tesla","","","Chivate Yogesh","yogesh@yopmail.com","31755 Alvarado Blvd AV Union City CA 94587","CA","Demo Installer","True","True","False","","325","6.02","ENPHASE_ENERGY_INC_-IQ8M_72_M_US__240V_","Enphase Energy Inc.","MicroInverter","IQ8M-72-M-US [240V]","","No","Tesla_TEST_AVAI_AD_0052","","offline"
"200000418","","200000418","Qcells","","","","","New York City Hall New York NY 10007","NY","","","False","False","","","","","","","","","No","200000418","","offline"
"200060038","","200060038","Qcells","","","","","New York City Hall New York NY 10007","NY","Qcells","False","False","False","","","","","","","","","No","DEV_ACSGEN2_AD-200060038","","offline"
"400005818","","00555518181841","Tesla","","","","","501 2nd St San Francisco CA 94107","CA","","","False","False","","","","","","","","","No","400005818","","offline"
"100004117","","100004117","Qcells","","","","","Stanford Ln El Dorado Hills CA 95762","CA","","","False","False","","","","","","","","","No","100004117","","offline"
"200020059","","200020059","Qcells","","","","","Test patch 3 Street Test 2 patchCity TX 75001","TX","Demo Installer","False","False","False","","","","","","","","","No","ACSGEN2_Test_AV_LS_20025","","offline"
"200020058","","200020058","Qcells","","","","","Test patch 3 Street Test 2 patchCity TX 75001","TX","Demo Installer","False","False","False","","","","","","","","","No","ACSGEN2_Test_AV_LS_20024","","offline"
"400003596","","0000000","Enphase","","","Adriana Arreola","adriana.arreola13@yahoo.com","900 Marry St San Jose CA 95138","CA","","True","True","False","","","","","","","","","No","APPTPO-Test-dev302","302","offline"
"200000506","","200000506","Qcells","","","","","New York City Hall New York NY 10007","NY","Qcells","False","False","False","","","","","","","","","No","200000506","","offline"
"200000512","","200000512","Qcells","","","","","12334 Cantura St Los Angeles CA 91604","CA","Qcells","False","False","False","","","","","","","","","No","200000512","","offline"
"200000520","","200000520","Qcells","","","","","2100 Kitty Hawk Ave Philadelphia PA 19112","PA","Qcells","False","False","False","","","","","","","","","No","200000520","","offline"
"200000519","","200000519","Qcells","","","","","New York City Hall New York NY 10007","NY","john doe","False","False","False","","","","","","","","","No","200000519","","offline"
"200000516","","200000516","Qcells","","","","","New York City Hall New York NY 10007","NY","kosef","False","False","False","","","","","","","","","No","200000516","","offline"
"200000518","","200000518","Qcells","","","","","123 William St New York NY 10038","NY","Qcells","False","False","False","","","","","","","","","No","200000518","","offline"
"200000525","","200000525","Qcells","","","","","San Francisco SF CA 94128","CA","Qcells","False","False","False","","","","","","","","","No","200000525","","offline"
"200000524","","200000524","Qcells","","","","","76Q5+MG White GA 30184","GA","Qcells","False","False","False","","","","","","","","","No","200000524","","offline"
"400003599","","0000000","Enphase","","","Adriana Arreola","adriana.arreola13@yahoo.com","900 Marry St San Jose CA 95138","CA","Bryton Power LLC","True","True","False","","","","","","","","","No","APPTPO-Test-dev987","987","offline"
"400003430","","88520134185","SolarEdge","","","","","501 2nd St San Francisco CA 94107","CA","","","False","False","","","","","","","","","No","400003430","","offline"
"400003407","","0000000","Enphase","","","","","900 Marry St San Jose CA 95138","CA","","","False","False","","","","","","","","","No","APPTPO-Test-dev122","122","offline"
"400003373","","0000000","Enphase","","","","","900 Marry St San Jose CA 95138","CA","","","False","False","","","","","","","","","No","APPTPO-Test-dev170","170","offline"
"400003323","","0000000","Enphase","","","","","900 Marry St San Jose CA 95138","CA","","","False","False","","","","","","","","","No","APPTPO-Test-dev110","110","offline"
"400003327","","0000000","Enphase","","","","","900 Marry St San Jose CA 95138","CA","","","False","False","","","","","","","","","No","APPTPO-Test-dev119","119","offline"
"400003381","","0000000","Enphase","","","","","900 Marry St San Jose CA 95138","CA","","","False","False","","","","","","","","","No","APPTPO-Test-dev189","189","offline"
"400003400","","0000000","Enphase","","","","","900 Marry St San Jose CA 95138","CA","","","False","False","","","","","","","","","No","APPTPO-Test-dev192","192","offline"
"400003403","","0000000","Enphase","","","","","900 Marry St San Jose CA 95138","CA","","","False","False","","","","","","","","","No","APPTPO-Test-dev103","103","offline"
"400003197","","88520134185","SolarEdge","","","","","501 2nd St San Francisco CA 94107","CA","","","False","False","","","","","","","","","No","400003197","","offline"
"400003196","","88520134185","SolarEdge","","","","","501 2nd St San Francisco CA 94107","CA","","","True","False","","","","","","","","","No","400003196","","offline"
"400003190","","S435678906","Qcells","","","","","1231 Falcon St San Jose CA 95138","CA","","","False","False","","","","","","","","","No","App-test-panels","","offline"
"300000123","","300000123","Qcells","","","","","501 2nd St San Francisco CA 94107","CA","","","False","False","","","","","","","","","No","APPTPO-2408287174","2408287174","offline"
"400002487","","SSL49PRQQE","Qcells","","","","","501 2nd St San Francisco CA 94107","CA","","","False","False","","","","","","","","","No","APPTPO-2519991450","2519991450","offline"
"100004088","2025-07-08 01:28:41.000","100004088","Qcells","","","TW CASE1 REPLACE TW CASE1 REPLACE","taewaun.kwon@qcells.com","- - UN 04541","UN","","False","False","False","","","","","","","","","No","100004088","","offline"
"100004097","2025-07-08 11:10:29.000","100004097","Qcells","","","C1 C1 REPLACE JY","junyounglee@qcells.com","- - UN 04541","UN","","False","False","False","","","","","","","","","No","100004097","","offline"
"100004092","2025-07-10 01:18:39.000","100004092","Qcells","","","replace_test replace_test","heejin_shin@qcells.com","Arkansas Street - CA 90706","CA","","False","False","False","","","","","","","","","No","100004092","","offline"
"400004979","2025-07-23 15:15:01.000","SSEES4QTST","Qcells","","","ChanHyup Kim","chanhyup.kim@qcells.com","501 2nd St San Francisco CA 94107","CA","Demo Installer","True","True","False","","7593","9.02","QCELLS-Q_VOLT_H7_6SX","Qcells","Inverter","Q.VOLT H7.6SX","HybridInverter","No","APPTPO-2527191461","2527191461","offline"
"100004226","2025-07-31 05:06:10.000","100004226","Qcells","","","DEVC3 NYM DEVC3 NYM","happy.yunmin@gmail.com","Warren Lane El Dorado Hills CA 95762","CA","","False","False","False","","7600","0","QCELLS-Q_HOME_CORE_A7_6B13_1","Qcells","Inverter","Q.HOME CORE A7.6B13.1","BatteryInverter","No","100004226","","offline"
"100004130","2025-07-31 08:26:52.000","100004130","Qcells","","","C3 ESS2 JY C3 ESS2 JY","junyounglee@qcells.com","- - UN 04541","UN","","False","False","False","","","0","QCELLS-Q_HOME_CORE_A7_6B13_1","Qcells","Inverter","Q.HOME CORE A7.6B13.1","BatteryInverter","No","100004130","","offline"
"400005143","2025-08-20 18:10:39.000","0aab7d47-ddaf-4a6e-bbe4-d010ba285555","Tesla","Qcells","S332211111","","","8 Av. de la Constitución Centro Viejo San Juan San Juan PR 00918","PR","","","False","False","","","","","","","","","No","APPTPO-2505161888","2505161888","offline"
"100004222","2025-09-05 04:59:49.000","100004222","Qcells","","","","","Mid Lot Dr Indianapolis IN 46241","IN","","","False","False","","","","","","","","","No","100004222","","offline"
"400005216","2025-09-06 14:20:01.000","SSNBJ2HHCW","Qcells","","","ChanHyup Kim","chanhyup.kim@qcells.com","501 2nd St San Francisco CA 94107","CA","Demo Installer","True","True","True","96d4f617-257c-45f1-b7ea-eb1576f0b75c","7593","9.02","QCELLS-Q_VOLT_H7_6SX","Qcells","Inverter","Q.VOLT H7.6SX","HybridInverter","No","APPTPO-2729296123","2729296123","offline"
"110000010","2025-09-19 22:35:42.000","110000010","Qcells","","","","","501 2nd St San Francisco CA 94107","CA","","False","False","False","","","","","","","","","No","110000010","","offline"
"110000007","2025-09-19 22:35:42.000","110000007","Qcells","","","","","501 2nd St San Francisco CA 94107","CA","","False","False","False","","","","","","","","","No","110000007","","offline"
"110000004","2025-09-19 22:35:42.000","110000004","Qcells","","","","","501 2nd St San Francisco CA 94107","CA","","False","True","False","","","","","","","","","No","110000004","","offline"
"100004223","2025-09-27 09:14:27.000","100004223","Qcells","","","DEVC3 NW DEVC3 NW","youngguk.bae@qcells.com","Stanford Lane El Dorado Hills CA 95762","CA","","False","False","False","","","0","QCELLS-Q_HOME_CORE_A7_6B13_1","Qcells","Inverter","Q.HOME CORE A7.6B13.1","BatteryInverter","No","100004223","","offline"
"190001926","2025-10-22 12:00:51.000","190001926","Qcells","","","ChanHyup Kim","chanhyup.kim@qcells.com","223 Fawn Ridge Drive Copperas Cove TX 76522","TX","Demo Installer","True","True","False","","3805","9.02","QCELLS-Q_VOLT_H3_8SX","Qcells","Inverter","Q.VOLT H3.8SX","HybridInverter","No","APPTPO-2412332026","2412332026","offline"
"100003987","2025-10-23 07:06:41.000","100003987","Qcells","","","Case1/yewonkim@qcells.com Case1/yewonkim@qcells.com","yewonkim@qcells.com","Newhall Avenue Santa Clarita CA 91321","CA","","False","False","False","","","","","","","","","No","100003987","","offline"
"100004089","2025-11-05 06:14:58.000","100004089","Qcells","","","TW CASE5 REPLACE TW CASE5 REPLACE","taewaun.kwon@qcells.com","- - UN 04541","UN","","False","False","False","","7600","0","QCELLS-Q_HOME_CORE_A7_6B13_1","Qcells","Inverter","Q.HOME CORE A7.6B13.1","BatteryInverter","No","100004089","","offline"
"100099911","2025-11-11 03:30:44.000","100099911","Qcells","","","DEVC3 NYM DEVC3 NYM","happy.yunmin@gmail.com","Somewhere El Dorado Hills CA 95762","CA","","False","False","False","","7600","0","QCELLS-Q_HOME_CORE_A7_6B13_1","Qcells","Inverter","Q.HOME CORE A7.6B13.1","BatteryInverter","No","100099911","","offline"
"100004435","2025-11-17 06:54:05.000","100004435","Qcells","","","Jiungshintest Jiungshintest","jiung.shin22@qcells.com","Oak Street Kansas City MO 64106","MO","","False","False","False","","","","","","","","","No","100004435","","offline"
"100004439","2025-11-19 23:50:25.000","100004439","Qcells","","","Jiungshintest Jiungshintest","jiung.shin22@qcells.com","Oak Street Kansas City MO 64106","MO","","False","False","False","","7600","0","QCELLS-Q_HOME_CORE_A7_6B13_1","Qcells","Inverter","Q.HOME CORE A7.6B13.1","BatteryInverter","No","100004439","","offline"
"100004298","2025-11-27 01:10:48.000","100004298","Qcells","","","dongjun_c4 dongjun_c4","jumy.dong@qcells.com","Cheonggyecheon-ro Seoul UN 04541","UN","","False","False","False","","7600","0","QCELLS-Q_HOME_CORE_A7_6B13_1","Qcells","Inverter","Q.HOME CORE A7.6B13.1","BatteryInverter","No","100004298","","offline"
"100004427","2026-01-18 00:08:33.000","100004427","Qcells","","","Jiungshintest Jiungshintest","jiung.shin22@qcells.com","Oak Street Kansas City MO 64106","MO","","False","False","False","","7600","0","QCELLS-Q_HOME_CORE_A7_6B13_1","Qcells","Inverter","Q.HOME CORE A7.6B13.1","BatteryInverter","No","100004427","","offline"
"100004684","2026-01-21 07:25:01.000","100004684","Qcells","","","simulator-485736320-b3142bfd simulator-485736320-b3142bfd","email-76131b73@qcells.test.com","Exposition Park Drive Los Angeles CA 90037","CA","","False","False","False","","","","","","","","","No","100004684","","offline"
"400005254","2026-02-24 18:24:22.000","SSXGHKTDKN","Qcells","","","Hyungjoo Ahn","hyungjoo.ahn@qcells.com","1515 Wyatt Dr Santa Clara CA 95054","CA","","True","False","True","9041a31a-010e-483f-a2a6-dbefe6402929","7600","5","QCELLS-Q_HOME_CORE_A7_6B13_1","Qcells","Inverter","Q.HOME CORE A7.6B13.1","BatteryInverter","No","AH2076J7123103","","offline"
"400005098","2026-02-25 02:53:48.000","4e7b44d8-eca8-4e42-8ccd-f070c369cd88","Tesla","","","","","19948 Christopher Ln Santa Clarita CA 91350","CA","","","True","False","","","","","","","","","No","APPTPO-2508170362","2508170362","offline"
"400005707","2026-02-25 03:21:07.000","d45c9f12-61f9-4d3a-a630-3522704ce646","Tesla","","","Chivate Yogesh","yogesh@yopmail.com","31755 Alvarado Blvd AV Union City CA 94587","CA","Demo Installer","True","True","False","","325","6.02","ENPHASE_ENERGY_INC_-IQ8M_72_M_US__240V_","Enphase Energy Inc.","MicroInverter","IQ8M-72-M-US [240V]","","No","Tesla_TEST_AVAI_AD_0030","","offline"
"400005866","2026-02-26 18:40:00.000","00555518181841","Tesla","","","","","501 2nd St San Francisco CA 94107","CA","","","False","False","","","","","","","","","No","400005866","","offline"
"400005784","2026-02-26 18:45:01.000","SSEBJ2HHCC","Qcells","","","ChanHyup Kim","chanhyup.kim@qcells.com","501 2nd St San Francisco CA 94107","CA","Demo Installer","True","True","False","","7593","9.02","QCELLS-Q_VOLT_H7_6SX","Qcells","Inverter","Q.VOLT H7.6SX","HybridInverter","No","APPTPO-2329496801","2329496801","offline"
"100004628","2026-03-04 04:02:27.000","100004628","Qcells","","","simulator-485736320-d36d2251 simulator-485736320-d36d2251","email-dbdf82e5@qcells.test.com","Montgomery Street San Francisco CA 94111","CA","","False","False","False","","","","","","","","","No","100004628","","offline"
"100004639","2026-03-04 04:02:27.000","100004639","Qcells","","","simulator-485736320-9af5b431 simulator-485736320-9af5b431","email-e78995e1@qcells.test.com","Amphitheatre Parkway Mountain View CA 94043","CA","","False","False","False","","","","","","","","","No","100004639","","offline"
"100004680","2026-03-04 04:02:29.000","100004680","Qcells","","","simulator-485736320-2964851f simulator-485736320-2964851f","email-2dd303ad@qcells.test.com","Howard Drive Cupertino CA 95051","CA","","False","False","False","","","","","","","","","No","100004680","","offline"
"400005810","2026-03-10 12:10:56.000","d45c9f12-61f9-4d3a-a630-3522704ce646","Tesla","","","Chivate Yogesh","yogesh@yopmail.com","31755 Alvarado Blvd AV Union City CA 94587","CA","Demo Installer","True","True","False","","325","6.02","ENPHASE_ENERGY_INC_-IQ8M_72_M_US__240V_","Enphase Energy Inc.","MicroInverter","IQ8M-72-M-US [240V]","","No","Tesla_TEST_AVAI_AD_0139","","offline"
"400005812","2026-03-10 20:21:20.000","d45c9f12-61f9-4d3a-a630-3522704ce646","Tesla","","","Chivate Yogesh","yogesh@yopmail.com","31755 Alvarado Blvd AV Union City CA 94587","CA","Demo Installer","True","True","False","","325","6.02","ENPHASE_ENERGY_INC_-IQ8M_72_M_US__240V_","Enphase Energy Inc.","MicroInverter","IQ8M-72-M-US [240V]","","No","Tesla_TEST_AVAI_AD_0141","","offline"
"400005278","2026-03-17 21:15:00.000","ASSET-20250120-C334","Enphase","","","","","501 2nd St. San Francisco CA 94107","CA","","","False","False","","","","","","","","","No","ASSET-20250120-C334","","offline"
"400005230","2026-03-17 21:15:00.000","SSNBJ2HHCZ","Qcells","","","ChanHyup Kim","chanhyup.kim@qcells.com","501 2nd St San Francisco CA 94107","CA","Demo Installer","True","True","False","","7593","9.02","QCELLS-Q_VOLT_H7_6SX","Qcells","Inverter","Q.VOLT H7.6SX","HybridInverter","No","APPTPO-2729496103","2729496103","offline"
"400005723","2026-03-17 21:15:00.000","d45c9f12-61f9-4d3a-a630-3522704ce646","Tesla","","","Chivate Yogesh","yogesh@yopmail.com","31755 Alvarado Blvd AV Union City CA 94587","CA","Demo Installer","True","True","False","","325","6.02","ENPHASE_ENERGY_INC_-IQ8M_72_M_US__240V_","Enphase Energy Inc.","MicroInverter","IQ8M-72-M-US [240V]","","No","Tesla_TEST_AVAI_AD_0046","","offline"
"400003396","2026-03-17 21:15:00.000","0000000","Enphase","","","","","900 Marry St San Jose CA 95138","CA","","","False","False","","","","","","","","","No","APPTPO-Test-dev181","181","offline"
"400005767","2026-03-17 21:15:00.000","9604870a-12fc-4fd8-a72d-46a2111bbbef","Tesla","","","Maharshi test","maharshitestetetu101_01@yopmail.com","2652 SW 29th Ave Cape Coral FL 33914","FL","3I Atlas","True","True","False","","","","","","","","","No","PTD-INGEST-Enfin-0008","","offline"
"400003364","2026-03-17 21:15:00.000","0000000","Enphase","","","","","900 Marry St San Jose CA 95138","CA","","","False","False","","","","","","","","","No","APPTPO-Test-dev153","153","offline"
"400005717","2026-03-17 21:15:00.000","d45c9f12-61f9-4d3a-a630-3522704ce646","Tesla","","","","","31755 Alvarado Blvd AV Union City CA 94587","CA","","","False","False","","","","","","","","","No","Tesla_TEST_AVAI_AD_0040","","offline"
"400005215","2026-03-17 21:15:00.000","S189394977","Qcells","","","","","6932 Bitterbush Pl Boynton Beach FL 33472","FL","","","False","False","","","","","","","","","No","APPTPO-2508171185","2508171185","offline"
"400003399","2026-03-17 21:15:00.000","0000000","Enphase","","","","","900 Marry St San Jose CA 95138","CA","","","False","False","","","","","","","","","No","APPTPO-Test-dev184","184","offline"
"400003351","2026-03-17 21:15:00.000","0000000","Enphase","","","","","900 Marry St San Jose CA 95138","CA","","","False","False","","","","","","","","","No","APPTPO-Test-dev135","135","offline"
"400003409","2026-03-17 21:15:00.000","0000000","Enphase","","","","","900 Marry St San Jose CA 95138","CA","","","False","False","","","","","","","","","No","APPTPO-Test-dev111","111","offline"
"400005012","2026-03-17 21:30:00.000","0000000","Enphase","","","","","900 Marry St San Jose CA 95138","CA","","","False","False","","","","","","","","","No","APPTPO-Test-dev2721753212776698","2721753212776698","offline"
"400005710","2026-03-17 21:30:00.000","d45c9f12-61f9-4d3a-a630-3522704ce646","Tesla","","","","","31755 Alvarado Blvd AV Union City CA 94587","CA","","","False","False","","","","","","","","","No","Tesla_TEST_AVAI_AD_0033","","offline"
"400005862","2026-03-17 21:30:00.000","4675020","SolarEdge","","","Chivate Yogesh","yogesh@yopmail.com","31755 Alvarado Blvd AV Union City CA 94587","CA","Demo Installer","True","False","False","","","","","","","","","No","TEST_AVAI_AD_0200","","offline"
"400005741","2026-03-17 21:30:00.000","d45c9f12-61f9-4d3a-a630-3522704ce646","Tesla","","","Chivate Yogesh","yogesh@yopmail.com","31755 Alvarado Blvd AV Union City CA 94587","CA","Demo Installer","True","True","False","","325","6.02","ENPHASE_ENERGY_INC_-IQ8M_72_M_US__240V_","Enphase Energy Inc.","MicroInverter","IQ8M-72-M-US [240V]","","No","Tesla_TEST_AVAI_AD_0043","","offline"
"400005694","2026-03-17 21:30:00.000","d45c9f12-61f9-4d3a-a630-3522704ce646","Tesla","","","Chivate Yogesh","yogesh@yopmail.com","31755 Alvarado Blvd AV Union City CA 94587","CA","Demo Installer","True","True","False","","325","6.02","ENPHASE_ENERGY_INC_-IQ8M_72_M_US__240V_","Enphase Energy Inc.","MicroInverter","IQ8M-72-M-US [240V]","","No","Tesla_TEST_AVAI_AD_0017","","offline"
"400005698","2026-03-17 21:30:00.000","d45c9f12-61f9-4d3a-a630-3522704ce646","Tesla","","","Chivate Yogesh","yogesh@yopmail.com","31755 Alvarado Blvd AV Union City CA 94587","CA","Demo Installer","True","True","False","","325","6.02","ENPHASE_ENERGY_INC_-IQ8M_72_M_US__240V_","Enphase Energy Inc.","MicroInverter","IQ8M-72-M-US [240V]","","No","Tesla_TEST_AVAI_AD_0022","","offline"
"400005011","2026-03-17 21:30:00.000","0000000","Enphase","","","","","900 Marry St San Jose CA 95138","CA","","","False","False","","","","","","","","","No","APPTPO-Test-dev2721753212473723","2721753212473723","offline"
"400005748","2026-03-17 21:30:00.000","SS20240612","Qcells","Tesla","d45c9f12-61f9-4d3a-a630-3522704ce646","Chivate Yogesh","yogesh@yopmail.com","31755 Alvarado Blvd AV Union City FL 94587","FL","Demo Installer","True","True","False","","325","6.02","ENPHASE_ENERGY_INC_-IQ8M_72_M_US__240V_","Enphase Energy Inc.","MicroInverter","IQ8M-72-M-US [240V]","","No","Tesla_TEST_AVAI_AD_0069","","offline"
"400005700","2026-03-17 21:30:00.000","d45c9f12-61f9-4d3a-a630-3522704ce646","Tesla","","","","","31755 Alvarado Blvd AV Union City CA 94587","CA","","","False","False","","","","","","","","","No","Tesla_TEST_AVAI_AD_0024","","offline"
"400005725","2026-03-17 21:30:00.000","d45c9f12-61f9-4d3a-a630-3522704ce646","Tesla","","","Chivate Yogesh","yogesh@yopmail.com","31755 Alvarado Blvd AV Union City CA 94587","CA","Demo Installer","True","True","False","","325","6.02","ENPHASE_ENERGY_INC_-IQ8M_72_M_US__240V_","Enphase Energy Inc.","MicroInverter","IQ8M-72-M-US [240V]","","No","Tesla_TEST_AVAI_AD_0048","","offline"
"400003191","2026-03-17 21:30:00.000","S435678906","Qcells","","","","","1231 Falcon St San Jose CA 95138","CA","","","False","False","","","","","","","","","No","App-test-panel-fix","","offline"
"400005016","2026-03-17 21:30:00.000","0000000","Enphase","","","","","900 Marry St San Jose CA 95138","CA","","","False","False","","","","","","","","","No","APPTPO-Test-dev2721753213710237","2721753213710237","offline"
"400005736","2026-03-17 21:30:00.000","d45c9f12-61f9-4d3a-a630-3522704ce646","Tesla","","","Chivate Yogesh","yogesh@yopmail.com","31755 Alvarado Blvd AV Union City CA 94587","CA","Demo Installer","True","True","False","","325","6.02","ENPHASE_ENERGY_INC_-IQ8M_72_M_US__240V_","Enphase Energy Inc.","MicroInverter","IQ8M-72-M-US [240V]","","No","Tesla_TEST_AVAI_AD_0060","","offline"
"400003393","2026-03-17 21:30:00.000","0000000","Enphase","","","","","900 Marry St San Jose CA 95138","CA","","","False","False","","","","","","","","","No","APPTPO-Test-dev195","195","offline"
"400005709","2026-03-17 21:30:00.000","d45c9f12-61f9-4d3a-a630-3522704ce646","Tesla","","","Chivate Yogesh","yogesh@yopmail.com","31755 Alvarado Blvd AV Union City CA 94587","CA","Demo Installer","True","True","False","","325","6.02","ENPHASE_ENERGY_INC_-IQ8M_72_M_US__240V_","Enphase Energy Inc.","MicroInverter","IQ8M-72-M-US [240V]","","No","Tesla_TEST_AVAI_AD_0032","","offline"
"400005731","2026-03-17 21:30:00.000","d45c9f12-61f9-4d3a-a630-3522704ce646","Tesla","","","Chivate Yogesh","yogesh@yopmail.com","31755 Alvarado Blvd AV Union City CA 94587","CA","Demo Installer","True","True","False","","325","6.02","ENPHASE_ENERGY_INC_-IQ8M_72_M_US__240V_","Enphase Energy Inc.","MicroInverter","IQ8M-72-M-US [240V]","","No","Tesla_TEST_AVAI_AD_0055","","offline"
"400005751","2026-03-17 21:30:00.000","SS20240612","Qcells","Tesla","d45c9f12-61f9-4d3a-a630-3522704ce646","Chivate Yogesh","yogesh@yopmail.com","31755 Alvarado Blvd AV Union City FL 94587","FL","Demo Installer","True","True","False","","325","6.02","ENPHASE_ENERGY_INC_-IQ8M_72_M_US__240V_","Enphase Energy Inc.","MicroInverter","IQ8M-72-M-US [240V]","","No","Tesla_TEST_AVAI_AD_0072","","offline"
"400005611","2026-03-17 21:30:00.000","d45c9f12-61f9-4d3a-a630-3522704ce646","Tesla","","","","","31755 Alvarado Blvd AV 1004-2 Union City CA 94587","CA","","","False","False","","","","","","","","","No","TESLA_Test_AV_LS_1008","","offline"
"400005015","2026-03-17 21:30:00.000","0000000","Enphase","","","","","900 Marry St San Jose CA 95138","CA","","","False","False","","","","","","","","","No","APPTPO-Test-dev2721753213289344","2721753213289344","offline"
"400005722","2026-03-17 21:30:00.000","d45c9f12-61f9-4d3a-a630-3522704ce646","Tesla","","","Chivate Yogesh","yogesh@yopmail.com","31755 Alvarado Blvd AV Union City CA 94587","CA","Demo Installer","True","True","False","","325","6.02","ENPHASE_ENERGY_INC_-IQ8M_72_M_US__240V_","Enphase Energy Inc.","MicroInverter","IQ8M-72-M-US [240V]","","No","Tesla_TEST_AVAI_AD_0045","","offline"
"400005692","2026-03-17 21:30:00.000","00555518181841","Tesla","","","","","501 2nd St San Francisco CA 94107","CA","","","False","False","","","","","","","","","No","400005692","","offline"
"400003382","2026-03-17 21:30:00.000","0000000","Enphase","","","","","900 Marry St San Jose CA 95138","CA","","","False","False","","","","","","","","","No","APPTPO-Test-dev161","161","offline"
"400005734","2026-03-17 21:30:00.000","d45c9f12-61f9-4d3a-a630-3522704ce646","Tesla","","","Chivate Yogesh","yogesh@yopmail.com","31755 Alvarado Blvd AV Union City CA 94587","CA","Demo Installer","True","True","False","","325","6.02","ENPHASE_ENERGY_INC_-IQ8M_72_M_US__240V_","Enphase Energy Inc.","MicroInverter","IQ8M-72-M-US [240V]","","No","Tesla_TEST_AVAI_AD_0058","","offline"
"400005218","2026-03-17 21:30:00.000","SSNBJ2HHCW","Qcells","","","ChanHyup Kim","chanhyup.kim@qcells.com","501 2nd St San Francisco CA 94107","CA","Demo Installer","True","True","True","5e5de458-5550-459b-ab29-3f7b6642bc84","7593","9.02","QCELLS-Q_VOLT_H7_6SX","Qcells","Inverter","Q.VOLT H7.6SX","HybridInverter","No","APPTPO-2729296194","2729296194","offline"
"400005674","2026-03-17 21:30:00.000","00555518181841","Tesla","","","","","501 2nd St San Francisco CA 94107","CA","","","False","False","","","","","","","","","No","400005674","","offline"
"400005060","2026-03-17 21:30:00.000","SSAGTCZFQ8","Qcells","Qcells","100001924","ChanHyup Kim","chanhyup.kim@qcells.com","501 2nd St San Francisco CA 94107","CA","Demo Installer","True","True","False","","7593","9.02","QCELLS-Q_VOLT_H7_6SX","Qcells","Inverter","Q.VOLT H7.6SX","HybridInverter","No","APPTPO-2529391418","2529391418","offline"
"400005503","2026-03-17 21:30:00.000","S334234563","Qcells","","","","","7833 Center Pkwy Sacramento CA 95823","CA","","","False","False","","","","","","","","","No","APPTPO-2511179235","2511179235","offline"
"400005232","2026-03-17 21:30:00.000","SSNBJ2HHCZ","Qcells","","","ChanHyup Kim","chanhyup.kim@qcells.com","501 2nd St San Francisco CA 94107","CA","Demo Installer","True","True","False","","7593","9.02","QCELLS-Q_VOLT_H7_6SX","Qcells","Inverter","Q.VOLT H7.6SX","HybridInverter","No","APPTPO-2729496105","2729496105","offline"
"400005754","2026-03-17 21:30:00.000","SS20240612","Qcells","Tesla","d45c9f12-61f9-4d3a-a630-3522704ce646","Chivate Yogesh","yogesh@yopmail.com","31755 Alvarado Blvd AV Union City FL 94587","FL","Demo Installer","True","True","False","","325","6.02","ENPHASE_ENERGY_INC_-IQ8M_72_M_US__240V_","Enphase Energy Inc.","MicroInverter","IQ8M-72-M-US [240V]","","No","Tesla_TEST_AVAI_AD_0075","","offline"
"400005719","2026-03-17 21:30:00.000","d45c9f12-61f9-4d3a-a630-3522704ce646","Tesla","","","Chivate Yogesh","yogesh@yopmail.com","31755 Alvarado Blvd AV Union City CA 94587","CA","Demo Installer","True","True","False","","325","6.02","ENPHASE_ENERGY_INC_-IQ8M_72_M_US__240V_","Enphase Energy Inc.","MicroInverter","IQ8M-72-M-US [240V]","","No","Tesla_TEST_AVAI_AD_0042","","offline"
"400005614","2026-03-17 21:30:00.000","d45c9f12-61f9-4d3a-a630-3522704ce646","Tesla","","","","","31755 Alvarado Blvd AV Union City CA 94587","CA","","","False","False","","","","","","","","","No","TESLA_Test_AVYC_9086","","offline"
"400005231","2026-03-17 21:30:00.000","SSNBJ2HHCZ","Qcells","","","ChanHyup Kim","chanhyup.kim@qcells.com","501 2nd St San Francisco CA 94107","CA","Demo Installer","True","True","False","","7593","9.02","QCELLS-Q_VOLT_H7_6SX","Qcells","Inverter","Q.VOLT H7.6SX","HybridInverter","No","APPTPO-2729496104","2729496104","offline"
"400005663","2026-03-17 21:30:00.000","d45c9f12-61f9-4d3a-a630-3522704ce646","Tesla","","","","","31755 Alvarado Blvd AV 1004-2 Union City CA 94587","CA","","","False","False","","","","","","","","","No","TESLA_Test_AV_LS_1024","","offline"
"400005735","2026-03-17 21:30:00.000","d45c9f12-61f9-4d3a-a630-3522704ce646","Tesla","","","Chivate Yogesh","yogesh@yopmail.com","31755 Alvarado Blvd AV Union City CA 94587","CA","Demo Installer","True","True","False","","325","6.02","ENPHASE_ENERGY_INC_-IQ8M_72_M_US__240V_","Enphase Energy Inc.","MicroInverter","IQ8M-72-M-US [240V]","","No","Tesla_TEST_AVAI_AD_0059","","offline"
"400005799","2026-03-17 21:30:00.000","00555518181841","Tesla","","","","","501 2nd St San Francisco CA 94107","CA","","True","False","False","","7593","0","QCELLS-Q_VOLT_H7_6SX","Qcells","Inverter","Q.VOLT H7.6SX","HybridInverter","No","400005799","","offline"
"400005791","2026-03-17 21:30:00.000","d45c9f12-61f9-4d3a-a630-3522704ce646","Tesla","","","Alva 2 Tema 1","alvatemahtu101_01@yopmail.com","31755 Alvarado Blvd AV Union City CA 94587","CA","Demo Installer","True","True","False","","","","","","","","","No","Test_AV_Dev_LS_1061","","offline"
"400002252","2026-03-17 21:30:00.000","S123456789","Qcells","","","","","321 Elm Street Los Angeles CA 90001","CA","","","False","False","","","","","","","","","No","927954","","offline"
"400005757","2026-03-17 21:30:00.000","d45c9f12-61f9-4d3a-a630-3522704ce646","Tesla","Qcells","SS20240612","Chivate Yogesh","yogesh@yopmail.com","31755 Alvarado Blvd AV Union City TX 94587","TX","Demo Installer","True","True","False","","325","6.02","ENPHASE_ENERGY_INC_-IQ8M_72_M_US__240V_","Enphase Energy Inc.","MicroInverter","IQ8M-72-M-US [240V]","","No","Tesla_TEST_AVAI_AD_0083","","offline"
"400005144","2026-03-17 21:30:00.000","0aab7d47-ddaf-4a6e-bbe4-d010ba285555","Tesla","Qcells","S332211111","","","8 Av. de la Constitución Centro Viejo San Juan San Juan PR 00918","PR","","","False","False","","","","","","","","","No","APPTPO-Test-devb00","00","offline"
"400005887","2026-03-17 21:30:00.000","d45c9f12-61f9-4d3a-a630-3522704ce649","Tesla","","","","","31755 Alvarado Blvd AV Union City CA 94587","CA","","","False","False","","","","","","","","","No","Tesla_TEST_AVAI_AD_0103","","offline"
"400005705","2026-03-17 21:30:00.000","d45c9f12-61f9-4d3a-a630-3522704ce646","Tesla","","","Chivate Yogesh","yogesh@yopmail.com","31755 Alvarado Blvd AV Union City CA 94587","CA","Demo Installer","True","True","False","","325","6.02","ENPHASE_ENERGY_INC_-IQ8M_72_M_US__240V_","Enphase Energy Inc.","MicroInverter","IQ8M-72-M-US [240V]","","No","Tesla_TEST_AVAI_AD_0029","","offline"
"400005742","2026-03-17 21:30:00.000","d45c9f12-61f9-4d3a-a630-3522704ce646","Tesla","","","Chivate Yogesh","yogesh@yopmail.com","31755 Alvarado Blvd AV Union City CA 94587","CA","Demo Installer","True","True","False","","325","6.02","ENPHASE_ENERGY_INC_-IQ8M_72_M_US__240V_","Enphase Energy Inc.","MicroInverter","IQ8M-72-M-US [240V]","","No","Tesla_TEST_AVAI_AD_0053","","offline"
"400005728","2026-03-17 21:30:00.000","d45c9f12-61f9-4d3a-a630-3522704ce646","Tesla","","","Chivate Yogesh","yogesh@yopmail.com","31755 Alvarado Blvd AV Union City CA 94587","CA","Demo Installer","True","True","False","","325","6.02","ENPHASE_ENERGY_INC_-IQ8M_72_M_US__240V_","Enphase Energy Inc.","MicroInverter","IQ8M-72-M-US [240V]","","No","Tesla_TEST_AVAI_AD_0051","","offline"
"400003418","2026-03-17 21:30:00.000","0000000","Enphase","","","","","900 Marry St San Jose CA 95138","CA","","","False","False","","","","","","","","","No","APPTPO-Test-dev198","198","offline"
"400003370","2026-03-17 21:30:00.000","0000000","Enphase","","","","","900 Marry St San Jose CA 95138","CA","","","False","False","","","","","","","","","No","APPTPO-Test-dev144","144","offline"
"400003360","2026-03-17 21:30:00.000","0000000","Enphase","","","","","900 Marry St San Jose CA 95138","CA","","","False","False","","","","","","","","","No","APPTPO-Test-dev162","162","offline"
"400003329","2026-03-17 21:30:00.000","0000000","Enphase","","","","","900 Marry St San Jose CA 95138","CA","","","False","False","","","","","","","","","No","APPTPO-Test-dev117","117","offline"
"400003417","2026-03-17 21:30:00.000","0000000","Enphase","","","","","900 Marry St San Jose CA 95138","CA","","","False","False","","","","","","","","","No","APPTPO-Test-dev121","121","offline"
"400003183","2026-03-17 21:30:00.000","SSL49PRQAF","Qcells","","","ChanHyup Kim","chanhyup.kim@qcells.com","501 2nd St San Francisco CA 94107","CA","Demo Installer","True","True","False","","7593","9.02","QCELLS-Q_VOLT_H7_6SX","Qcells","Inverter","Q.VOLT H7.6SX","HybridInverter","No","APPTPO-2519991454","2519991454","offline"
"400003404","2026-03-17 21:35:00.000","0000000","Enphase","","","","","900 Marry St San Jose CA 95138","CA","","","False","False","","","","","","","","","No","APPTPO-Test-dev106","106","offline"
"400003338","2026-03-17 21:35:00.000","0000000","Enphase","","","","","900 Marry St San Jose CA 95138","CA","","","False","False","","","","","","","","","No","APPTPO-Test-dev129","129","offline"
"400002254","2026-03-17 21:35:00.000","S123456789","Qcells","","","","","321 Elm Street Los Angeles CA 90001","CA","","","False","False","","","","","","","","","No","124589","","offline"
"400002158","2026-03-17 21:35:00.000","4344575Ericka","SolarEdge","","","","","7890 Cedar Rd Fresno CA 93701","CA","","","False","False","","","","","","","","","No","400002158","","offline"
"400003405","2026-03-17 21:35:00.000","0000000","Enphase","","","","","900 Marry St San Jose CA 95138","CA","","","False","False","","","","","","","","","No","APPTPO-Test-dev130","130","offline"
"400001312","2026-03-17 21:35:00.000","345hgfd","Tesla","","","john matras","john.matrastu101_01@yopmail.com","11912 Riverside Dr Los Angeles CA 91607","CA","Barclays","","False","False","","11500","19.68","TESLA-POWERWALL_3__INTEGRATED_INVERTER_","Tesla","Inverter","Powerwall 3 (integrated inverter)","HybridInverter","No","","","offline"
"400002260","2026-03-17 21:35:00.000","S123456789","Qcells","","","","","321 Elm Street Los Angeles CA 90001","CA","","","False","False","","","","","","","","","No","134889","","offline"
"400003398","2026-03-17 21:35:00.000","0000000","Enphase","","","","","900 Marry St San Jose CA 95138","CA","","","False","False","","","","","","","","","No","APPTPO-Test-dev194","194","offline"
"400003414","2026-03-17 21:35:00.000","0000000","Enphase","","","","","900 Marry St San Jose CA 95138","CA","","","False","False","","","","","","","","","No","APPTPO-Test-dev146","146","offline"
"400002156","2026-03-17 21:35:00.000","4344575Ericka","SolarEdge","","","","","7890 Cedar Rd Fresno CA 93701","CA","","","False","False","","","","","","","","","No","400002156","","offline"
"400005019","2026-03-17 21:35:00.000","57491883","Enphase","","","","","501 2nd St San Francisco CA 94107","CA","","","False","False","","","","","","","","","No","400005019","","offline"
"400003395","2026-03-17 21:35:00.000","0000000","Enphase","","","","","900 Marry St San Jose CA 95138","CA","","","False","False","","","","","","","","","No","APPTPO-Test-dev172","172","offline"
"400002222","2026-03-17 21:35:00.000","SS15689FE1","Qcells","","","","","501 2nd St San Francisco CA 94107","CA","","","False","False","","","","","","","","","No","400002222","","offline"
"400002155","2026-03-17 21:35:00.000","4344575Ericka","SolarEdge","","","","","7890 Cedar Rd Fresno CA 93701","CA","","","False","False","","","","","","","","","No","400002155","","offline"
"400003343","2026-03-17 21:35:00.000","4344575Ericka","SolarEdge","","","","","7890 Cedar Rd Fresno CA 93701","CA","","","False","False","","","","","","","","","No","400003343","","offline"
"400003424","2026-03-17 21:35:00.000","SSL49PRQAA","Qcells","","","ChanHyup Kim","chanhyup.kim@qcells.com","501 2nd St San Francisco CA 94107","CA","Demo Installer","True","True","False","","7593","9.02","QCELLS-Q_VOLT_H7_6SX","Qcells","Inverter","Q.VOLT H7.6SX","HybridInverter","No","APPTPO-2519991456","2519991456","offline"
"400003325","2026-03-17 21:35:00.000","0000000","Enphase","","","","","900 Marry St San Jose CA 95138","CA","","","False","False","","","","","","","","","No","APPTPO-Test-dev113","113","offline"
"400003406","2026-03-17 21:35:00.000","0000000","Enphase","","","","","900 Marry St San Jose CA 95138","CA","","","False","False","","","","","","","","","No","APPTPO-Test-dev109","109","offline"
"400003350","2026-03-17 21:35:00.000","0000000","Enphase","","","","","900 Marry St San Jose CA 95138","CA","","","False","False","","","","","","","","","No","APPTPO-Test-dev124","124","offline"
"400003194","2026-03-17 21:35:00.000","0000000","Enphase","","","","","900 Marry St San Jose CA 95138","CA","","","False","False","","","","","","","","","No","APPTPO-TestProd-Replica","","offline"
"400003335","2026-03-17 21:40:00.000","0000000","Enphase","","","","","900 Marry St San Jose CA 95138","CA","","","False","False","","","","","","","","","No","APPTPO-Test-dev118","118","offline"
"400003328","2026-03-17 21:40:00.000","0000000","Enphase","","","","","900 Marry St San Jose CA 95138","CA","","","False","False","","","","","","","","","No","APPTPO-Test-dev116","116","offline"
"400003411","2026-03-17 21:40:00.000","0000000","Enphase","","","","","900 Marry St San Jose CA 95138","CA","","","False","False","","","","","","","","","No","APPTPO-Test-dev171","171","offline"
"400003339","2026-03-17 21:40:00.000","0000000","Enphase","","","","","900 Marry St San Jose CA 95138","CA","","","False","False","","","","","","","","","No","APPTPO-Test-dev131","131","offline"
"400005099","2026-03-17 21:41:22.000","0000000","Enphase","","","","","900 Marry St San Jose CA 95138","CA","","","False","False","","","","","","","","","No","APPTPO-Test-dev2721754934869136","2721754934869136","offline"
"400005140","2026-03-17 21:41:22.000","0aab7d47-ddaf-4a6e-bbe4-d010ba285555","Tesla","Qcells","S332211111","","","8 Av. de la Constitución Centro Viejo San Juan San Juan PR 00918","PR","","","False","False","","","","","","","","","No","APPTPO-2505169875","2505169875","offline"
"400003397","2026-03-26 16:21:25.000","0000000","Enphase","","","","","900 Marry St San Jose CA 95138","CA","","","False","False","","","","","","","","","No","APPTPO-Test-dev193","193","offline"
"400005207","2026-03-26 16:23:50.000","S123123123","Qcells","","","","","32634 Fairmont Ln Yucaipa CA 92399","CA","","","False","False","","","","","","","","","No","APPTPO-2508171196","2508171196","offline"
"400003595","2026-03-26 16:23:54.000","0000000","Enphase","","","Adriana Arreola","adriana.arreola13@yahoo.com","900 Marry St San Jose CA 95138","CA","","True","True","False","","","","","","","","","No","APPTPO-Test-dev301","301","offline"
"400003182","2026-03-26 16:26:20.000","SSL49PRQQF","Qcells","","","ChanHyup Kim","chanhyup.kim@qcells.com","501 2nd St San Francisco CA 94107","CA","Demo Installer","True","True","False","","7593","9.02","QCELLS-Q_VOLT_H7_6SX","Qcells","Inverter","Q.VOLT H7.6SX","HybridInverter","No","APPTPO-2519991452","2519991452","offline"
"400003386","2026-03-26 16:27:11.000","0000000","Enphase","","","","","900 Marry St San Jose CA 95138","CA","","","False","False","","","","","","","","","No","APPTPO-Test-dev200","200","offline"
"400005222","2026-04-05 07:10:01.000","SSNBJ2HHCZ","Qcells","","","ChanHyup Kim","chanhyup.kim@qcells.com","501 2nd St San Francisco CA 94107","CA","Demo Installer","True","True","False","","7593","9.02","QCELLS-Q_VOLT_H7_6SX","Qcells","Inverter","Q.VOLT H7.6SX","HybridInverter","No","APPTPO-2729496194","2729496194","offline"
"400005805","2026-04-07 23:35:49.000","d45c9f12-61f9-4d3a-a630-3522704ce646","Tesla","","","","","31755 Alvarado Blvd AV Union City CA 94587","CA","","True","True","False","","","","","","","","","No","Dev_Test_YO_02","","offline"
"400005807","2026-04-12 00:46:19.000","d45c9f12-61f9-4d3a-a630-3522704ce646","Tesla","","","Chivate Yogesh","yogesh@yopmail.com","31755 Alvarado Blvd AV Union City CA 94587","CA","Demo Installer","True","True","False","","","","","","","","","No","Tesla_TEST_AVAI_AD_0136","","offline"
"400005848","2026-04-13 17:25:01.000","SSAF22NEJ8","Qcells","","","ChanHyup Kim","chanhyup.kim@qcells.com","501 2nd St San Francisco CA 94107","CA","Demo Installer","True","False","False","","7593","9.02","QCELLS-Q_VOLT_H7_6SX","Qcells","Inverter","Q.VOLT H7.6SX","HybridInverter","No","APPTPO-2324496842","2324496842","offline"
"400005233","2026-04-15 12:05:00.000","SSNBJ2HHCZ","Qcells","","","ChanHyup Kim","chanhyup.kim@qcells.com","501 2nd St San Francisco CA 94107","CA","Demo Installer","True","True","False","","7593","9.02","QCELLS-Q_VOLT_H7_6SX","Qcells","Inverter","Q.VOLT H7.6SX","HybridInverter","No","APPTPO-2729496106","2729496106","offline"
"400002157","2026-04-27 23:19:41.000","4344575Ericka","SolarEdge","","","","","7890 Cedar Rd Fresno CA 93701","CA","","","False","False","","","","","","","","","No","400002157","","offline"
"400005867","2026-04-27 23:19:59.000","4675026","SolarEdge","","","Chivate Yogesh","yogesh@yopmail.com","31755 Alvarado Blvd AV Union City CA 94587","CA","Demo Installer","True","False","False","","","","","","","","","No","TEST_AVAI_AD_0206","","offline"
"400003422","2026-04-27 23:20:00.000","0000000","Enphase","","","","","900 Marry St San Jose CA 95138","CA","","","False","False","","","","","","","","","No","APPTPO-Test-dev120","120","offline"
"400005868","2026-04-27 23:20:00.000","4675027","SolarEdge","","","Chivate Yogesh","yogesh@yopmail.com","31755 Alvarado Blvd AV Union City CA 94587","CA","Demo Installer","True","False","False","","","","","","","","","No","TEST_AVAI_AD_0207","","offline"
"400003413","2026-04-27 23:20:00.000","0000000","Enphase","","","","","900 Marry St San Jose CA 95138","CA","","","False","False","","","","","","","","","No","APPTPO-Test-dev175","175","offline"
"400003392","2026-04-27 23:20:00.000","0000000","Enphase","","","","","900 Marry St San Jose CA 95138","CA","","","False","False","","","","","","","","","No","APPTPO-Test-dev179","179","offline"
"400005727","2026-04-27 23:20:01.000","d45c9f12-61f9-4d3a-a630-3522704ce646","Tesla","","","Chivate Yogesh","yogesh@yopmail.com","31755 Alvarado Blvd AV Union City CA 94587","CA","Demo Installer","True","True","False","","325","6.02","ENPHASE_ENERGY_INC_-IQ8M_72_M_US__240V_","Enphase Energy Inc.","MicroInverter","IQ8M-72-M-US [240V]","","No","Tesla_TEST_AVAI_AD_0050","","offline"
"400003421","2026-04-27 23:20:01.000","0000000","Enphase","","","","","900 Marry St San Jose CA 95138","CA","","","False","False","","","","","","","","","No","APPTPO-Test-dev163","163","offline"
"400005505","2026-04-27 23:20:01.000","SSEBJ2HHCC","Qcells","","","ChanHyup Kim","chanhyup.kim@qcells.com","501 2nd St San Francisco CA 94107","CA","Demo Installer","True","True","False","","7593","9.02","QCELLS-Q_VOLT_H7_6SX","Qcells","Inverter","Q.VOLT H7.6SX","HybridInverter","No","APPTPO-2329496807","2329496807","offline"
"400003415","2026-04-27 23:20:01.000","0000000","Enphase","","","","","900 Marry St San Jose CA 95138","CA","","","False","False","","","","","","","","","No","APPTPO-Test-dev176","176","offline"
"400003419","2026-04-27 23:20:01.000","0000000","Enphase","","","","","900 Marry St San Jose CA 95138","CA","","","False","False","","","","","","","","","No","APPTPO-Test-dev149","149","offline"
"400003239","2026-04-28 17:27:05.000","5819039","Enphase","","","","","1231 Falcon St San Jose CA 95138","CA","","","False","False","","","","","","","","","No","APPTPO-Test-dev4","4","offline"
"400003301","2026-04-28 17:27:05.000","5819039","Enphase","","","","","1231 Falcon St San Jose CA 95138","CA","","","False","False","","","","","","","","","No","APPTPO-Test-dev87","87","offline"
"400003316","2026-04-28 17:27:05.000","5819039","Enphase","","","","","1231 Falcon St San Jose CA 95138","CA","","","False","False","","","","","","","","","No","APPTPO-Test-dev95","95","offline"
"400003277","2026-04-28 17:27:05.000","5819039","Enphase","","","","","1231 Falcon St San Jose CA 95138","CA","","","False","False","","","","","","","","","No","APPTPO-Test-dev69","69","offline"
"400003210","2026-04-28 17:27:05.000","5819039","Enphase","","","","","1231 Falcon St San Jose CA 95138","CA","","","False","False","","","","","","","","","No","APPTPO-Test-dev18","18","offline"
"400003304","2026-04-28 17:27:05.000","5819039","Enphase","","","","","1231 Falcon St San Jose CA 95138","CA","","","False","False","","","","","","","","","No","APPTPO-Test-dev89","89","offline"
"400003254","2026-04-28 17:27:05.000","5819039","Enphase","","","","","1231 Falcon St San Jose CA 95138","CA","","","False","False","","","","","","","","","No","APPTPO-Test-dev53","53","offline"
"400003217","2026-04-28 17:27:05.000","5819039","Enphase","","","","","1231 Falcon St San Jose CA 95138","CA","","","False","False","","","","","","","","","No","APPTPO-Test-dev24","24","offline"
"400003311","2026-04-28 17:27:05.000","5819039","Enphase","","","","","1231 Falcon St San Jose CA 95138","CA","","","False","False","","","","","","","","","No","APPTPO-Test-dev91","91","offline"
"400003228","2026-04-28 17:27:05.000","5819039","Enphase","","","","","1231 Falcon St San Jose CA 95138","CA","","","False","False","","","","","","","","","No","APPTPO-Test-dev31","31","offline"
"400003272","2026-04-28 17:27:05.000","5819039","Enphase","","","","","1231 Falcon St San Jose CA 95138","CA","","","False","False","","","","","","","","","No","APPTPO-Test-dev65","65","offline"
"400003219","2026-04-28 17:27:05.000","5819039","Enphase","","","","","1231 Falcon St San Jose CA 95138","CA","","","False","False","","","","","","","","","No","APPTPO-Test-dev25","25","offline"
"400003597","2026-04-28 17:27:05.000","5819039","Enphase","","","Amanpreet Dhindsa","test@yahoo.com","1231 Falcon St San Jose CA 95138","CA","","True","True","False","","","","","","","","","No","APPTPO-Test-Contracts2","2","offline"
"400005341","2026-04-28 17:27:05.000","5819039","Enphase","","","","","407 Arvin St Bakersfield CA 93308","CA","","True","True","False","","","","","","","","","No","APPTPO-001Json3","0013","offline"
"400003213","2026-04-28 17:27:05.000","5819039","Enphase","","","","","1231 Falcon St San Jose CA 95138","CA","","","False","False","","","","","","","","","No","APPTPO-Test-dev20","20","offline"
"400003211","2026-04-28 17:27:05.000","5819039","Enphase","","","","","1231 Falcon St San Jose CA 95138","CA","","","False","False","","","","","","","","","No","APPTPO-Test-dev19","19","offline"
"400005340","2026-04-28 17:27:05.000","5819039","Enphase","","","","","407 Arvin St Bakersfield CA 93308","CA","","True","True","False","","","","","","","","","No","APPTPO-001Json2","0012","offline"
"400003276","2026-04-28 17:27:05.000","5819039","Enphase","","","","","1231 Falcon St San Jose CA 95138","CA","","","False","False","","","","","","","","","No","APPTPO-Test-dev68","68","offline"
"400003313","2026-04-28 17:27:05.000","5819039","Enphase","","","","","1231 Falcon St San Jose CA 95138","CA","","","False","False","","","","","","","","","No","APPTPO-Test-dev93","93","offline"
"400003253","2026-04-28 17:27:05.000","5819039","Enphase","","","","","1231 Falcon St San Jose CA 95138","CA","","","False","False","","","","","","","","","No","APPTPO-Test-dev52","52","offline"
"400003284","2026-04-28 17:27:05.000","5819039","Enphase","","","","","1231 Falcon St San Jose CA 95138","CA","","","False","False","","","","","","","","","No","APPTPO-Test-dev74","74","offline"
"400003271","2026-04-28 17:27:05.000","5819039","Enphase","","","","","1231 Falcon St San Jose CA 95138","CA","","","False","False","","","","","","","","","No","APPTPO-Test-dev65","65","offline"
"400003308","2026-04-28 17:27:05.000","5819039","Enphase","","","","","1231 Falcon St San Jose CA 95138","CA","","","False","False","","","","","","","","","No","APPTPO-Test-dev90","90","offline"
"400003240","2026-04-28 17:27:05.000","5819039","Enphase","","","","","1231 Falcon St San Jose CA 95138","CA","","","False","False","","","","","","","","","No","APPTPO-Test-dev40","40","offline"
"400003289","2026-04-28 17:27:05.000","5819039","Enphase","","","","","1231 Falcon St San Jose CA 95138","CA","","","False","False","","","","","","","","","No","APPTPO-Test-dev78","78","offline"
"400003278","2026-04-28 17:27:05.000","5819039","Enphase","","","","","1231 Falcon St San Jose CA 95138","CA","","","False","False","","","","","","","","","No","APPTPO-Test-dev7","7","offline"
"400003244","2026-04-28 17:27:05.000","5819039","Enphase","","","","","1231 Falcon St San Jose CA 95138","CA","","","False","False","","","","","","","","","No","APPTPO-Test-dev44","44","offline"
"400003218","2026-04-28 17:27:05.000","5819039","Enphase","","","","","1231 Falcon St San Jose CA 95138","CA","","","False","False","","","","","","","","","No","APPTPO-Test-dev25","25","offline"
"400003263","2026-04-28 17:27:05.000","5819039","Enphase","","","","","1231 Falcon St San Jose CA 95138","CA","","","False","False","","","","","","","","","No","APPTPO-Test-dev59","59","offline"
"400003256","2026-04-28 17:27:05.000","5819039","Enphase","","","","","1231 Falcon St San Jose CA 95138","CA","","","False","False","","","","","","","","","No","APPTPO-Test-dev54","54","offline"
"400003247","2026-04-28 17:27:05.000","5819039","Enphase","","","","","1231 Falcon St San Jose CA 95138","CA","","","False","False","","","","","","","","","No","APPTPO-Test-dev47","47","offline"
"400003251","2026-04-28 17:27:05.000","5819039","Enphase","","","","","1231 Falcon St San Jose CA 95138","CA","","","False","False","","","","","","","","","No","APPTPO-Test-dev50","50","offline"
"400003269","2026-04-28 17:27:05.000","5819039","Enphase","","","","","1231 Falcon St San Jose CA 95138","CA","","","False","False","","","","","","","","","No","APPTPO-Test-dev63","63","offline"
"400003236","2026-04-28 17:27:05.000","5819039","Enphase","","","","","1231 Falcon St San Jose CA 95138","CA","","","False","False","","","","","","","","","No","APPTPO-Test-dev38","38","offline"
"400003259","2026-04-28 17:27:05.000","5819039","Enphase","","","","","1231 Falcon St San Jose CA 95138","CA","","","False","False","","","","","","","","","No","APPTPO-Test-dev55","55","offline"
"400003264","2026-04-28 17:27:05.000","5819039","Enphase","","","","","1231 Falcon St San Jose CA 95138","CA","","","False","False","","","","","","","","","No","APPTPO-Test-dev6","6","offline"
"400003252","2026-04-28 17:27:05.000","5819039","Enphase","","","","","1231 Falcon St San Jose CA 95138","CA","","","False","False","","","","","","","","","No","APPTPO-Test-dev51","51","offline"
"400003249","2026-04-28 17:27:05.000","5819039","Enphase","","","","","1231 Falcon St San Jose CA 95138","CA","","","False","False","","","","","","","","","No","APPTPO-Test-dev49","49","offline"
"400003266","2026-04-28 17:27:05.000","5819039","Enphase","","","","","1231 Falcon St San Jose CA 95138","CA","","","False","False","","","","","","","","","No","APPTPO-Test-dev61","61","offline"
"400003243","2026-04-28 17:27:05.000","5819039","Enphase","","","","","1231 Falcon St San Jose CA 95138","CA","","","False","False","","","","","","","","","No","APPTPO-Test-dev43","43","offline"
"400003233","2026-04-28 17:27:05.000","5819039","Enphase","","","","","1231 Falcon St San Jose CA 95138","CA","","","False","False","","","","","","","","","No","APPTPO-Test-dev35","35","offline"
"400003205","2026-04-28 17:27:05.000","5819039","Enphase","","","","","1231 Falcon St San Jose CA 95138","CA","","","False","False","","","","","","","","","No","APPTPO-Test-dev13","13","offline"
"400003206","2026-04-28 17:27:05.000","5819039","Enphase","","","","","1231 Falcon St San Jose CA 95138","CA","","","False","False","","","","","","","","","No","APPTPO-Test-dev14","14","offline"
"400003200","2026-04-28 17:27:05.000","5819039","Enphase","","","","","1231 Falcon St San Jose CA 95138","CA","","","False","False","","","","","","","","","No","APPTPO-Test-dev1","1","offline"
"400003202","2026-04-28 17:27:05.000","5819039","Enphase","","","","","1231 Falcon St San Jose CA 95138","CA","","","False","False","","","","","","","","","No","APPTPO-Test-dev100","100","offline"
"400003201","2026-04-28 17:27:05.000","5819039","Enphase","","","","","1231 Falcon St San Jose CA 95138","CA","","","False","False","","","","","","","","","No","APPTPO-Test-dev10","10","offline"
"400003226","2026-04-28 17:27:05.000","5819039","Enphase","","","","","1231 Falcon St San Jose CA 95138","CA","","","False","False","","","","","","","","","No","APPTPO-Test-dev3","3","offline"
"400003215","2026-04-28 17:27:05.000","5819039","Enphase","","","","","1231 Falcon St San Jose CA 95138","CA","","","False","False","","","","","","","","","No","APPTPO-Test-dev22","22","offline"
"400003230","2026-04-28 17:27:05.000","5819039","Enphase","","","","","1231 Falcon St San Jose CA 95138","CA","","","False","False","","","","","","","","","No","APPTPO-Test-dev32","32","offline"
"400003274","2026-04-28 17:27:05.000","5819039","Enphase","","","","","1231 Falcon St San Jose CA 95138","CA","","","False","False","","","","","","","","","No","APPTPO-Test-dev67","67","offline"
"400003294","2026-04-28 17:27:05.000","5819039","Enphase","","","","","1231 Falcon St San Jose CA 95138","CA","","","False","False","","","","","","","","","No","APPTPO-Test-dev82","82","offline"
"400003293","2026-04-28 17:27:05.000","5819039","Enphase","","","","","1231 Falcon St San Jose CA 95138","CA","","","False","False","","","","","","","","","No","APPTPO-Test-dev81","81","offline"
"400003312","2026-04-28 17:27:05.000","5819039","Enphase","","","","","1231 Falcon St San Jose CA 95138","CA","","","False","False","","","","","","","","","No","APPTPO-Test-dev92","92","offline"
"400003283","2026-04-28 17:27:05.000","5819039","Enphase","","","","","1231 Falcon St San Jose CA 95138","CA","","","False","False","","","","","","","","","No","APPTPO-Test-dev73","73","offline"
"400003300","2026-04-28 17:27:05.000","5819039","Enphase","","","","","1231 Falcon St San Jose CA 95138","CA","","","False","False","","","","","","","","","No","APPTPO-Test-dev87","87","offline"
"400003306","2026-04-28 17:27:05.000","5819039","Enphase","","","","","1231 Falcon St San Jose CA 95138","CA","","","False","False","","","","","","","","","No","APPTPO-Test-dev89","89","offline"
"400003297","2026-04-28 17:27:05.000","5819039","Enphase","","","","","1231 Falcon St San Jose CA 95138","CA","","","False","False","","","","","","","","","No","APPTPO-Test-dev85","85","offline"
"400003298","2026-04-28 17:27:05.000","5819039","Enphase","","","","","1231 Falcon St San Jose CA 95138","CA","","","False","False","","","","","","","","","No","APPTPO-Test-dev85","85","offline"
"400003290","2026-04-28 17:27:05.000","5819039","Enphase","","","","","1231 Falcon St San Jose CA 95138","CA","","","False","False","","","","","","","","","No","APPTPO-Test-dev79","79","offline"
"400003317","2026-04-28 17:27:05.000","5819039","Enphase","","","","","1231 Falcon St San Jose CA 95138","CA","","","False","False","","","","","","","","","No","APPTPO-Test-dev98","98","offline"
"400003295","2026-04-28 17:27:05.000","5819039","Enphase","","","","","1231 Falcon St San Jose CA 95138","CA","","","False","False","","","","","","","","","No","APPTPO-Test-dev83","83","offline"
"400003238","2026-04-28 17:27:05.000","5819039","Enphase","","","","","1231 Falcon St San Jose CA 95138","CA","","","False","False","","","","","","","","","No","APPTPO-Test-dev39","39","offline"
"400003220","2026-04-29 01:38:30.000","5819039","Enphase","","","","","1231 Falcon St San Jose CA 95138","CA","","","False","False","","","","","","","","","No","APPTPO-Test-dev26","26","offline"
"400003235","2026-05-01 15:54:15.000","5819039","Enphase","","","","","1231 Falcon St San Jose CA 95138","CA","","","False","False","","","","","","","","","No","APPTPO-Test-dev37","37","offline"
"400003227","2026-05-03 06:26:52.000","5819039","Enphase","","","","","1231 Falcon St San Jose CA 95138","CA","","","False","False","","","","","","","","","No","APPTPO-Test-dev30","30","offline"
"400003307","2026-05-05 07:25:18.000","5819039","Enphase","","","","","1231 Falcon St San Jose CA 95138","CA","","","False","False","","","","","","","","","No","APPTPO-Test-dev9","9","offline"
"400003242","2026-05-05 10:40:52.000","5819039","Enphase","","","","","1231 Falcon St San Jose CA 95138","CA","","","False","False","","","","","","","","","No","APPTPO-Test-dev42","42","offline"
"400003224","2026-05-05 22:42:57.000","5819039","Enphase","","","","","1231 Falcon St San Jose CA 95138","CA","","","False","False","","","","","","","","","No","APPTPO-Test-dev28","28","offline"
"400005034","2026-05-06 19:08:25.000","5749163","Enphase","","","","","501 2nd St San Francisco CA 94107","CA","","","False","False","","","","","","","","","No","400005034","","offline"
"400005030","2026-05-06 20:28:39.000","5749163","Enphase","","","","","501 2nd St San Francisco CA 94107","CA","","","False","False","","","","","","","","","No","400005030","","offline"
"200000515","2026-05-07 04:44:44.000","200000515","Qcells","","","","","New York City Hall New York NY 10007","NY","Qcells Test Account","False","False","False","","","","","","","","","No","200000515","","offline"
"400005041","2026-05-08 04:19:01.000","5749163","Enphase","","","","","501 2nd St San Francisco CA 94107","CA","","","False","False","","","","","","","","","No","400005041","","offline"
"400005210","2026-05-08 04:19:01.000","5749163","Enphase","","","","","501 2nd St San Francisco CA 94107","CA","","","False","False","","","","","","","","","No","400005210","","offline"
"400005031","2026-05-08 04:29:03.000","5749163","Enphase","","","","","501 2nd St San Francisco CA 94107","CA","","","False","False","","","","","","","","","No","400005031","","offline"
"400005339","2026-05-11 14:40:56.000","5819039","Enphase","","","","","407 Arvin St Bakersfield CA 93308","CA","","True","True","False","","","","","","","","","No","APPTPO-001Json","001","offline"
"400003315","2026-05-11 15:26:04.000","5819039","Enphase","","","","","1231 Falcon St San Jose CA 95138","CA","","","False","False","","","","","","","","","No","APPTPO-Test-dev94","94","offline"
"400003321","2026-05-12 06:38:40.000","5819039","Enphase","","","","","1231 Falcon St San Jose CA 95138","CA","","","False","False","","","","","","","","","No","APPTPO-Test-dev99","99","offline"
"400003209","2026-05-12 12:24:40.000","5819039","Enphase","","","","","1231 Falcon St San Jose CA 95138","CA","","","False","False","","","","","","","","","No","APPTPO-Test-dev17","17","offline"
"400005044","2026-05-12 21:25:14.000","5749163","Enphase","","","","","501 2nd St San Francisco CA 94107","CA","","","False","False","","","","","","","","","No","400005044","","offline"
"400003275","2026-05-14 00:54:09.000","5819039","Enphase","","","","","1231 Falcon St San Jose CA 95138","CA","","","False","False","","","","","","","","","No","APPTPO-Test-dev67","67","offline"
"400003234","2026-05-14 19:07:15.000","5819039","Enphase","","","","","1231 Falcon St San Jose CA 95138","CA","","","False","False","","","","","","","","","No","APPTPO-Test-dev36","36","offline"
"400005051","2026-05-15 12:50:00.000","5749163","Enphase","","","","","501 2nd St San Francisco CA 94107","CA","","","False","False","","","","","","","","","No","400005051","","offline"
"400005416","2026-05-15 12:50:54.000","5749163","Enphase","","","","","501 2nd St San Francisco CA 94107","CA","","","False","False","","","","","","","","","No","400005416","","offline"
"400005052","2026-05-15 12:50:54.000","5749163","Enphase","","","","","501 2nd St San Francisco CA 94107","CA","","","False","False","","","","","","","","","No","400005052","","offline"
"400005045","2026-05-15 12:50:54.000","5749163","Enphase","","","","","501 2nd St San Francisco CA 94107","CA","","","False","False","","","","","","","","","No","400005045","","offline"
"400005198","2026-05-15 12:55:55.000","5749163","Enphase","","","","","501 2nd St San Francisco CA 94107","CA","","","False","False","","","","","","","","","No","400005198","","offline"
"400005300","2026-05-15 12:55:55.000","5749163","Enphase","","","Craig Giese","c.j.giese@hotmail.com","501 2nd St San Francisco CA 94107","CA","Affordable Solar, Roof and Air","True","False","False","","349","17.2","QCELLS-Q_MI_349B_G1__240V_","Qcells","MicroInverter","Q_MI_349B_G1__240V_","","No","400005300","","offline"
"400005042","2026-05-16 02:58:17.000","5749163","Enphase","","","","","501 2nd St San Francisco CA 94107","CA","","","False","False","","","","","","","","","No","400005042","","offline"
"400005086","2026-05-16 12:09:51.000","5749163","Enphase","","","","","501 2nd St San Francisco CA 94107","CA","","","False","False","","","","","","","","","No","400005086","","offline"
"400005194","2026-05-16 17:55:49.000","5749163","Enphase","","","","","501 2nd St San Francisco CA 94107","CA","","","False","False","","","","","","","","","No","400005194","","offline"
"400003286","2026-05-16 18:25:26.000","5819039","Enphase","","","","","1231 Falcon St San Jose CA 95138","CA","","","False","False","","","","","","","","","No","APPTPO-Test-dev75","75","offline"
"400005037","2026-05-16 19:26:04.000","5749163","Enphase","","","","","501 2nd St San Francisco CA 94107","CA","","","False","False","","","","","","","","","No","400005037","","offline"
"400005085","2026-05-16 19:26:04.000","5749163","Enphase","","","","","501 2nd St San Francisco CA 94107","CA","","","False","False","","","","","","","","","No","400005085","","offline"
"400005038","2026-05-16 19:51:09.000","5749163","Enphase","","","","","501 2nd St San Francisco CA 94107","CA","","","False","False","","","","","","","","","No","400005038","","offline"
"400005023","2026-05-16 19:56:10.000","5749163","Enphase","","","","","501 2nd St San Francisco CA 94107","CA","","","False","False","","","","","","","","","No","400005023","","offline"
"400003221","2026-05-17 01:56:43.000","5819039","Enphase","","","","","1231 Falcon St San Jose CA 95138","CA","","","False","False","","","","","","","","","No","APPTPO-Test-dev26","26","offline"
"400005337","2026-05-17 05:57:51.000","5749163","Enphase","","","","","501 2nd St San Francisco CA 94107","CA","","","False","False","","","","","","","","","No","400005337","","offline"
"400003260","2026-05-18 04:36:19.000","5819039","Enphase","","","","","1231 Falcon St San Jose CA 95138","CA","","","False","False","","","","","","","","","No","APPTPO-Test-dev56","56","offline"
"400005199","2026-05-18 04:41:40.000","5749163","Enphase","","","","","501 2nd St San Francisco CA 94107","CA","","False","False","False","","290","0","ENPHASE_ENERGY_INC_-IQ7PLUS_72_M_US__240V_","Enphase Energy Inc.","MicroInverter","IQ7PLUS-72-M-US [240V]","","No","400005199","","offline"
"400003250","2026-05-18 10:37:21.000","5819039","Enphase","","","","","1231 Falcon St San Jose CA 95138","CA","","","False","False","","","","","","","","","No","APPTPO-Test-dev5","5","offline"
"400003287","2026-05-18 17:23:31.000","5819039","Enphase","","","","","1231 Falcon St San Jose CA 95138","CA","","","False","False","","","","","","","","","No","APPTPO-Test-dev76","76","offline"
"400005617","2026-05-18 17:39:53.000","5749163","Enphase","","","","","501 2nd St San Francisco CA 94107","CA","","True","True","False","","","","","","","","","No","400005617","","offline"
"400003268","2026-05-18 20:39:05.000","5819039","Enphase","","","","","1231 Falcon St San Jose CA 95138","CA","","","False","False","","","","","","","","","No","APPTPO-Test-dev63","63","offline"
"100004872","2026-05-19 06:34:13.000","100004872","Qcells","","","testcase1 testcase1","heejinshin@qcells.com","Wells Street Raymondville TX 78580","TX","","False","False","False","","","","","","","","","No","100004872","","offline"
"","2026-05-19 09:49:12.000","","","","","","","","","","","False","False","","","","","","","","","No","","","offline"
"400005053","2026-05-20 03:55:39.000","5749163","Enphase","","","","","501 2nd St San Francisco CA 94107","CA","","","False","False","","","","","","","","","No","400005053","","offline"
"400005029","2026-05-20 03:55:39.000","5749163","Enphase","","","","","501 2nd St San Francisco CA 94107","CA","","","False","False","","","","","","","","","No","400005029","","offline"
"400005195","2026-05-20 03:55:39.000","5749163","Enphase","","","","","501 2nd St San Francisco CA 94107","CA","","","False","False","","","","","","","","","No","400005195","","offline"
"400003320","2026-05-20 05:24:43.000","5819039","Enphase","","","","","1231 Falcon St San Jose CA 95138","CA","","","False","False","","","","","","","","","No","APPTPO-Test-dev97","97","offline"
"100004058","2026-05-20 09:29:41.000","100004058","Qcells","Tesla","cb0e6650-2431-4f1b-b548-a808c70e35a1","LabTest0003 LabTest0003","LabTest0003@qcells.com","Vermont Street Lawrence KS 66044","KS","","False","False","False","","7600","0","QCELLS-Q_HOME_CORE_A7_6B13_1","Qcells","Inverter","Q.HOME CORE A7.6B13.1","BatteryInverter","No","APPTPO-2412332018","2412332018","offline"
"400003288","2026-05-20 12:56:01.000","5819039","Enphase","","","","","1231 Falcon St San Jose CA 95138","CA","","","False","False","","","","","","","","","No","APPTPO-Test-dev77","77","offline"
"400003291","2026-05-20 20:52:23.000","5819039","Enphase","","","","","1231 Falcon St San Jose CA 95138","CA","","","False","False","","","","","","","","","No","APPTPO-Test-dev8","8","offline"
"400005055","2026-05-20 20:53:31.000","5749163","Enphase","","","","","501 2nd St San Francisco CA 94107","CA","","","False","False","","","","","","","","","No","400005055","","offline"
"400003241","2026-05-20 21:37:30.000","5819039","Enphase","","","","","1231 Falcon St San Jose CA 95138","CA","","","False","False","","","","","","","","","No","APPTPO-Test-dev41","41","offline"
"200000164","2026-05-21 01:58:12.000","200000164","Qcells","","","","","Kansas City City Hall KCMO MO 64106","MO","","False","False","False","","","","","","","","","No","200000164","","offline"
"400003246","2026-05-21 02:08:18.000","5819039","Enphase","","","","","1231 Falcon St San Jose CA 95138","CA","","","False","False","","","","","","","","","No","APPTPO-Test-dev46","46","offline"
"400005054","2026-05-21 02:59:32.000","5749163","Enphase","","","","","501 2nd St San Francisco CA 94107","CA","","","False","False","","","","","","","","","No","400005054","","offline"
"400005078","2026-05-21 12:56:12.000","5749163","Enphase","","","","","501 2nd St San Francisco CA 94107","CA","","","False","False","","","","","","","","","No","400005078","","offline"
"400005058","2026-05-21 14:41:30.000","5749163","Enphase","","","","","501 2nd St San Francisco CA 94107","CA","","","False","False","","","","","","","","","No","APPTPO-0000","0000","offline"
"400003204","2026-05-21 15:26:12.000","5819039","Enphase","","","","","1231 Falcon St San Jose CA 95138","CA","","","False","False","","","","","","","","","No","APPTPO-Test-dev12","12","offline"
"400005043","2026-05-21 16:26:47.000","5749163","Enphase","","","","","501 2nd St San Francisco CA 94107","CA","","","False","False","","","","","","","","","No","400005043","","offline"
"400005879","2026-05-21 19:16:29.000","9e44ac0a-913d-46c0-b4a3-33ef8e37e969","Tesla","","","","","1515 Wyatt Dr Santa Clara CA 95054","CA","","","True","False","","","","","","","","","No","100000999","","offline"
"400005336","2026-05-21 19:57:24.000","5749163","Enphase","","","","","501 2nd St San Francisco CA 94107","CA","","","False","False","","","","","","","","","No","400005336","","offline"
"400003292","2026-05-21 21:54:45.000","5819039","Enphase","","","","","1231 Falcon St San Jose CA 95138","CA","","","False","False","","","","","","","","","No","APPTPO-Test-dev80","80","offline"
"400003262","2026-05-21 22:24:51.000","5819039","Enphase","","","","","1231 Falcon St San Jose CA 95138","CA","","","False","False","","","","","","","","","No","APPTPO-Test-dev58","58","offline"
"400003270","2026-05-22 05:11:00.000","5819039","Enphase","","","","","1231 Falcon St San Jose CA 95138","CA","","","False","False","","","","","","","","","No","APPTPO-Test-dev64","64","offline"
"400003223","2026-05-22 05:41:05.000","5819039","Enphase","","","","","1231 Falcon St San Jose CA 95138","CA","","","False","False","","","","","","","","","No","APPTPO-Test-dev27","27","offline"
"100004913","2026-05-22 07:35:54.000","100004913","Qcells","","","Jh CASE3 Jh CASE3","jaehwi.kim@qcells.com","- - UN 04541","UN","","False","False","False","","7600","0","QCELLS-Q_HOME_CORE_A7_6B13_1","Qcells","Inverter","Q.HOME CORE A7.6B13.1","BatteryInverter","No","100004913","","offline"
"400005025","2026-05-22 14:35:32.000","5749163","Enphase","","","","","501 2nd St San Francisco CA 94107","CA","","","False","False","","","","","","","","","No","400005025","","offline"
"400005027","2026-05-22 14:40:33.000","5749163","Enphase","","","","","501 2nd St San Francisco CA 94107","CA","","","False","False","","","","","","","","","No","400005027","","offline"
"400003203","2026-05-22 21:08:45.000","5819039","Enphase","","","","","1231 Falcon St San Jose CA 95138","CA","","","False","False","","","","","","","","","No","APPTPO-Test-dev11","11","offline"
"400003245","2026-05-22 23:09:06.000","5819039","Enphase","","","","","1231 Falcon St San Jose CA 95138","CA","","","False","False","","","","","","","","","No","APPTPO-Test-dev45","45","offline"
"400003214","2026-05-23 09:25:52.000","5819039","Enphase","","","","","1231 Falcon St San Jose CA 95138","CA","","","False","False","","","","","","","","","No","APPTPO-Test-dev21","21","offline"
"400003207","2026-05-23 10:11:00.000","5819039","Enphase","","","","","1231 Falcon St San Jose CA 95138","CA","","","False","False","","","","","","","","","No","APPTPO-Test-dev15","15","offline"
"400005079","2026-05-23 12:24:13.000","5749163","Enphase","","","","","501 2nd St San Francisco CA 94107","CA","","","False","False","","","","","","","","","No","400005079","","offline"
"400005083","2026-05-23 20:55:39.000","5749163","Enphase","","","","","Stone Road Sabana Seca PR 00952","PR","","","False","False","","","","","","","","","No","400005083","","offline"
"400003296","2026-05-24 01:53:40.000","5819039","Enphase","","","","","1231 Falcon St San Jose CA 95138","CA","","","False","False","","","","","","","","","No","APPTPO-Test-dev84","84","offline"
"400005047","2026-05-24 01:56:30.000","5749163","Enphase","","","","","501 2nd St San Francisco CA 94107","CA","","","False","False","","","","","","","","","No","400005047","","offline"
"400003319","2026-05-24 03:08:54.000","5819039","Enphase","","","","","1231 Falcon St San Jose CA 95138","CA","","","False","False","","","","","","","","","No","APPTPO-Test-dev96","96","offline"
"400003225","2026-05-24 07:24:38.000","5819039","Enphase","","","","","1231 Falcon St San Jose CA 95138","CA","","","False","False","","","","","","","","","No","APPTPO-Test-dev29","29","offline"
"400003280","2026-05-24 20:51:58.000","5819039","Enphase","","","","","1231 Falcon St San Jose CA 95138","CA","","","False","False","","","","","","","","","No","APPTPO-Test-dev70","70","offline"
"400003318","2026-05-24 23:07:21.000","5819039","Enphase","","","","","1231 Falcon St San Jose CA 95138","CA","","","False","False","","","","","","","","","No","APPTPO-Test-dev96","96","offline"
"400005046","2026-05-24 23:35:08.000","5749163","Enphase","","","","","501 2nd St San Francisco CA 94107","CA","","","False","False","","","","","","","","","No","400005046","","offline"
"400003231","2026-05-25 00:07:30.000","5819039","Enphase","","","","","1231 Falcon St San Jose CA 95138","CA","","","False","False","","","","","","","","","No","APPTPO-Test-dev33","33","offline"
"400005084","2026-05-25 00:35:19.000","5749163","Enphase","","","","","501 2nd St San Francisco CA 94107","CA","","","False","False","","","","","","","","","No","400005084","","offline"
"400003261","2026-05-25 00:52:38.000","5819039","Enphase","","","","","1231 Falcon St San Jose CA 95138","CA","","","False","False","","","","","","","","","No","APPTPO-Test-dev57","57","offline"
"400005192","2026-05-25 02:25:37.000","5749163","Enphase","","","","","501 2nd St San Francisco CA 94107","CA","","","False","False","","","","","","","","","No","400005192","","offline"
"400005087","2026-05-25 03:40:50.000","5749163","Enphase","","","","","501 2nd St San Francisco CA 94107","CA","","","False","False","","","","","","","","","No","400005087","","offline"
"400005200","2026-05-25 04:00:00.000","5749163","Enphase","","","","","501 2nd St San Francisco CA 94107","CA","","","False","False","","","","","","","","","No","400005200","","offline"
"400005186","2026-05-25 04:51:01.000","5749163","Enphase","","","","","501 2nd St San Francisco CA 94107","CA","","","False","False","","","","","","","","","No","400005186","","offline"
"400005036","2026-05-25 04:56:02.000","5749163","Enphase","","","","","501 2nd St San Francisco CA 94107","CA","","","False","False","","","","","","","","","No","400005036","","offline"
"400005081","2026-05-25 04:56:02.000","5749163","Enphase","","","","","Stone Road Sabana Seca PR 94107","PR","","","False","False","","","","","","","","","No","400005081","","offline"
"400005057","2026-05-25 05:36:09.000","5749163","Enphase","","","","","501 2nd St San Francisco CA 94107","CA","","","False","False","","","","","","","","","No","400005057","","offline"
"400005048","2026-05-25 05:36:09.000","5749163","Enphase","","","","","501 2nd St San Francisco CA 94107","CA","","","False","False","","","","","","","","","No","400005048","","offline"
"400005028","2026-05-25 05:41:10.000","5749163","Enphase","","","","","501 2nd St San Francisco CA 94107","CA","","","False","False","","","","","","","","","No","400005028","","offline"
"400005050","2026-05-25 05:41:10.000","5749163","Enphase","","","","","501 2nd St San Francisco CA 94107","CA","","","False","False","","","","","","","","","No","400005050","","offline"
"400005035","2026-05-25 05:41:10.000","5749163","Enphase","","","","","501 2nd St San Francisco CA 94107","CA","","","False","False","","","","","","","","","No","400005035","","offline"
"400003267","2026-05-25 06:08:33.000","5819039","Enphase","","","","","1231 Falcon St San Jose CA 95138","CA","","","False","False","","","","","","","","","No","APPTPO-Test-dev62","62","offline"
"400005033","2026-05-25 06:21:17.000","5749163","Enphase","","","","","501 2nd St San Francisco CA 94107","CA","","","False","False","","","","","","","","","No","400005033","","offline"
"400003208","2026-05-25 06:38:39.000","5819039","Enphase","","","","","1231 Falcon St San Jose CA 95138","CA","","","False","False","","","","","","","","","No","APPTPO-Test-dev16","16","offline"
"400003273","2026-05-25 07:08:44.000","5819039","Enphase","","","","","1231 Falcon St San Jose CA 95138","CA","","","False","False","","","","","","","","","No","APPTPO-Test-dev66","66","offline"
"400003216","2026-05-25 07:23:46.000","5819039","Enphase","","","","","1231 Falcon St San Jose CA 95138","CA","","","False","False","","","","","","","","","No","APPTPO-Test-dev23","23","offline"
"400003248","2026-05-25 07:53:51.000","5819039","Enphase","","","","","1231 Falcon St San Jose CA 95138","CA","","","False","False","","","","","","","","","No","APPTPO-Test-dev48","48","offline"
"400005039","2026-05-25 08:06:35.000","5749163","Enphase","","","","","501 2nd St San Francisco CA 94107","CA","","","False","False","","","","","","","","","No","400005039","","offline"
"400005049","2026-05-25 08:51:42.000","5749163","Enphase","","","","","501 2nd St San Francisco CA 94107","CA","","","False","False","","","","","","","","","No","400005049","","offline"
"400003282","2026-05-25 09:09:05.000","5819039","Enphase","","","","","1231 Falcon St San Jose CA 95138","CA","","","False","False","","","","","","","","","No","APPTPO-Test-dev72","72","offline"
"400003299","2026-05-25 09:39:10.000","5819039","Enphase","","","","","1231 Falcon St San Jose CA 95138","CA","","","False","False","","","","","","","","","No","APPTPO-Test-dev86","86","offline"
"400005018","2026-05-25 10:06:56.000","5749163","Enphase","","","","","501 2nd St San Francisco CA 94107","CA","","","False","False","","","","","","","","","No","400005018","","offline"
"400003229","2026-05-25 10:09:15.000","5819039","Enphase","","","","","1231 Falcon St San Jose CA 95138","CA","","","False","False","","","","","","","","","No","APPTPO-Test-dev32","32","offline"
"400005022","2026-05-25 10:21:58.000","5749163","Enphase","","","","","501 2nd St San Francisco CA 94107","CA","","","False","False","","","","","","","","","No","400005022","","offline"
"400005032","2026-05-25 10:37:01.000","5749163","Enphase","","","","","501 2nd St San Francisco CA 94107","CA","","","False","False","","","","","","","","","No","400005032","","offline"
"400005024","2026-05-25 10:52:03.000","5749163","Enphase","","","","","501 2nd St San Francisco CA 94107","CA","","","False","False","","","","","","","","","No","400005024","","offline"
"400003222","2026-05-25 10:54:23.000","5819039","Enphase","","","","","1231 Falcon St San Jose CA 95138","CA","","","False","False","","","","","","","","","No","APPTPO-Test-dev27","27","offline"
"400005040","2026-05-25 11:07:05.000","5749163","Enphase","","","","","501 2nd St San Francisco CA 94107","CA","","","False","False","","","","","","","","","No","400005040","","offline"
"400003302","2026-05-25 11:09:25.000","5819039","Enphase","","","","","1231 Falcon St San Jose CA 95138","CA","","","False","False","","","","","","","","","No","APPTPO-Test-dev87","87","offline"
"400003303","2026-05-25 11:24:28.000","5819039","Enphase","","","","","1231 Falcon St San Jose CA 95138","CA","","","False","False","","","","","","","","","No","APPTPO-Test-dev88","88","offline"
"400005056","2026-05-25 11:37:11.000","5749163","Enphase","","","","","501 2nd St San Francisco CA 94107","CA","","","False","False","","","","","","","","","No","400005056","","offline"
"400003232","2026-05-25 11:39:31.000","5819039","Enphase","","","","","1231 Falcon St San Jose CA 95138","CA","","","False","False","","","","","","","","","No","APPTPO-Test-dev34","34","offline"
"400003281","2026-05-25 11:54:33.000","5819039","Enphase","","","","","1231 Falcon St San Jose CA 95138","CA","","","False","False","","","","","","","","","No","APPTPO-Test-dev71","71","offline"
"400005026","2026-05-25 11:57:14.000","5749163","Enphase","","","","","501 2nd St San Francisco CA 94107","CA","","","False","False","","","","","","","","","No","400005026","","offline"
"400003305","2026-05-25 12:09:36.000","5819039","Enphase","","","","","1231 Falcon St San Jose CA 95138","CA","","","False","False","","","","","","","","","No","APPTPO-Test-dev89","89","offline"
"400003212","2026-05-25 12:24:37.000","5819039","Enphase","","","","","1231 Falcon St San Jose CA 95138","CA","","","False","False","","","","","","","","","No","APPTPO-Test-dev2","2","online"
"400003314","2026-05-25 12:39:40.000","5819039","Enphase","","","","","1231 Falcon St San Jose CA 95138","CA","","","False","False","","","","","","","","","No","APPTPO-Test-dev93","93","online"
"400003265","2026-05-25 12:54:43.000","5819039","Enphase","","","","","1231 Falcon St San Jose CA 95138","CA","","","False","False","","","","","","","","","No","APPTPO-Test-dev60","60","online"
"400002166","2026-05-25 13:00:00.000","4530736","SolarEdge","","","","","636 Encino Drive El Paso TX 79905","TX","","","False","False","","","","","","","","","No","APPTPO-2410413361","2410413361","online"
"400005857","2026-05-25 13:00:00.000","4412545","SolarEdge","","","","","501 2nd St San Francisco CA 94107","CA","","","False","False","","","","","","","","","No","APPTPO-2510211339","2510211339","online"
"400005270","2026-05-25 13:00:00.000","4372522","SolarEdge","","","","","223 Fawn Ridge Drive Copperas Cove TX 76522","TX","","","False","False","","","","","","","","","No","APPTPO-2510991236","2510991236","online"
"400005220","2026-05-25 13:00:00.000","4406067","SolarEdge","","","","","1515 Wyatt Dr Santa Clara CA 95054","CA","","","False","False","","","","","","","","","No","100000909","","online"
"400005859","2026-05-25 13:00:00.000","4658189","SolarEdge","","","","","501 2nd St San Francisco CA 94107","CA","","","False","False","","","","","","","","","No","APPTPO-2510211349","2510211349","online"
"400005102","2026-05-25 13:05:16.000","5615416","Enphase","","","","","1370 Abrozo Way Plumas Lake CA 95961","CA","","","False","False","","","","","","","","","No","400005102","","online"
"400003309","2026-05-25 13:09:45.000","5819039","Enphase","","","","","1231 Falcon St San Jose CA 95138","CA","","","False","False","","","","","","","","","No","APPTPO-Test-dev90","90","online"
"400005103","2026-05-25 13:10:31.000","5670475","Enphase","","","","","3709 Basin Ave Bakersfield CA 93309","CA","","","False","False","","","","","","","","","No","400005103","","online"
"400003185","2026-05-25 13:13:28.000","5712936","Enphase","","","","","1231 Falcon St San Jose CA 95138","CA","","","True","False","","","","","","","","","No","APPTPO-25061662371","25061662371","online"
"400005794","2026-05-25 13:15:00.000","4675017","SolarEdge","","","Kalesita Atelea","malia_daily@yahoo.com","1765 Hemlock Avenue San Mateo CA 94401","CA","Demo Installer","True","True","False","","","","","","","","","No","APPTPO-2505713903-Dev-Docs-Test-1","25057139031","online"
"400005118","2026-05-25 13:15:00.000","4642024","SolarEdge","","","","","6329 Candleberry Cove Jurupa Valley CA 92509","CA","","","False","False","","","","","","","","","No","400005118","","online"
"400005121","2026-05-25 13:15:00.000","4642024","SolarEdge","","","","","6329 Candleberry Cove Jurupa Valley CA 92509","CA","","","False","False","","","","","","","","","No","400005121","","online"
"400005814","2026-05-25 13:15:00.000","4675017","SolarEdge","","","Chivate Yogesh","yogesh@yopmail.com","31755 Alvarado Blvd AV Union City CA 94587","CA","Demo Installer","True","True","False","","325","6.02","ENPHASE_ENERGY_INC_-IQ8M_72_M_US__240V_","Enphase Energy Inc.","MicroInverter","IQ8M-72-M-US [240V]","","No","Tesla_TEST_AVAI_AD_0143","","online"
"400005114","2026-05-25 13:15:00.000","4642024","SolarEdge","","","","","6329 Candleberry Cove Jurupa Valley CA 92509","CA","","","False","False","","","","","","","","","No","APPTPO-2505735947","2505735947","online"
"400005116","2026-05-25 13:15:00.000","4642024","SolarEdge","","","","","6329 Candleberry Cove Jurupa Valley CA 92509","CA","","","False","False","","","","","","","","","No","400005116","","online"
"400005162","2026-05-25 13:15:00.000","4642024","SolarEdge","","","","","6329 Candleberry Cove Jurupa Valley CA 92509","CA","","","False","False","","","","","","","","","No","400005162","","online"
"400005001","2026-05-25 13:15:00.000","SSGCMVPLYR","Qcells","","","ChanHyup Kim","chanhyup.kim@qcells.com","501 2nd St San Francisco CA 94107","CA","Demo Installer","True","True","True","97caa71b-a574-4ac0-ab39-28777be7fd14","7593","9.02","QCELLS-Q_VOLT_H7_6SX","Qcells","Inverter","Q.VOLT H7.6SX","HybridInverter","No","APPTPO-2529191461","2529191461","online"
"400005122","2026-05-25 13:15:00.000","4642024","SolarEdge","","","","","6329 Candleberry Cove Jurupa Valley CA 92509","CA","","","False","False","","","","","","","","","No","400005122","","online"
"400005117","2026-05-25 13:15:00.000","4642024","SolarEdge","","","","","6329 Candleberry Cove Jurupa Valley CA 92509","CA","","","False","False","","","","","","","","","No","400005117","","online"
"400005119","2026-05-25 13:15:00.000","4642024","SolarEdge","","","","","6329 Candleberry Cove Jurupa Valley CA 92509","CA","","","False","False","","","","","","","","","No","400005119","","online"
"400005123","2026-05-25 13:15:00.000","4642024","SolarEdge","","","","","6329 Candleberry Cove Jurupa Valley CA 92509","CA","","","False","False","","","","","","","","","No","400005123","","online"
"400005120","2026-05-25 13:15:00.000","4642024","SolarEdge","","","","","6329 Candleberry Cove Jurupa Valley CA 92509","CA","","","False","False","","","","","","","","","No","400005120","","online"
"400003181","2026-05-25 13:15:00.000","SSL49PRQQZ","Qcells","","","ChanHyup Kim","chanhyup.kim@qcells.com","501 2nd St San Francisco CA 94107","CA","Demo Installer","True","True","False","","7593","9.02","QCELLS-Q_VOLT_H7_6SX","Qcells","Inverter","Q.VOLT H7.6SX","HybridInverter","No","APPTPO-2519991451","2519991451","online"
"400005107","2026-05-25 13:16:25.000","cd0a1729-1c06-48ff-aa6c-7515917790c2","Tesla","","","","","168 Kit Carson Way Vallejo CA 94589","CA","","","False","False","","","","","","","","","No","400005107","","online"
"400005846","2026-05-25 13:17:43.000","SMRRZFLBWC","Qcells","","","ChanHyup Kim","chanhyup.kim@qcells.com","501 2nd St San Francisco CA 94107","CA","Demo Installer","True","False","False","","7593","9.02","QCELLS-Q_VOLT_H7_6SX","Qcells","Inverter","Q.VOLT H7.6SX","HybridInverter","No","APPTPO-2324496839","2324496839","online"
"400005834","2026-05-25 13:19:24.000","SWMQDMZXRQ","Qcells","","","ChanHyup Kim","chanhyup.kim@qcells.com","501 2nd St San Francisco CA 94107","CA","Demo Installer","True","False","False","","7593","9.02","QCELLS-Q_VOLT_H7_6SX","Qcells","Inverter","Q.VOLT H7.6SX","HybridInverter","No","APPTPO-2329496832","2329496832","online"
"400005847","2026-05-25 13:20:00.000","SSH4NU38AJ","Qcells","","","ChanHyup Kim","chanhyup.kim@qcells.com","501 2nd St San Francisco CA 94107","CA","Demo Installer","True","False","False","","7593","9.02","QCELLS-Q_VOLT_H7_6SX","Qcells","Inverter","Q.VOLT H7.6SX","HybridInverter","No","APPTPO-2324496841","2324496841","online"
"400005801","2026-05-25 13:20:00.000","SSSUCUQMH9","Qcells","","","ChanHyup Kim","chanhyup.kim@qcells.com","501 2nd St San Francisco CA 94107","CA","Demo Installer","True","True","False","","7593","9.02","QCELLS-Q_VOLT_H7_6SX","Qcells","Inverter","Q.VOLT H7.6SX","HybridInverter","No","APPTPO-2329496821","2329496821","online"
"400005132","2026-05-25 13:20:00.000","SSEFVVZGZA","Qcells","","","ChanHyup Kim","chanhyup.kim@qcells.com","501 2nd St San Francisco CA 94107","CA","Demo Installer","True","True","True","9f9e8e0f-d16e-49b6-b412-02f365b31b32","7593","9.02","QCELLS-Q_VOLT_H7_6SX","Qcells","Inverter","Q.VOLT H7.6SX","HybridInverter","No","APPTPO-2729197422","2729197422","online"
"400005241","2026-05-25 13:20:00.000","SSEBJ2HHCC","Qcells","","","ChanHyup Kim","chanhyup.kim@qcells.com","501 2nd St San Francisco CA 94107","CA","Demo Installer","True","True","False","","7593","9.02","QCELLS-Q_VOLT_H7_6SX","Qcells","Inverter","Q.VOLT H7.6SX","HybridInverter","No","APPTPO-2729496109","2729496109","online"
"400005793","2026-05-25 13:20:00.000","4686534","SolarEdge","","","Cherie Witchell","rod4dmv@yahoo.com","31483 Reserve Dr Winchester CA 92596","CA","Demo Installer","True","True","False","","","","","","","","","No","APPTPO-2506762716-Dev-Docs-Test-1","25067627161","online"
"400005131","2026-05-25 13:20:00.000","SSXA8PMTFS","Qcells","","","ChanHyup Kim","chanhyup.kim@qcells.com","501 2nd St San Francisco CA 94107","CA","Demo Installer","True","True","True","7e32f1ff-e72e-467b-b286-78d054510799","7593","9.02","QCELLS-Q_VOLT_H7_6SX","Qcells","Inverter","Q.VOLT H7.6SX","HybridInverter","No","APPTPO-2729196422","2729196422","online"
"400005845","2026-05-25 13:20:00.000","SSYPHZYRWC","Qcells","","","ChanHyup Kim","chanhyup.kim@qcells.com","501 2nd St San Francisco CA 94107","CA","Demo Installer","True","False","False","","7593","9.02","QCELLS-Q_VOLT_H7_6SX","Qcells","Inverter","Q.VOLT H7.6SX","HybridInverter","No","APPTPO-2324496838","2324496838","online"
"400003690","2026-05-25 13:20:00.000","SSAZSBPFET","Qcells","","","ChanHyup Kim","chanhyup.kim@qcells.com","501 2nd St San Francisco CA 94107","CA","Demo Installer","True","True","False","","7593","9.02","QCELLS-Q_VOLT_H7_6SX","Qcells","Inverter","Q.VOLT H7.6SX","HybridInverter","No","APPTPO-2519991460","2519991460","online"
"400005000","2026-05-25 13:20:00.000","4541613","SolarEdge","","","","","3736 North Clay Street Visalia CA 93291","CA","","","False","False","","","","","","","","","No","APPTPO-2501546426111","2501546426111","online"
"400005002","2026-05-25 13:20:00.000","SSEES4QTST","Qcells","","","ChanHyup Kim","chanhyup.kim@qcells.com","501 2nd St San Francisco CA 94107","CA","Demo Installer","True","False","False","","7593","9.02","QCELLS-Q_VOLT_H7_6SX","Qcells","Inverter","Q.VOLT H7.6SX","HybridInverter","No","APPTPO-2529191462","2529191462","online"
"400005059","2026-05-25 13:20:37.000","SSAGTCZFQ8","Qcells","","","ChanHyup Kim","chanhyup.kim@qcells.com","501 2nd St San Francisco CA 94107","CA","Demo Installer","True","True","False","","7593","9.02","QCELLS-Q_VOLT_H7_6SX","Qcells","Inverter","Q.VOLT H7.6SX","HybridInverter","No","APPTPO-2529191418","2529191418","online"
"400005104","2026-05-25 13:20:51.000","SWFNMAQUVG","Qcells","","","ChanHyup Kim","chanhyup.kim@qcells.com","501 2nd St San Francisco CA 94107","CA","Demo Installer","True","True","False","","7593","9.02","QCELLS-Q_VOLT_H7_6SX","Qcells","Inverter","Q.VOLT H7.6SX","HybridInverter","No","APPTPO-2442352482","2442352482","online"
"200000582","2026-05-25 13:21:14.000","200000582","Qcells","","","","","College Park, MD 20742, USA College Park MD 20742","MD","Qcells","False","False","False","","","","","","","","","No","200000582","","online"
"100004007","2026-05-25 13:21:32.000","100004007","Qcells","","","dj_c1 dj_c1","jumy.dong@qcells.com","Janggyo-dong Seoul UN 04541","UN","","False","False","False","","","","","","","","","No","100004007","","online"
"200000159","2026-05-25 13:21:34.000","200000159","Qcells","","","","","Indiana State Capitol Indianapolis IN 46204","IN","","False","False","False","","","","","","","","","No","200000159","","online"