"siteId","min_timestamp","max_timestamp","record_count"
"400000062","2025-03-28 22:01:25.000","2026-04-02 07:05:00.000","45,721"
"400000066","2025-07-22 18:05:54.000","2026-04-02 07:05:56.000","93,463"
"400000067","2025-05-29 16:15:21.000","2026-03-19 16:11:44.000","9,918"
"400000068","2025-03-28 22:02:35.000","2026-04-02 07:05:00.000","46,380"
"400000069","2025-08-01 00:15:14.000","2026-04-02 06:55:55.000","25,785"
"400000071","1970-01-21 15:28:13.000","2026-04-02 07:05:00.000","87,375"
"400000075","2025-03-28 22:01:25.000","2026-04-02 07:00:00.000","46,289"
"400000078","2025-05-29 16:15:19.000","2026-04-02 04:45:23.000","29,812"
"400000079","2025-07-22 18:05:31.000","2026-04-02 07:05:41.000","85,873"
"400000080","2025-03-28 22:05:50.000","2026-04-02 07:00:00.000","46,377"
"400000081","2025-03-28 22:02:35.000","2026-04-02 07:00:00.000","46,365"
"400000082","2025-07-22 18:05:37.000","2026-04-02 07:03:47.000","88,444"
"400000083","2025-07-22 18:05:59.000","2026-04-02 07:05:30.000","78,400"
"400000086","2025-05-29 16:15:16.000","2026-04-02 06:53:05.000","31,083"
"400000094","1970-01-21 15:28:14.000","2026-04-02 07:05:00.000","97,802"
"400000095","2025-07-22 18:05:45.000","2026-04-02 07:05:45.000","84,721"
"400000098","2025-07-22 18:05:21.000","2026-04-02 07:05:53.000","84,982"
"400000104","2025-03-28 22:05:50.000","2026-04-02 07:00:00.000","46,394"
"400000107","2025-03-28 22:03:42.000","2026-04-02 07:05:00.000","46,511"
"400000108","2025-03-28 22:02:35.000","2026-04-02 07:00:00.000","46,445"
"400000110","2025-03-28 22:02:34.000","2026-04-02 07:00:00.000","46,375"
"400000112","2025-03-28 22:01:24.000","2026-04-02 07:00:00.000","46,400"
"400000121","2025-03-28 22:04:48.000","2026-04-02 07:05:00.000","46,399"
"400000129","2025-03-28 22:05:49.000","2026-04-02 06:55:00.000","46,173"
"400000131","2025-07-22 18:05:41.000","2026-04-02 07:05:38.000","77,975"
"400000133","2025-03-28 22:00:00.000","2026-04-02 07:00:00.000","46,338"
"400000134","2025-03-28 22:05:49.000","2026-04-02 07:00:00.000","46,447"
"400000135","2025-03-28 22:01:26.000","2026-04-02 07:00:00.000","46,313"
"400000142","2025-03-28 22:04:47.000","2026-04-02 07:00:00.000","46,481"
"400000145","2025-07-22 18:05:49.000","2026-04-02 07:05:34.000","80,405"
"400000146","1970-01-21 15:28:13.000","2026-04-02 07:05:00.000","117,088"
"400000147","2025-07-22 18:05:47.000","2026-04-02 07:05:25.000","85,121"
"400000148","1970-01-21 15:28:13.000","2026-04-02 07:05:00.000","96,969"
"400000151","2025-03-28 22:03:43.000","2026-04-02 07:05:00.000","46,392"
"400000152","2025-07-22 18:05:23.000","2026-04-02 07:05:53.000","85,623"
"400000153","1970-01-21 15:28:14.000","2026-04-02 07:05:01.000","54,192"
"400000154","1970-01-21 15:28:13.000","2026-04-02 07:05:00.000","97,935"
"400000156","2025-07-22 18:05:43.000","2026-04-02 07:05:35.000","85,157"
"400000157","2025-07-22 18:05:59.000","2026-04-02 07:04:38.000","77,977"
"400000159","1970-01-21 15:28:14.000","2026-04-02 07:05:01.000","102,740"
"400000161","2025-03-28 22:01:24.000","2026-04-02 07:05:00.000","46,537"
"400000162","2025-03-28 22:03:43.000","2026-04-02 07:00:00.000","46,478"
"400000165","2025-07-22 18:06:00.000","2026-04-02 07:05:40.000","89,686"
"400000168","2025-03-28 22:03:44.000","2026-04-02 07:00:00.000","46,153"
"400000169","2025-05-29 16:15:14.000","2026-04-02 06:58:47.000","31,486"
"400000174","2025-03-28 22:04:47.000","2026-04-02 07:05:00.000","46,203"
"400000175","1970-01-21 15:28:13.000","2026-04-02 07:05:00.000","95,577"
"400000176","2025-07-22 18:10:37.000","2026-04-02 07:05:55.000","84,478"
"400000177","2025-03-28 22:03:42.000","2026-04-02 07:05:00.000","46,263"
"400000178","2025-03-28 22:03:42.000","2026-04-02 07:05:00.000","46,359"
"400000180","2025-05-29 16:15:18.000","2026-04-02 06:57:48.000","32,143"
"400000181","2025-03-28 22:05:49.000","2026-04-02 06:50:00.000","46,290"
"400000184","2025-03-28 22:03:41.000","2026-04-02 07:05:00.000","46,309"
"400000187","2025-07-22 18:05:58.000","2026-04-02 07:05:40.000","79,079"
"400000188","2025-03-28 22:05:49.000","2026-04-02 07:00:00.000","46,342"
"400000190","2025-05-29 16:15:00.000","2026-04-02 06:54:49.000","31,030"
"400000192","2025-03-28 22:04:48.000","2026-04-02 07:05:00.000","46,418"
"400000197","2025-07-22 18:05:33.000","2026-04-02 07:05:28.000","91,119"
"400000198","2025-03-28 22:04:48.000","2026-04-02 06:45:00.000","35,395"
"400000199","2025-07-22 18:05:26.000","2026-04-02 07:05:20.000","78,666"
"400000200","2025-03-28 22:05:50.000","2026-04-02 07:00:00.000","46,383"
"400000203","2025-07-22 18:05:18.000","2026-04-02 07:06:02.000","86,122"
"400000204","2025-07-22 18:05:38.000","2026-04-02 07:05:30.000","51,922"
"400000207","1970-01-21 15:28:13.000","2026-04-02 07:02:26.000","96,735"
"400000208","1970-01-21 15:28:13.000","2026-04-02 07:05:00.000","80,539"
"400000210","1970-01-21 15:28:14.000","2026-04-02 07:05:00.000","96,586"
"400000211","2025-07-22 18:05:43.000","2026-04-02 07:05:46.000","85,392"
"400000212","2025-05-29 16:15:19.000","2026-04-02 06:53:51.000","30,724"
"400000215","1970-01-21 15:28:13.000","2026-04-02 07:05:00.000","101,984"
"400000216","2025-03-28 22:01:25.000","2026-04-02 07:00:00.000","46,357"
"400000217","2025-03-28 22:03:43.000","2026-04-02 07:00:00.000","46,397"
"400000218","2025-03-28 22:00:00.000","2026-04-02 07:00:00.000","46,342"
"400000223","2025-03-28 22:05:50.000","2026-04-02 07:00:00.000","46,522"
"400000224","2025-05-29 16:15:10.000","2026-04-02 06:55:18.000","32,025"
"400000229","2025-03-28 22:00:00.000","2026-04-02 06:45:00.000","45,896"
"400000230","2025-03-28 22:00:00.000","2026-04-02 07:00:00.000","46,337"
"400000235","2025-03-28 22:02:33.000","2026-04-02 06:45:00.000","35,500"
"400000236","1970-01-21 15:28:13.000","2026-04-02 07:05:00.000","96,260"
"400000238","2025-03-28 22:00:00.000","2026-04-02 07:05:00.000","46,047"
"400000246","2025-03-28 22:01:23.000","2026-04-02 07:05:00.000","46,378"
"400000249","2025-08-01 00:15:38.000","2026-04-02 04:50:56.000","19,055"
"400000260","2025-07-22 18:05:52.000","2026-04-02 07:05:53.000","83,912"
"400000263","2025-03-28 22:02:34.000","2026-04-02 07:05:00.000","46,459"
"400000269","2025-03-28 22:04:48.000","2026-04-02 07:00:00.000","46,355"
"400000271","1970-01-21 15:28:13.000","2026-04-02 07:05:00.000","99,929"
"400000272","2025-03-28 22:04:49.000","2026-04-02 07:00:00.000","46,153"
"400000273","2025-03-28 22:00:00.000","2026-04-02 07:00:00.000","46,443"
"400000276","2025-03-28 22:02:34.000","2026-04-02 07:05:00.000","45,894"
"400000277","1970-01-21 15:28:14.000","2026-04-02 07:05:01.000","86,198"
"400000286","1970-01-21 15:28:14.000","2026-04-02 07:05:01.000","99,670"
"400000287","2025-03-28 22:04:47.000","2026-04-02 07:05:00.000","46,341"
"400000288","2025-03-28 22:03:41.000","2026-04-02 07:00:00.000","46,241"
"400000292","1970-01-21 15:28:13.000","2026-04-02 07:03:12.000","94,189"
"400000302","2025-03-28 22:04:47.000","2026-04-02 07:00:00.000","46,441"
"400000309","2025-03-28 22:02:34.000","2026-04-02 07:05:00.000","46,426"
"400000317","2025-03-28 22:00:00.000","2026-04-02 07:00:00.000","46,277"
"400000340","2025-03-27 00:00:00.000","2026-04-02 07:05:01.000","85,985"
"400000348","2025-03-28 22:04:46.000","2026-04-02 07:00:00.000","46,290"
"400000362","2025-08-01 00:15:11.000","2026-04-02 06:54:12.000","24,928"
"400000369","2025-05-29 16:15:02.000","2026-04-02 05:00:50.000","10,669"
"400000391","2025-03-28 22:02:34.000","2026-04-02 07:05:00.000","46,289"
"400000433","2025-03-28 22:01:24.000","2026-04-02 07:00:00.000","46,238"
"400000447","2025-03-28 22:01:24.000","2026-04-02 07:00:00.000","45,060"
"400000456","1970-01-21 15:28:13.000","2026-04-02 07:05:00.000","96,816"
"400000458","1970-01-21 15:28:14.000","2026-04-02 07:05:01.000","100,362"
"400000460","2025-03-28 22:04:48.000","2026-04-02 07:00:00.000","46,270"
"400000461","2025-03-28 22:02:35.000","2026-04-02 07:05:00.000","46,366"
"400000464","2025-09-10 16:19:50.000","2026-04-02 07:05:00.000","57,479"
"400000470","1970-01-21 15:28:13.000","2026-04-02 07:05:01.000","148,921"
"400000471","2025-07-02 23:05:00.000","2026-04-02 07:05:00.000","35,900"
"400000472","2025-05-29 16:15:14.000","2026-04-02 06:16:21.000","9,672"
"400000474","2025-03-28 22:00:00.000","2026-04-02 07:05:00.000","45,826"
"400000475","1970-01-21 15:28:14.000","2026-04-02 07:05:01.000","103,148"
"400000481","1970-01-21 15:28:13.000","2026-04-02 07:05:01.000","94,539"
"400000483","1970-01-21 15:28:14.000","2026-04-02 07:03:39.000","92,877"
"400000484","1970-01-21 15:28:13.000","2026-03-25 01:55:00.000","95,508"
"400000485","1970-01-21 15:28:13.000","2026-04-02 07:02:43.000","52,580"
"400000488","2025-03-27 00:00:02.000","2025-04-15 23:55:01.000","5,162"
"400000514","1970-01-21 15:28:14.000","2026-04-02 07:05:00.000","92,966"
"400000569","2025-07-22 18:05:21.000","2026-04-02 07:05:38.000","78,583"
"400000570","1970-01-21 15:28:14.000","2026-03-25 01:55:00.000","100,873"
"400000571","2025-03-28 22:02:34.000","2026-04-02 07:00:00.000","46,425"
"400000573","2025-03-28 22:00:00.000","2026-04-02 04:15:00.000","39,375"
"400000574","2025-03-28 22:01:24.000","2026-04-02 07:05:00.000","46,393"
"400000575","1970-01-21 15:28:13.000","2026-04-02 07:05:00.000","99,928"
"400000579","1970-01-21 15:28:13.000","2026-04-02 07:05:00.000","95,039"
"400000581","2025-03-28 22:02:34.000","2026-04-02 06:45:00.000","42,089"
"400000583","2025-03-28 22:01:26.000","2026-04-02 06:50:00.000","46,472"
"400000585","2025-03-28 22:02:35.000","2026-04-02 06:45:00.000","35,741"
"400000590","2025-03-28 22:04:48.000","2026-04-02 07:05:00.000","46,457"
"400000592","2025-03-28 22:00:00.000","2026-04-02 07:00:00.000","46,376"
"400000593","2025-03-28 22:01:26.000","2026-04-02 07:00:00.000","46,395"
"400000595","2025-03-28 22:01:24.000","2026-04-02 07:00:00.000","46,468"
"400000597","2025-03-28 22:01:25.000","2026-04-02 07:00:00.000","46,373"
"400000599","2025-03-28 22:02:33.000","2026-04-02 07:05:00.000","39,861"
"400000600","2025-03-28 22:00:00.000","2026-04-02 06:45:00.000","44,472"
"400000601","2025-05-29 16:15:05.000","2026-04-02 04:23:58.000","16,672"
"400000603","2025-05-29 16:15:10.000","2026-04-02 06:56:07.000","31,926"
"400000604","2025-05-29 16:15:13.000","2026-04-02 04:24:43.000","7,873"
"400000605","2025-03-28 22:02:35.000","2026-04-02 07:05:00.000","46,334"
"400000606","2025-03-28 22:03:45.000","2026-04-02 07:00:00.000","46,334"
"400000608","2025-04-01 09:34:11.000","2026-04-02 07:00:00.000","44,464"
"400000610","2025-03-28 22:04:46.000","2026-04-02 07:00:00.000","45,157"
"400000611","2025-03-28 22:03:42.000","2026-04-02 07:05:00.000","46,470"
"400000612","2025-03-28 22:02:34.000","2026-04-02 07:00:00.000","46,412"
"400000613","2025-03-28 22:03:43.000","2026-04-02 07:05:00.000","46,414"
"400000614","2025-05-29 16:15:11.000","2026-04-02 04:53:43.000","16,190"
"400000615","2025-05-29 16:15:16.000","2026-04-02 04:18:46.000","12,579"
"400000617","2025-03-28 22:01:25.000","2026-04-02 07:05:00.000","46,428"
"400000618","2025-03-28 22:05:49.000","2026-04-02 07:05:00.000","46,407"
"400000619","2025-03-28 22:00:01.000","2026-04-02 06:57:08.000","36,792"
"400000621","2025-05-29 16:15:15.000","2026-04-02 06:55:44.000","28,202"
"400000622","2025-03-28 22:02:35.000","2026-04-02 06:45:00.000","34,264"
"400000625","2025-03-28 22:04:46.000","2026-04-02 07:05:00.000","45,688"
"400000626","2025-05-29 16:15:14.000","2026-04-02 06:50:58.000","29,006"
"400000627","2025-03-28 22:04:47.000","2026-04-02 07:05:00.000","46,317"
"400000628","2025-03-28 22:04:47.000","2026-04-02 07:00:00.000","43,739"
"400000630","2025-03-28 22:01:23.000","2026-04-02 07:00:00.000","46,420"
"400000632","2025-05-29 16:15:12.000","2026-04-02 06:54:50.000","31,911"
"400000633","2025-05-29 16:15:14.000","2025-12-09 23:41:05.000","17,536"
"400000634","2025-03-28 22:03:43.000","2026-04-02 07:05:00.000","46,386"
"400000636","2025-05-29 16:15:11.000","2026-04-02 04:00:58.000","7,835"
"400000638","2025-03-28 22:01:24.000","2026-04-02 07:00:00.000","46,218"
"400000639","2025-03-28 22:04:48.000","2026-04-02 07:00:00.000","46,321"
"400000640","2025-03-28 22:00:00.000","2026-04-02 07:05:00.000","46,398"
"400000642","2025-03-28 22:04:48.000","2026-04-02 07:00:00.000","46,452"
"400000643","2025-03-28 22:00:00.000","2026-04-02 07:00:00.000","46,237"
"400000645","2025-03-28 22:02:35.000","2026-04-02 07:00:00.000","46,463"
"400000649","2025-03-28 22:02:34.000","2026-04-02 07:00:00.000","46,237"
"400000650","2025-07-22 18:05:41.000","2026-04-02 07:05:57.000","84,061"
"400000651","2025-03-28 22:04:48.000","2026-04-02 07:00:00.000","46,466"
"400000652","2025-03-28 22:02:34.000","2026-04-02 07:05:00.000","46,429"
"400000653","2025-03-28 22:04:47.000","2026-04-02 07:00:00.000","46,219"
"400000655","2025-03-28 22:04:47.000","2026-04-02 07:05:00.000","46,476"
"400000656","2025-03-28 22:02:35.000","2026-04-02 07:00:00.000","46,418"
"400000657","2025-03-28 22:03:42.000","2026-04-02 07:00:00.000","46,440"
"400000659","2025-03-28 22:01:25.000","2026-04-02 07:05:00.000","36,387"
"400000660","2025-03-28 22:03:42.000","2026-04-02 07:00:00.000","46,289"
"400000661","2025-03-28 22:04:47.000","2026-04-02 07:00:00.000","46,418"
"400000664","2025-03-28 22:00:00.000","2026-04-02 07:00:00.000","46,410"
"400000665","2025-03-28 22:04:48.000","2026-04-02 07:05:00.000","46,423"
"400000666","2025-05-29 16:15:14.000","2026-04-02 04:45:41.000","25,140"
"400000667","2025-03-28 22:00:00.000","2026-04-02 07:00:00.000","45,019"
"400000669","2025-03-28 22:02:35.000","2026-04-02 07:00:00.000","46,373"
"400000670","2025-03-28 22:02:35.000","2026-04-02 07:05:00.000","46,419"
"400000671","2025-03-28 22:02:34.000","2026-04-02 06:45:00.000","35,504"
"400000672","2025-03-28 22:01:26.000","2026-04-02 07:00:00.000","46,414"
"400000674","2025-03-28 22:05:50.000","2026-04-02 07:05:00.000","46,430"
"400000675","2025-03-28 22:04:46.000","2026-04-02 07:05:00.000","46,440"
"400000676","2025-03-28 22:05:49.000","2026-04-02 07:05:00.000","46,388"
"400000677","2025-03-28 22:00:00.000","2026-04-02 07:00:00.000","46,401"
"400000678","2025-05-29 16:15:09.000","2026-04-02 06:58:37.000","31,425"
"400000679","2025-05-29 16:15:18.000","2026-04-02 06:55:51.000","21,820"
"400000680","2025-03-28 22:01:26.000","2026-04-02 07:05:00.000","46,030"
"400000681","2025-03-28 22:04:47.000","2026-04-02 06:45:00.000","35,223"
"400000683","2025-03-28 22:04:46.000","2026-04-02 07:05:00.000","46,316"
"400000684","2025-03-28 22:01:24.000","2026-04-02 07:00:00.000","46,381"
"400000685","2025-03-28 22:01:33.000","2026-04-02 06:50:00.000","46,445"
"400000687","2025-03-28 22:03:41.000","2026-04-02 07:00:00.000","44,800"
"400000688","2025-03-28 22:01:24.000","2026-04-02 07:05:00.000","46,502"
"400000689","2025-03-28 22:05:49.000","2026-04-02 07:00:00.000","46,215"
"400000690","2025-03-28 22:04:47.000","2026-04-02 07:00:00.000","41,250"
"400000691","2025-03-28 22:02:34.000","2026-04-02 07:05:00.000","46,163"
"400000692","2025-05-29 16:15:13.000","2026-04-02 06:53:32.000","31,987"
"400000693","1970-01-21 15:28:14.000","2026-04-02 07:05:00.000","96,853"
"400000694","2025-03-28 22:04:47.000","2026-04-02 06:50:00.000","46,426"
"400000695","2025-03-28 22:00:00.000","2026-04-02 07:00:00.000","46,357"
"400000696","2025-03-28 22:01:24.000","2026-04-02 07:05:00.000","46,219"
"400000697","2025-03-28 22:01:24.000","2026-04-02 07:05:00.000","46,361"
"400000698","1970-01-21 15:28:14.000","2026-04-02 07:05:01.000","101,485"
"400000700","1970-01-21 15:28:14.000","2026-04-02 07:05:00.000","101,119"
"400000702","2025-03-28 22:02:35.000","2026-04-02 07:05:00.000","46,378"
"400000703","2025-03-28 22:01:27.000","2026-04-02 07:00:00.000","45,888"
"400000705","2025-03-28 22:02:35.000","2026-04-02 07:00:00.000","46,339"
"400000707","2025-03-28 22:00:00.000","2026-04-02 07:00:00.000","46,470"
"400000708","2025-03-28 22:00:00.000","2026-04-02 06:45:00.000","42,940"
"400000709","2025-03-28 22:04:48.000","2026-04-02 07:00:00.000","46,452"
"400000710","2025-03-28 22:00:00.000","2026-04-02 07:00:00.000","46,313"
"400000711","2025-03-28 22:04:47.000","2026-04-02 07:00:00.000","46,448"
"400000713","2025-03-28 22:01:24.000","2026-04-02 07:05:00.000","46,433"
"400000714","2025-03-28 22:00:00.000","2026-04-02 06:45:00.000","46,421"
"400000715","2025-03-28 22:01:25.000","2026-04-02 07:05:00.000","46,378"
"400000717","2025-03-28 22:04:47.000","2026-04-02 06:45:00.000","35,482"
"400000718","2025-03-28 22:05:50.000","2026-04-02 07:00:00.000","46,405"
"400000719","2025-03-28 22:02:35.000","2026-04-02 07:05:00.000","46,368"
"400000721","2025-03-28 22:04:48.000","2026-04-02 06:45:00.000","35,494"
"400000726","2025-03-28 22:00:00.000","2026-04-02 07:05:00.000","46,368"
"400000728","2025-03-28 22:04:46.000","2026-04-02 07:00:00.000","45,859"
"400000731","2025-03-28 22:03:43.000","2026-04-02 07:00:00.000","46,418"
"400000732","1970-01-21 15:28:14.000","2025-12-25 20:00:00.000","43,274"
"400000733","1970-01-21 15:28:14.000","2026-04-02 07:06:20.000","80,021"
"400000735","2025-03-28 22:04:48.000","2026-04-02 07:05:00.000","45,787"
"400000737","2025-03-28 22:03:42.000","2026-04-02 07:00:00.000","46,428"
"400000738","2025-03-28 22:01:24.000","2026-04-02 07:00:00.000","46,297"
"400000745","2025-03-27 00:00:00.000","2026-04-02 07:05:00.000","81,827"
"400000747","2025-03-28 22:01:23.000","2026-04-02 07:00:00.000","46,464"
"400000750","2025-03-28 22:04:47.000","2026-04-02 07:05:00.000","46,239"
"400000753","2025-03-28 22:01:26.000","2026-04-02 06:45:00.000","35,278"
"400000754","2025-03-28 22:04:47.000","2026-04-02 07:00:00.000","46,289"
"400000757","1970-01-21 15:28:13.000","2026-04-02 07:05:00.000","93,667"
"400000758","2025-03-28 22:02:41.000","2026-04-02 06:45:00.000","35,410"
"400000759","2025-03-28 22:03:42.000","2026-04-02 07:05:00.000","46,354"
"400000760","2025-03-28 22:00:00.000","2026-04-02 07:05:00.000","46,371"
"400000763","2025-03-28 22:04:46.000","2026-04-02 07:00:00.000","46,347"
"400000767","2025-05-29 16:15:05.000","2026-04-02 06:57:54.000","24,689"
"400000768","2025-03-28 22:03:42.000","2026-04-02 07:05:00.000","46,352"
"400000777","1970-01-21 15:28:14.000","2026-04-02 07:05:00.000","102,903"
"400000781","2025-03-28 22:03:42.000","2026-04-02 07:00:00.000","46,487"
"400000782","2025-03-28 22:00:00.000","2026-04-02 07:05:00.000","46,353"
"400000789","2025-03-28 22:04:48.000","2026-04-02 07:00:00.000","46,396"
"400000790","2025-03-28 22:00:00.000","2026-04-02 07:00:00.000","45,868"
"400000804","2025-03-28 22:04:48.000","2026-04-02 07:00:00.000","46,382"
"400000813","1970-01-21 15:28:14.000","2026-04-02 07:05:01.000","97,620"
"400000816","1970-01-21 15:28:14.000","2026-04-02 07:05:00.000","103,057"
"400000820","2025-06-12 23:24:34.000","2026-04-02 07:05:21.000","99,788"
"400000821","2025-03-28 22:01:25.000","2026-04-02 07:05:00.000","46,432"
"400000823","2025-03-28 22:01:25.000","2026-04-02 06:50:00.000","46,333"
"400000824","2025-03-28 22:01:24.000","2026-04-02 07:05:00.000","46,540"
"400000825","2025-08-01 00:15:11.000","2026-04-02 06:53:09.000","26,026"
"400000829","2025-03-28 22:03:41.000","2026-04-02 07:00:00.000","46,292"
"400000835","2025-03-28 22:02:35.000","2026-04-02 07:00:00.000","46,400"
"400000836","2025-03-28 22:00:00.000","2026-04-02 07:05:00.000","44,871"
"400000837","2025-03-28 22:02:34.000","2026-04-02 07:00:00.000","46,397"
"400000843","2025-03-28 22:04:49.000","2026-04-02 07:05:00.000","46,331"
"400000845","2025-03-28 22:01:24.000","2026-04-02 07:05:00.000","46,408"
"400000852","2025-03-28 22:03:42.000","2026-04-02 07:05:00.000","46,450"
"400000859","1970-01-21 15:28:14.000","2026-04-02 07:05:00.000","103,963"
"400000883","2025-03-28 22:01:24.000","2026-04-02 07:05:00.000","46,437"
"400000885","2025-03-28 22:01:27.000","2026-04-02 07:05:00.000","46,494"
"400001247","1970-01-21 15:28:14.000","2026-04-02 07:05:00.000","103,523"
"400001248","1970-01-21 15:28:13.000","2026-04-02 07:05:01.000","101,447"
"400001249","1970-01-21 15:28:14.000","2026-04-02 07:05:00.000","98,115"
"400001250","1970-01-21 18:28:13.000","2026-04-02 07:05:00.000","95,236"
"400001251","1970-01-21 15:28:13.000","2026-04-02 07:05:00.000","95,552"
"400001252","1970-01-21 15:28:13.000","2025-08-31 00:40:01.000","36,108"
"400001253","1970-01-21 15:28:13.000","2026-04-02 07:05:00.000","95,370"
"400001254","1970-01-21 15:28:14.000","2026-04-02 07:04:18.000","100,670"
"400001255","1970-01-21 15:28:14.000","2026-04-02 07:05:36.000","103,853"
"400001257","1970-01-21 15:28:13.000","2026-02-03 17:05:00.000","80,813"
"400001259","2025-03-27 00:00:01.000","2026-04-02 07:05:00.000","95,212"
"400001260","1970-01-21 15:28:13.000","2026-04-02 07:05:01.000","97,836"
"400001261","1970-01-21 15:28:14.000","2026-04-02 07:05:01.000","94,524"
"400001263","2025-03-27 00:00:00.000","2025-04-14 09:25:00.000","5,298"
"400001264","2025-03-27 00:00:00.000","2026-03-25 01:53:38.000","71,030"
"400001265","1970-01-21 15:28:14.000","2026-04-02 07:03:23.000","97,436"
"400001266","1970-01-21 15:28:14.000","2026-04-02 07:05:01.000","97,473"
"400001267","2025-09-14 15:56:00.000","2026-04-02 07:06:51.000","56,872"
"400001268","1970-01-21 15:28:14.000","2026-04-02 07:05:00.000","76,024"
"400001269","1970-01-21 15:28:14.000","2026-04-02 07:05:00.000","103,233"
"400001272","1970-01-21 15:28:13.000","2026-04-02 07:05:00.000","59,866"
"400001291","2025-03-28 22:01:24.000","2026-04-02 07:00:00.000","46,412"
"400001294","1970-01-21 15:28:14.000","2026-03-03 22:35:00.000","70,923"
"400001298","2025-05-29 16:15:17.000","2026-04-02 06:55:16.000","31,576"
"400001299","2025-03-28 22:02:34.000","2026-04-02 07:05:00.000","46,458"
"400001312","2025-03-28 22:03:42.000","2026-04-02 07:00:00.000","46,060"
"400001314","2025-03-28 22:01:24.000","2026-04-02 07:05:00.000","46,498"
"400001316","2025-03-28 22:02:34.000","2026-04-02 07:00:00.000","45,995"
"400001320","2025-05-29 16:15:13.000","2026-04-02 06:56:16.000","31,790"
"400001321","2025-03-28 22:01:24.000","2026-04-02 07:05:00.000","46,449"
"400001368","2025-03-28 22:00:00.000","2026-04-02 07:05:00.000","46,294"
"400001484","2025-03-28 22:01:25.000","2026-04-02 07:05:00.000","46,455"
"400001486","2025-05-29 16:15:13.000","2026-04-02 06:52:51.000","32,397"
"400001509","2025-03-28 22:04:47.000","2026-04-02 07:05:00.000","46,478"
"400001511","2025-03-28 22:02:34.000","2026-04-02 07:05:00.000","46,265"
"400001527","2025-03-28 22:03:42.000","2026-04-02 07:00:00.000","45,612"
"400001546","1970-01-21 15:28:13.000","2026-04-02 07:05:00.000","101,418"
"400001550","2025-03-28 22:02:35.000","2026-04-02 07:00:00.000","45,463"
"400001553","2025-03-28 22:02:35.000","2026-04-02 06:45:00.000","35,140"
"400001554","2025-03-28 22:04:47.000","2026-04-02 07:00:00.000","46,405"
"400001563","2025-05-29 16:15:15.000","2026-04-02 06:51:18.000","23,987"
"400001564","2025-03-28 22:03:43.000","2026-04-02 07:00:00.000","46,664"
"400001565","1970-01-21 15:28:13.000","2025-11-22 01:09:34.000","58,782"
"400001570","1970-01-21 15:28:13.000","2026-04-02 07:05:00.000","102,106"
"400001571","1970-01-21 15:28:13.000","2026-04-02 07:05:00.000","95,675"
"400001572","1970-01-21 15:28:13.000","2026-04-02 07:04:48.000","102,275"
"400001605","2025-03-28 22:03:43.000","2026-04-02 07:00:00.000","46,444"
"400001609","1970-01-21 15:28:14.000","2026-04-02 07:05:01.000","95,881"
"400001614","1970-01-21 15:28:13.000","2026-04-02 07:05:00.000","103,216"
"400001658","1970-01-21 15:28:13.000","2026-04-02 07:05:00.000","96,355"
"400001662","2025-05-29 16:15:08.000","2026-04-02 06:55:23.000","31,397"
"400001667","1970-01-21 15:28:14.000","2026-04-02 07:03:27.000","96,599"
"400001676","2025-03-28 22:05:49.000","2026-04-02 07:00:00.000","46,398"
"400001680","2025-05-29 16:15:18.000","2026-04-02 06:55:23.000","31,415"
"400001681","2025-03-28 22:03:42.000","2026-04-02 07:00:00.000","46,367"
"400001687","1970-01-21 15:28:14.000","2026-04-02 07:05:00.000","97,953"
"400001735","2025-03-28 22:01:25.000","2026-04-02 07:00:00.000","38,188"
"400001738","2025-03-28 22:05:50.000","2026-04-02 07:00:00.000","46,455"
"400001747","1970-01-21 15:28:13.000","2026-04-02 07:05:00.000","103,151"
"400001752","2025-03-28 22:02:34.000","2026-04-02 06:45:00.000","35,182"
"400001753","1970-01-21 15:28:13.000","2026-04-02 07:05:01.000","86,531"
"400001754","2025-07-22 18:05:24.000","2026-04-02 07:05:21.000","85,181"
"400001758","2025-03-28 22:00:00.000","2026-04-02 06:45:00.000","34,014"
"400001800","2025-05-29 16:15:07.000","2026-04-02 06:55:23.000","31,954"
"400001801","2025-03-28 22:02:34.000","2026-04-02 07:05:00.000","46,471"
"400001832","2025-03-28 22:00:00.000","2026-04-02 07:00:00.000","46,228"
"400001941","2025-03-28 22:01:25.000","2026-04-02 07:05:00.000","46,300"
"400001946","2025-03-28 22:03:42.000","2026-04-02 07:05:00.000","46,476"
"400001952","2025-05-29 16:15:11.000","2026-04-02 06:54:45.000","32,961"
"400001973","2025-03-28 22:04:48.000","2026-04-02 07:05:00.000","46,384"
"400001974","2025-03-28 22:00:00.000","2026-04-02 07:05:00.000","46,392"
"400002037","2025-03-28 22:00:00.000","2026-04-02 07:00:00.000","46,395"
"400002071","2025-03-28 22:02:34.000","2026-04-02 07:00:00.000","46,402"
"400002076","2025-03-28 22:01:23.000","2026-04-02 06:45:00.000","35,197"
"400002095","2025-03-28 22:02:35.000","2026-04-02 07:05:00.000","46,421"
"400002112","2025-03-28 22:02:35.000","2026-04-02 07:00:00.000","46,346"
"400002127","2025-05-29 16:15:19.000","2026-04-02 06:55:58.000","29,079"
"400002138","2025-03-28 22:03:43.000","2026-04-02 07:00:00.000","45,132"
"400002142","2025-03-28 22:02:34.000","2026-04-02 07:05:00.000","45,711"
"400002155","2025-03-28 22:02:35.000","2026-04-02 07:00:00.000","46,364"
"400002156","2025-03-28 22:03:46.000","2026-04-02 07:00:00.000","46,322"
"400002157","1970-01-21 15:28:13.000","2026-04-02 07:04:41.000","97,675"
"400002158","2025-03-28 22:03:42.000","2026-04-02 06:45:00.000","46,386"
"400002163","2025-03-28 22:03:42.000","2026-04-02 06:45:00.000","35,004"
"400002168","2025-03-28 22:01:23.000","2026-04-02 07:00:00.000","46,357"
"400002174","2025-03-28 22:02:40.000","2026-04-02 07:00:00.000","46,358"
"400002176","2025-03-28 22:05:50.000","2026-04-02 07:05:00.000","46,103"
"400002181","2025-03-28 22:03:42.000","2026-04-02 06:55:00.000","46,359"
"400002187","2025-03-28 22:03:41.000","2026-04-02 06:45:00.000","46,390"
"400002189","2025-03-28 22:00:00.000","2026-04-02 06:30:00.000","42,333"
"400002191","2025-03-28 22:03:42.000","2026-04-02 07:05:00.000","46,277"
"400002196","2025-05-29 16:15:12.000","2026-04-02 06:58:56.000","31,663"
"400002200","2025-03-28 22:01:24.000","2026-04-02 07:05:00.000","46,490"
"400002203","2025-03-28 22:02:35.000","2026-04-02 07:00:00.000","46,475"
"400002211","2025-03-28 22:00:00.000","2026-04-02 07:00:00.000","40,120"
"400002217","2025-03-28 22:04:48.000","2026-04-02 07:00:00.000","45,986"
"400002222","2025-03-28 22:01:24.000","2026-04-02 07:00:00.000","46,357"
"400002233","2025-03-28 22:04:48.000","2026-04-02 07:05:00.000","46,532"
"400002237","2025-03-28 22:04:48.000","2026-04-02 07:05:00.000","46,434"
"400002239","2025-03-28 22:04:48.000","2026-04-02 07:00:00.000","44,294"
"400002244","2025-03-28 22:04:47.000","2026-04-02 07:05:00.000","46,409"
"400002253","2025-03-28 22:02:35.000","2026-04-02 07:05:00.000","46,173"
"400002254","2025-03-28 22:03:43.000","2026-04-02 07:00:00.000","46,440"
"400002258","2025-03-28 22:00:00.000","2026-04-02 07:00:00.000","46,337"
"400002260","2025-03-28 22:02:35.000","2026-04-02 07:05:00.000","46,394"
"400002471","1970-01-21 15:28:13.000","2026-04-02 07:05:00.000","98,676"
"400002567","2025-03-28 22:04:47.000","2026-04-02 06:45:00.000","35,288"
"400002644","2025-03-28 22:04:47.000","2026-04-02 07:00:00.000","46,518"
"400002647","2025-03-28 22:00:00.000","2026-04-02 07:05:00.000","43,462"
"400002663","2025-03-28 22:05:50.000","2026-04-02 07:00:00.000","46,328"
"400002777","2025-05-29 16:15:08.000","2026-04-02 04:00:07.000","20,030"
"400002781","2025-03-28 22:05:50.000","2026-04-02 07:00:00.000","46,291"
"400002820","2025-03-28 22:02:34.000","2026-04-02 07:05:00.000","46,407"
"400002843","2025-03-28 22:01:25.000","2026-04-02 07:00:00.000","46,377"
"400002868","2025-03-28 22:04:47.000","2026-04-02 07:00:00.000","46,426"
"400002929","2025-03-28 22:03:42.000","2026-04-02 07:00:00.000","46,410"
"400002948","2025-03-28 22:05:49.000","2026-04-02 07:05:00.000","46,366"
"400002949","2025-05-29 16:15:14.000","2026-04-02 04:01:33.000","7,879"
"400002990","1970-01-21 15:28:14.000","2026-04-02 07:05:00.000","84,910"
"400003002","2025-03-28 22:04:47.000","2026-04-02 07:00:00.000","46,411"
"400003023","2025-03-28 22:01:24.000","2026-04-02 07:00:00.000","46,090"
"400003026","2025-03-28 22:04:48.000","2026-04-02 07:05:00.000","46,314"
"400003063","2025-03-28 22:03:41.000","2026-04-02 07:00:00.000","44,093"
"400003073","1970-01-21 15:28:14.000","2026-04-02 04:15:00.000","90,662"
"400003080","2025-03-28 22:00:00.000","2026-04-02 07:00:00.000","46,429"
"400003085","2025-03-28 22:03:43.000","2026-04-02 07:05:00.000","46,390"
"400003089","2025-03-28 22:01:23.000","2026-04-02 07:00:00.000","46,291"
"400003100","1970-01-21 15:28:14.000","2026-04-02 07:05:00.000","72,868"
"400003102","2025-03-28 22:04:48.000","2026-04-02 07:00:00.000","46,351"
"400003103","2025-05-29 16:15:14.000","2026-04-02 04:34:51.000","28,661"
"400003110","2025-05-29 16:15:16.000","2026-04-02 04:33:37.000","21,646"
"400003120","2025-03-28 22:01:27.000","2026-04-02 07:00:00.000","46,219"
"400003123","1970-01-21 15:28:14.000","2026-04-02 07:05:00.000","95,861"
"400003126","2025-05-29 16:15:14.000","2026-04-02 06:56:43.000","31,495"
"400003128","2025-04-25 01:10:00.000","2026-04-02 07:05:00.000","49,188"
"400003131","2025-03-28 22:04:47.000","2026-04-02 07:05:00.000","46,536"
"400003132","2025-03-28 22:01:23.000","2026-04-02 07:00:00.000","46,370"
"400003136","1970-01-21 15:28:13.000","2026-04-02 07:05:01.000","94,952"
"400003140","2025-03-28 22:04:46.000","2026-04-02 07:00:00.000","46,242"
"400003142","2025-05-29 16:15:15.000","2026-04-02 03:58:17.000","8,130"
"400003143","1970-01-21 15:28:14.000","2025-09-15 17:55:00.000","38,640"
"400003148","2025-03-28 22:00:00.000","2026-04-02 07:05:00.000","46,361"
"400003149","1970-01-21 15:28:13.000","2026-04-02 07:05:00.000","102,086"
"400003153","2025-03-28 22:01:23.000","2026-04-02 07:00:00.000","46,158"
"400003155","2025-08-01 00:16:39.000","2026-04-02 06:55:57.000","26,312"
"400003160","2025-03-28 22:00:00.000","2026-04-02 07:00:00.000","46,328"
"400003161","2025-03-28 22:00:00.000","2026-04-02 07:05:00.000","46,163"
"400003162","1970-01-21 15:28:13.000","2026-03-02 02:30:00.000","87,180"
"400003163","2025-03-28 22:00:00.000","2026-04-02 07:05:00.000","46,456"
"400003164","1970-01-21 15:28:14.000","2026-04-02 07:05:01.000","100,355"
"400003165","2025-03-28 22:03:42.000","2026-04-02 07:05:00.000","46,306"
"400003168","2025-03-28 22:05:50.000","2026-04-02 07:05:00.000","46,363"
"400003169","2025-03-28 22:02:34.000","2026-04-02 07:00:00.000","46,078"
"400003170","2025-03-28 22:02:35.000","2026-04-02 06:45:00.000","35,026"
"400003171","2025-05-29 16:15:10.000","2026-04-02 06:55:56.000","32,002"
"400003177","2025-03-28 22:02:35.000","2026-04-02 07:05:00.000","45,419"
"400003182","2025-05-29 16:15:01.000","2026-04-02 06:55:35.000","31,897"
"400003187","2025-03-28 22:05:50.000","2026-04-02 07:00:00.000","46,382"
"400003189","2025-08-01 00:16:37.000","2026-04-02 04:20:32.000","13,589"
"400003194","2025-03-28 22:01:25.000","2026-04-02 07:00:00.000","46,337"
"400003214","2025-03-28 22:03:42.000","2026-04-02 07:00:00.000","45,812"
"400003215","2025-03-28 22:03:43.000","2026-04-02 06:55:00.000","46,002"
"400003216","2025-03-28 22:01:23.000","2026-04-02 06:45:00.000","35,258"
"400003218","1970-01-21 15:28:13.000","2026-04-02 07:05:00.000","94,889"
"400003219","1970-01-21 15:28:13.000","2026-04-02 07:05:02.000","96,434"
"400003222","2025-03-28 22:01:23.000","2026-04-02 07:05:00.000","46,312"
"400003224","1970-01-21 15:28:14.000","2026-04-02 07:05:00.000","102,429"
"400003225","1970-01-21 15:28:14.000","2026-04-02 07:01:12.000","81,768"
"400003228","1970-01-21 15:28:13.000","2026-04-02 07:06:10.000","96,432"
"400003229","2025-03-28 22:00:00.000","2026-04-02 07:00:00.000","46,396"
"400003230","2025-03-28 22:03:41.000","2026-04-02 07:05:00.000","46,396"
"400003233","2025-03-28 22:03:43.000","2026-04-02 07:00:00.000","46,335"
"400003234","2025-05-29 16:15:10.000","2025-07-31 06:30:46.000","2,468"
"400003236","2025-03-28 22:01:25.000","2026-04-02 07:05:00.000","46,386"
"400003238","2025-03-28 22:04:48.000","2026-04-02 07:05:00.000","46,444"
"400003239","2025-05-29 16:15:17.000","2026-04-02 06:56:51.000","31,655"
"400003241","2025-05-29 16:15:12.000","2026-04-02 04:54:36.000","7,441"
"400003243","2025-05-29 16:15:19.000","2026-04-02 06:55:13.000","29,798"
"400003244","2025-03-28 22:04:47.000","2026-04-02 07:00:00.000","46,403"
"400003245","2025-03-28 22:01:24.000","2026-04-02 07:05:00.000","46,401"
"400003247","2025-08-01 04:45:47.000","2026-04-02 03:59:21.000","5,674"
"400003248","2025-03-28 22:00:00.000","2026-04-02 06:45:00.000","44,300"
"400003250","2025-03-28 22:03:41.000","2026-04-02 07:05:00.000","46,582"
"400003252","2025-03-28 22:03:43.000","2026-04-02 07:00:00.000","46,386"
"400003253","1970-01-21 15:28:14.000","2026-04-02 07:05:01.000","95,901"
"400003255","2025-09-09 23:00:00.000","2026-04-02 07:00:01.000","58,699"
"400003256","2025-03-28 22:02:35.000","2026-04-02 07:05:00.000","46,235"
"400003257","2025-03-27 00:00:01.000","2025-07-19 05:40:01.000","28,524"
"400003262","2025-03-28 22:02:35.000","2026-04-02 07:00:00.000","46,368"
"400003263","2025-05-29 16:15:17.000","2026-04-02 04:00:50.000","8,155"
"400003265","2025-03-28 22:00:00.000","2026-04-02 07:00:00.000","46,326"
"400003268","2025-03-28 22:03:42.000","2026-04-02 06:45:00.000","35,352"
"400003270","1970-01-21 15:28:13.000","2026-04-02 07:05:01.000","87,030"
"400003271","2025-03-28 22:03:42.000","2026-04-02 06:45:00.000","35,229"
"400003283","2025-11-19 20:06:07.000","2026-04-02 07:03:48.000","37,673"
"400003288","2025-04-08 20:35:29.000","2026-04-02 07:05:01.000","94,848"
"400003291","1970-01-21 15:28:14.000","2026-04-02 07:06:28.000","99,569"
"400003292","1970-01-21 15:28:14.000","2026-04-02 07:05:01.000","96,069"
"400003293","2025-03-28 22:03:43.000","2026-04-02 07:00:00.000","46,411"
"400003294","2025-03-28 22:03:42.000","2026-04-02 07:00:00.000","46,357"
"400003297","1970-01-21 15:28:14.000","2026-02-20 23:10:01.000","90,606"
"400003298","2025-03-28 22:04:47.000","2026-04-02 07:05:00.000","46,267"
"400003299","1970-01-21 15:28:13.000","2026-04-02 07:06:36.000","102,586"
"400003301","2025-03-28 22:04:46.000","2026-04-02 07:00:00.000","46,446"
"400003303","1970-01-21 15:28:13.000","2026-04-02 07:04:58.000","94,676"
"400003305","1970-01-21 15:28:13.000","2026-04-02 07:05:00.000","97,600"
"400003307","1970-01-21 15:28:13.000","2026-03-18 05:40:00.000","97,989"
"400003310","2025-03-28 22:02:35.000","2026-04-02 07:00:00.000","46,370"
"400003325","2025-03-28 22:03:43.000","2026-04-02 07:00:00.000","45,919"
"400003328","2025-03-28 22:02:34.000","2026-04-02 07:05:00.000","46,417"
"400003330","2025-03-28 22:05:49.000","2026-04-02 07:00:00.000","46,363"
"400003335","2025-03-28 22:01:26.000","2026-04-02 07:05:00.000","46,253"
"400003337","2025-03-28 22:03:43.000","2026-04-02 07:05:00.000","46,242"
"400003338","2025-03-28 22:00:00.000","2026-04-02 07:00:00.000","46,410"
"400003339","2025-03-28 22:01:25.000","2026-04-02 06:55:00.000","73,002"
"400003343","2025-03-28 22:03:42.000","2026-04-02 07:00:00.000","46,391"
"400003344","2025-03-28 22:04:46.000","2026-04-02 06:45:00.000","35,210"
"400003345","2025-03-28 22:04:47.000","2026-04-02 07:05:00.000","46,381"
"400003347","2025-03-28 22:01:24.000","2026-04-02 07:05:00.000","46,413"
"400003350","2025-03-28 22:03:41.000","2026-04-02 07:05:00.000","46,425"
"400003353","1970-01-21 15:28:14.000","2026-04-02 07:05:01.000","96,517"
"400003354","1970-01-21 15:28:13.000","2026-04-02 07:05:00.000","101,384"
"400003355","2025-05-29 16:15:19.000","2026-04-02 06:41:57.000","9,157"
"400003356","2025-03-28 22:05:49.000","2026-04-02 07:00:00.000","45,235"
"400003358","2025-03-28 22:01:24.000","2026-04-02 07:00:00.000","46,411"
"400003362","2025-03-28 22:00:00.000","2026-04-02 07:05:00.000","46,476"
"400003363","2025-03-28 22:01:24.000","2026-04-02 07:00:00.000","46,533"
"400003366","2025-03-28 22:00:00.000","2026-04-02 07:00:00.000","46,164"
"400003369","2025-03-28 22:04:47.000","2026-04-02 07:00:00.000","46,347"
"400003374","2025-03-28 22:02:34.000","2026-04-02 07:00:00.000","46,390"
"400003377","2025-03-28 22:03:42.000","2026-04-02 07:00:00.000","42,315"
"400003378","2025-03-28 22:01:23.000","2026-04-02 07:05:00.000","46,339"
"400003380","2025-05-29 16:15:07.000","2026-04-02 04:16:17.000","30,204"
"400003385","2025-03-28 22:00:00.000","2026-04-02 07:00:00.000","46,468"
"400003386","2025-05-29 16:15:16.000","2026-04-02 06:54:35.000","31,107"
"400003388","2025-03-28 22:00:00.000","2026-04-02 07:00:00.000","45,430"
"400003389","2025-03-28 22:03:46.000","2026-04-02 07:00:00.000","46,378"
"400003395","2025-03-28 22:05:49.000","2026-04-02 07:00:00.000","46,386"
"400003397","2025-05-29 16:15:07.000","2026-04-02 06:55:47.000","31,981"
"400003398","2025-03-28 22:05:49.000","2026-04-02 07:00:00.000","46,403"
"400003404","2025-03-28 22:03:43.000","2026-04-02 07:05:00.000","46,274"
"400003405","2025-03-28 22:04:48.000","2026-04-02 07:05:00.000","46,498"
"400003406","2025-03-28 22:04:46.000","2026-04-02 07:00:00.000","45,673"
"400003409","2025-03-28 22:01:24.000","2026-04-02 06:45:00.000","35,071"
"400003411","2025-03-28 22:04:47.000","2026-04-02 07:05:00.000","46,385"
"400003413","1970-01-21 15:28:13.000","2026-04-02 07:05:01.000","101,837"
"400003414","2025-03-28 22:02:34.000","2026-04-02 06:45:00.000","45,178"
"400003415","1970-01-21 15:28:13.000","2026-04-02 07:05:00.000","96,190"
"400003416","2025-03-31 04:17:38.000","2026-04-02 06:45:00.000","28,506"
"400003419","1970-01-21 15:28:14.000","2026-04-02 07:05:00.000","96,774"
"400003421","1970-01-21 15:28:14.000","2026-04-02 07:05:00.000","95,914"
"400003422","2025-03-27 00:00:00.000","2026-04-02 07:05:01.000","88,885"
"400003424","2025-03-28 22:03:42.000","2026-04-02 07:00:00.000","46,383"
"400003449","2025-04-25 01:10:01.000","2025-06-02 02:45:01.000","10,803"
"400003453","1970-01-21 15:28:14.000","2026-04-02 07:05:00.000","97,468"
"400003454","1970-01-21 15:28:14.000","2026-04-02 07:05:01.000","94,867"
"400003457","1970-01-21 15:28:13.000","2026-04-02 07:03:03.000","95,807"
"400003461","1970-01-21 15:28:13.000","2026-04-02 07:05:01.000","102,543"
"400003467","1970-01-21 15:28:14.000","2025-10-14 16:55:00.000","51,461"
"400003468","1970-01-21 15:28:14.000","2026-04-02 07:05:00.000","95,552"
"400003477","1970-01-21 15:28:14.000","2026-04-02 07:05:00.000","142,778"
"400003479","1970-01-21 15:28:13.000","2026-04-02 07:05:00.000","102,055"
"400003480","2025-03-28 22:04:47.000","2026-04-02 06:30:00.000","44,829"
"400003487","1970-01-21 15:28:13.000","2026-04-02 07:05:00.000","47,862"
"400003489","1970-01-21 15:28:14.000","2026-04-02 07:03:20.000","92,494"
"400003495","1970-01-21 15:28:14.000","2026-04-02 07:05:01.000","103,234"
"400003553","2025-03-28 22:03:43.000","2026-04-02 07:00:00.000","46,377"
"400003560","1970-01-21 15:28:14.000","2026-04-02 07:05:00.000","97,140"
"400003577","1970-01-21 15:28:13.000","2026-04-02 07:05:01.000","100,894"
"400003595","2025-05-29 16:15:21.000","2026-04-02 06:54:59.000","31,921"
"400003603","1970-01-21 15:28:13.000","2026-04-02 07:05:00.000","96,147"
"400003628","2025-03-28 22:04:47.000","2026-04-02 07:00:00.000","46,408"
"400003701","2025-03-28 22:00:00.000","2026-04-02 06:45:00.000","35,085"
"400003707","1970-01-21 15:28:14.000","2026-04-02 07:05:00.000","130,362"
"400003728","2025-03-28 22:02:36.000","2026-04-02 07:05:00.000","46,304"
"400003731","2025-03-28 22:04:48.000","2026-04-02 07:05:00.000","46,464"
"400003818","2025-03-28 22:02:40.000","2026-04-02 07:00:00.000","46,449"
"400003820","2025-03-28 22:02:38.000","2026-04-02 06:45:00.000","35,156"
"400003870","2025-03-28 22:03:43.000","2026-04-02 07:05:00.000","46,425"
"400003912","2025-03-28 22:01:24.000","2026-04-02 07:05:00.000","46,444"
"400003928","2025-03-28 22:03:42.000","2026-04-02 07:05:00.000","46,457"
"400003950","2025-03-28 22:04:48.000","2026-04-02 07:05:00.000","46,280"
"400003983","2025-03-28 22:01:33.000","2026-04-02 07:00:00.000","46,454"
"400004002","2025-03-28 22:02:34.000","2026-04-02 07:00:00.000","46,400"
"400004101","2025-03-28 22:02:35.000","2026-04-02 07:00:00.000","46,230"
"400004125","1970-01-21 15:28:13.000","2026-04-02 07:05:00.000","93,440"
"400004128","2025-03-28 21:54:50.000","2026-04-02 07:05:47.000","121,846"
"400004138","1970-01-21 15:28:14.000","2026-04-02 07:06:00.000","97,066"
"400004141","2025-03-28 21:54:22.000","2026-04-02 07:06:00.000","118,264"
"400004180","2025-03-28 21:54:39.000","2026-04-02 07:05:44.000","117,331"
"400004185","1970-01-21 15:28:13.000","2026-04-02 07:02:32.000","95,963"
"400004186","2025-03-28 21:54:53.000","2026-04-02 07:06:06.000","118,997"
"400004198","2025-03-28 21:54:50.000","2026-04-02 07:05:38.000","111,438"
"400004200","2025-03-28 21:54:42.000","2026-04-02 07:05:45.000","118,404"
"400004202","2025-03-28 21:54:44.000","2026-04-02 07:05:40.000","117,630"
"400004206","2025-03-28 21:54:41.000","2026-04-02 07:05:53.000","112,939"
"400004207","2025-03-28 22:02:35.000","2026-04-02 07:00:00.000","46,432"
"400004213","2025-03-28 21:54:43.000","2026-04-02 07:05:56.000","118,200"
"400004219","2025-03-28 22:02:35.000","2026-04-02 07:00:00.000","46,153"
"400004222","2025-03-28 21:54:34.000","2026-04-02 07:05:49.000","109,967"
"400004270","2025-03-28 21:54:56.000","2026-04-02 07:06:04.000","118,742"
"400004273","2025-03-28 21:54:34.000","2026-04-02 07:05:20.000","117,877"
"400004284","2025-03-28 21:54:19.000","2026-04-02 07:05:37.000","117,757"
"400004293","2025-03-28 21:54:44.000","2026-04-02 07:05:43.000","117,785"
"400004332","2025-03-28 21:54:37.000","2026-04-02 07:05:19.000","120,332"
"400004358","2025-03-28 21:54:23.000","2026-04-02 07:05:32.000","115,799"
"400004365","2025-03-28 21:54:44.000","2026-04-02 07:05:49.000","117,511"
"400004370","2025-03-28 21:54:58.000","2026-04-02 07:05:37.000","115,848"
"400004401","2025-03-28 22:01:25.000","2026-04-02 07:05:00.000","46,421"
"400004429","2025-03-28 21:54:54.000","2026-04-02 07:05:54.000","118,959"
"400004432","2025-03-28 21:54:22.000","2026-04-02 07:05:34.000","119,356"
"400004453","2025-03-28 21:54:12.000","2026-04-02 07:06:03.000","117,492"
"400004471","2025-03-28 21:54:48.000","2026-04-02 07:05:25.000","117,472"
"400004477","2025-03-28 21:54:59.000","2026-04-02 07:06:00.000","118,712"
"400004478","2025-03-28 21:54:52.000","2026-04-02 07:05:48.000","116,416"
"400004480","2025-03-28 21:54:45.000","2026-04-02 07:05:21.000","117,209"
"400004530","1970-01-21 15:28:13.000","2026-04-02 07:06:47.000","160,920"
"400004578","1970-01-21 15:28:14.000","2026-04-02 07:03:08.000","96,408"
"400004581","1970-01-21 17:28:13.000","2026-04-02 07:05:01.000","144,002"
"400004677","2025-03-28 22:04:47.000","2026-04-02 07:05:00.000","46,506"
"400004679","2025-03-28 22:05:50.000","2026-04-02 07:05:00.000","46,399"
"400004727","1970-01-21 15:28:14.000","2026-04-02 07:05:01.000","96,687"
"400004744","1970-01-21 15:28:13.000","2026-04-02 07:05:00.000","90,170"
"400004750","2025-03-27 00:02:23.000","2025-05-03 23:23:56.000","8,325"
"400004757","1970-01-21 15:28:13.000","2026-04-02 07:05:01.000","95,253"
"400004770","2025-03-28 22:00:00.000","2026-04-02 07:00:00.000","46,112"
"400004839","2025-03-28 22:05:49.000","2026-04-02 07:00:00.000","46,482"
"400004881","2025-03-28 22:01:30.000","2026-04-02 07:05:00.000","46,451"
"400004893","2025-03-28 22:01:25.000","2026-04-02 07:00:00.000","45,497"
"400004899","2025-03-28 22:03:43.000","2026-04-02 07:00:00.000","46,450"
"400004909","2025-03-28 22:03:46.000","2026-04-02 07:00:00.000","46,409"
"400004910","2025-03-28 22:02:34.000","2026-04-02 07:00:00.000","46,440"
"400004922","2025-03-28 22:04:47.000","2026-04-02 07:00:00.000","45,435"
"400004926","2025-03-28 22:00:00.000","2026-04-02 07:05:00.000","46,355"
"400004931","2025-03-28 22:01:25.000","2026-04-02 06:45:00.000","46,533"
"400004944","2025-03-28 22:02:34.000","2026-04-02 06:45:00.000","35,138"
"400004959","2025-03-28 22:03:43.000","2026-04-02 07:05:00.000","46,343"
"400004975","2025-03-28 22:00:00.000","2026-04-02 07:00:00.000","46,471"
"400004988","2025-03-28 22:00:00.000","2026-04-02 07:05:00.000","46,445"
"400005008","2025-03-28 22:04:48.000","2026-04-02 07:00:00.000","46,369"
"400005018","2025-03-28 22:00:00.000","2026-04-02 07:00:00.000","46,372"
"400005019","2025-03-28 22:02:40.000","2026-04-02 07:00:00.000","46,241"
"400005021","2025-05-29 16:15:05.000","2026-04-02 06:53:29.000","31,638"
"400005022","2025-03-28 22:00:00.000","2026-04-02 07:00:00.000","46,348"
"400005032","1970-01-21 15:28:13.000","2026-04-02 07:06:34.000","96,498"
"400005058","2025-03-28 22:01:25.000","2026-04-02 07:00:00.000","46,349"
"400005088","2025-03-28 22:02:35.000","2026-04-02 07:05:00.000","46,421"
"400005131","2025-03-28 22:03:43.000","2026-04-02 07:00:00.000","46,509"
"400005134","2025-03-28 21:54:27.000","2026-04-02 07:05:24.000","117,261"
"400005167","1970-01-21 15:28:14.000","2026-04-02 07:02:23.000","95,465"
"400005173","2025-03-28 22:02:35.000","2026-04-02 07:00:00.000","44,820"
"400005177","2025-03-28 21:54:54.000","2026-04-02 07:06:06.000","91,690"
"400005189","2025-03-28 21:54:43.000","2026-04-02 07:05:00.000","113,646"
"400005190","2025-03-28 22:01:25.000","2026-04-02 07:00:00.000","46,453"
"400005197","2025-03-28 21:54:29.000","2026-04-02 07:05:33.000","120,414"
"400005201","2025-03-28 21:54:52.000","2026-04-02 07:05:59.000","118,123"
"400005207","2025-05-29 16:15:16.000","2026-04-02 06:58:41.000","31,966"
"400005209","2025-03-28 21:54:52.000","2026-04-02 07:05:27.000","113,822"
"400005213","2025-03-28 21:54:27.000","2026-04-02 07:05:49.000","122,744"
"400005226","2025-03-28 21:54:44.000","2026-04-02 07:03:39.000","113,136"
"400005233","2025-03-28 21:54:42.000","2026-04-02 07:05:22.000","120,329"
"400005243","2025-03-28 21:54:43.000","2026-04-02 07:05:56.000","116,082"
"400005269","2025-03-28 21:54:48.000","2026-04-02 07:05:56.000","113,418"
"400005294","2025-03-28 22:03:43.000","2026-04-02 07:05:00.000","46,252"
"400005297","2025-03-28 21:54:18.000","2026-04-02 07:05:22.000","122,460"
"400005298","2025-03-28 22:01:24.000","2026-04-02 07:05:00.000","46,485"
"400005303","2025-03-28 22:01:23.000","2026-04-02 07:05:00.000","46,448"
"400005315","2025-03-28 22:04:47.000","2026-04-02 07:00:00.000","46,282"
"400005326","2025-03-28 22:04:46.000","2026-04-02 07:00:00.000","45,003"
"400005328","2025-03-28 21:54:21.000","2026-04-02 07:05:00.000","118,110"
"400005338","2025-03-28 21:54:43.000","2026-04-02 07:06:00.000","116,561"
"400005339","2025-03-28 21:54:40.000","2026-04-02 07:03:52.000","118,194"
"400005340","2025-03-28 22:04:47.000","2026-04-02 07:05:00.000","46,400"
"400005353","2025-03-28 21:54:38.000","2026-04-02 07:05:38.000","118,255"
"400005360","2025-03-28 21:54:23.000","2026-04-02 07:05:25.000","117,889"
"400005368","2025-03-28 22:02:35.000","2026-04-02 07:05:00.000","46,438"
"400005372","2025-03-28 22:03:43.000","2026-04-02 07:05:00.000","46,437"
"400005403","2025-03-28 22:05:50.000","2026-04-02 07:00:00.000","46,304"
"400005425","2025-03-28 22:02:34.000","2026-04-02 07:05:00.000","46,304"
"400005436","1970-01-21 15:28:14.000","2026-04-02 07:05:01.000","90,098"
"400005458","2025-03-28 22:04:47.000","2026-04-02 07:05:00.000","46,392"
"400005461","2025-03-28 21:54:41.000","2026-04-02 07:05:22.000","119,116"
"400005484","2025-03-28 21:54:54.000","2026-04-02 07:05:48.000","117,623"
"400005485","2025-03-28 22:02:35.000","2026-04-02 07:05:00.000","46,496"
"400005505","1970-01-21 15:28:14.000","2026-04-02 07:05:00.000","69,615"
"400005539","2025-08-01 00:15:09.000","2026-04-02 06:56:38.000","25,921"
"400005541","2025-03-28 22:05:50.000","2026-04-02 07:00:00.000","44,003"
"400005575","2025-03-28 22:02:35.000","2026-04-02 07:05:00.000","46,038"
"400005582","2025-03-28 22:00:01.000","2026-04-02 06:55:37.000","35,195"
"400005584","2025-03-28 21:54:37.000","2026-04-02 07:04:34.000","117,620"
"400005587","2025-03-28 22:01:24.000","2026-04-02 07:00:00.000","46,345"
"400005608","2025-03-28 22:00:00.000","2026-04-02 07:00:00.000","46,324"
"400005617","2025-03-28 22:01:25.000","2026-04-02 07:00:00.000","46,389"
"400005622","2025-03-28 22:01:23.000","2026-04-02 07:00:00.000","46,395"
"400005634","2025-03-28 22:01:24.000","2026-04-02 07:00:00.000","46,359"
"400005649","1970-01-21 15:28:13.000","2026-04-02 07:05:00.000","93,786"
"400005824","1970-01-21 15:28:14.000","2026-04-02 07:05:00.000","64,841"
"400005838","1970-01-21 15:28:13.000","2026-04-02 07:05:00.000","96,882"
"400005841","1970-01-21 15:28:13.000","2026-04-02 07:05:30.000","92,435"
"400005858","2025-03-28 22:02:35.000","2026-04-02 07:05:00.000","46,446"
"400005859","2025-03-28 22:04:47.000","2026-04-02 07:00:00.000","46,251"
"400005864","1970-01-21 15:28:13.000","2026-04-02 07:05:00.000","81,013"
"400005865","2025-05-29 16:15:19.000","2026-04-02 06:12:54.000","27,210"
"400005867","2025-03-27 00:00:00.000","2026-04-02 07:05:00.000","73,194"
"400005868","1970-01-21 15:28:13.000","2026-04-02 07:05:00.000","94,058"
"400005869","2025-03-28 22:01:24.000","2026-04-02 07:05:00.000","46,312"
"400005893","2025-03-28 22:01:25.000","2026-04-02 06:50:00.000","46,378"
"400005906","2025-03-28 21:54:44.000","2026-04-02 07:05:47.000","111,754"
"400005909","2025-03-28 21:54:54.000","2026-04-02 07:05:57.000","118,969"
"400005995","2025-03-28 22:04:48.000","2026-04-02 06:45:00.000","35,116"
"400006008","2025-03-28 22:01:25.000","2026-04-02 07:00:00.000","46,506"
"400006019","2025-03-28 22:01:23.000","2026-04-02 07:05:00.000","45,951"
"400006024","2025-03-28 22:02:35.000","2026-04-02 07:05:00.000","46,497"
"400006026","2025-05-29 16:15:10.000","2026-04-02 06:54:55.000","32,091"
"400006071","2025-05-29 16:15:20.000","2026-04-02 04:00:03.000","8,203"
"400006107","2025-05-29 16:15:09.000","2026-04-02 06:53:33.000","32,060"
"400006160","1970-01-21 15:28:14.000","2026-02-12 05:20:00.000","82,337"
"400006209","2025-05-29 16:15:13.000","2026-04-02 06:57:38.000","31,270"
"400006221","2025-05-29 16:15:17.000","2026-04-02 06:54:09.000","32,185"
"400006252","1970-01-21 15:28:14.000","2026-04-02 07:05:01.000","81,485"
"400006261","1970-01-21 15:28:14.000","2026-04-02 07:05:01.000","122,612"
"400006318","2025-05-29 16:15:18.000","2026-04-02 04:20:08.000","7,860"
"400006363","1970-01-21 15:28:13.000","2026-04-02 07:05:00.000","97,504"
"400006425","2025-06-02 17:05:12.000","2026-04-02 07:04:54.000","67,643"
"400006449","1970-01-21 15:28:13.000","2026-04-02 07:05:00.000","96,713"
"400006459","2025-03-28 21:54:34.000","2026-04-02 07:05:42.000","117,947"
"400006462","2025-05-29 16:15:07.000","2026-04-02 06:56:20.000","31,081"
"400006485","1970-01-21 15:28:13.000","2026-04-02 07:05:00.000","95,115"
"400006507","1970-01-21 15:28:13.000","2026-04-02 07:05:01.000","96,778"
"400006515","2025-03-09 13:05:10.000","2026-04-02 07:05:49.000","107,936"
"400006545","2025-03-28 21:54:26.000","2026-04-02 07:06:01.000","116,899"
"400006575","2025-05-29 16:15:11.000","2026-04-02 04:14:25.000","14,922"
"400006576","2025-05-29 16:15:16.000","2026-04-02 04:43:05.000","8,163"
"400006613","2025-03-28 22:02:35.000","2026-04-02 07:05:00.000","46,352"
"400006635","1970-01-21 15:28:14.000","2026-04-02 07:05:00.000","97,463"
"400006648","1970-01-21 15:28:14.000","2026-04-02 07:05:00.000","95,657"
"400006662","2025-03-27 00:00:01.000","2026-04-02 07:05:00.000","71,660"
"400006668","1970-01-21 15:28:13.000","2026-04-02 07:05:00.000","94,433"
"400006677","1970-01-21 15:28:14.000","2026-04-02 07:05:00.000","95,741"
"400006735","1970-01-21 15:28:13.000","2026-04-02 07:06:14.000","68,456"
"400006741","2025-03-28 22:03:42.000","2026-04-02 07:05:00.000","46,596"
"400006745","2025-03-28 22:03:43.000","2026-04-02 07:05:00.000","46,431"
"400006789","1970-01-21 15:28:13.000","2026-04-02 07:05:01.000","68,840"
"400006792","1970-01-21 15:28:13.000","2026-04-02 07:06:44.000","91,281"
"400006821","2025-08-18 16:57:59.000","2026-04-02 07:05:01.000","59,313"
"400006891","1970-01-21 15:28:14.000","2026-04-02 07:05:01.000","90,393"
"400006913","1970-01-21 15:28:13.000","2026-04-02 07:05:00.000","102,228"
"400007819","2025-03-28 22:04:47.000","2026-04-02 06:45:00.000","35,338"
"400007836","2025-03-28 22:02:34.000","2026-04-02 07:00:00.000","46,075"
"400007863","2025-03-28 22:01:26.000","2026-04-02 07:05:00.000","46,456"
"400007872","2025-03-28 22:00:00.000","2026-04-02 07:05:00.000","46,380"
"400007874","2025-03-28 22:01:26.000","2026-04-02 07:00:00.000","46,725"
"400007909","2025-05-29 16:15:15.000","2026-04-02 06:54:22.000","31,433"
"400008021","2025-03-28 21:54:24.000","2026-04-02 07:06:04.000","119,040"
"400008023","2025-03-28 22:02:35.000","2026-04-02 07:05:00.000","46,422"
"400008025","2025-03-28 22:01:24.000","2026-04-02 07:05:00.000","46,394"
"400008031","2025-03-28 22:04:48.000","2026-04-02 07:00:00.000","46,431"
"400008033","2025-03-28 22:01:24.000","2026-04-02 07:05:00.000","46,419"
"400008043","1970-01-21 15:28:14.000","2026-04-02 07:05:01.000","95,763"
"400008051","2025-03-28 21:54:48.000","2026-04-02 07:05:26.000","118,683"
"400008054","2025-03-28 22:00:00.000","2026-04-02 07:05:00.000","46,412"
"400008141","1970-01-21 15:28:13.000","2026-04-02 07:05:00.000","95,520"
"400008153","2025-03-28 21:54:15.000","2026-04-02 07:05:28.000","113,573"
"400008161","2025-03-28 22:05:49.000","2026-04-02 07:05:00.000","46,350"
"400008173","1970-01-21 15:28:14.000","2026-04-02 07:05:01.000","92,936"
"400008228","2025-03-28 22:01:24.000","2026-04-02 07:00:00.000","46,087"
"400008279","2025-03-28 22:02:34.000","2026-04-02 07:05:00.000","46,480"
"400008299","2025-04-25 01:10:00.000","2026-04-02 07:05:00.000","63,666"
"400008656","2025-03-28 22:04:47.000","2026-04-02 07:00:00.000","46,469"
"400008845","2025-03-28 22:02:34.000","2026-04-02 07:05:00.000","46,402"
"400008849","2025-03-28 22:02:34.000","2026-04-02 06:45:00.000","35,216"
"400008857","2025-03-28 22:02:34.000","2026-04-02 07:00:00.000","46,392"
"400008860","2025-03-28 22:02:34.000","2026-04-02 07:05:00.000","46,494"
"400008861","2025-03-28 22:01:26.000","2026-04-02 07:05:00.000","46,432"
"400008865","2025-03-28 22:00:00.000","2026-04-02 07:00:00.000","46,483"
"400008866","2025-03-28 22:01:24.000","2026-04-02 07:05:00.000","46,351"
"400008870","2025-03-28 22:04:47.000","2026-04-02 07:05:00.000","46,536"
"400008887","2025-03-28 22:01:23.000","2026-04-02 06:50:00.000","46,364"
"400008888","2025-03-28 22:00:00.000","2026-04-02 07:05:00.000","46,595"
"400008893","2025-03-28 22:03:42.000","2026-04-02 07:00:00.000","46,013"
"400008901","2025-03-28 22:01:25.000","2026-04-02 07:05:00.000","46,352"
"400008928","2025-03-28 22:02:34.000","2026-04-02 07:00:00.000","46,442"
"400009000","1970-01-21 15:28:14.000","2026-04-02 07:06:39.000","96,526"
"400009008","2025-03-28 22:05:49.000","2026-04-02 07:05:00.000","46,440"
"400009026","2025-03-28 22:04:48.000","2026-04-02 07:05:00.000","46,594"
"400009039","2025-03-28 22:04:48.000","2026-04-02 07:00:00.000","46,287"
"400009040","2025-03-28 22:02:34.000","2026-04-02 07:05:00.000","46,139"
"400009042","2025-03-28 22:02:35.000","2026-04-02 07:05:00.000","46,344"
"400009098","1970-01-21 15:28:14.000","2026-04-02 07:05:00.000","96,137"
"400009215","2025-03-28 22:00:00.000","2026-04-02 07:05:00.000","46,381"
"400009234","2025-03-28 22:05:50.000","2026-04-02 07:00:00.000","46,412"
"400009287","2025-03-28 22:03:42.000","2026-04-02 07:05:00.000","46,431"
"400009331","2025-05-29 16:15:20.000","2026-04-02 06:54:49.000","31,544"
"400009333","1970-01-21 15:28:14.000","2026-04-02 07:05:01.000","97,506"
"400009354","2025-03-28 22:03:41.000","2026-04-02 07:00:00.000","46,446"
"400009413","2025-05-29 16:15:17.000","2026-04-02 04:02:25.000","8,089"
"400009429","2025-05-29 16:15:10.000","2026-04-02 04:13:47.000","15,329"
"400009442","2025-03-28 22:01:25.000","2026-04-02 06:45:00.000","35,190"
"400009449","2025-03-28 22:01:24.000","2026-04-02 07:05:00.000","46,378"
"400009610","2025-03-28 22:00:00.000","2026-04-02 07:05:00.000","46,435"
"400009620","2025-05-29 16:15:14.000","2026-04-02 06:53:16.000","31,557"
"400009626","2025-03-28 22:03:42.000","2026-04-02 07:05:00.000","46,341"
"400009646","2025-03-28 22:00:00.000","2026-04-02 07:00:00.000","46,233"
"400009678","2025-05-29 16:15:10.000","2026-04-02 04:21:58.000","13,193"
"400009680","2025-03-28 22:02:34.000","2026-04-02 07:05:00.000","46,519"
"400009696","2025-03-28 22:01:29.000","2026-04-02 07:05:00.000","46,469"
"400009703","2025-05-29 16:15:13.000","2025-06-18 22:15:13.000","1,945"
"400009727","2025-03-28 22:02:35.000","2026-04-02 07:05:00.000","46,054"
"400009739","2025-03-28 22:02:34.000","2026-04-02 07:00:00.000","46,408"
"400009753","2025-03-28 22:04:47.000","2026-04-02 07:05:00.000","46,325"
"400009786","2025-03-28 22:04:46.000","2026-04-02 06:55:00.000","43,269"
"400009800","2025-03-28 22:04:47.000","2026-04-02 07:00:00.000","46,062"
"400009826","2025-05-29 16:15:12.000","2026-04-02 06:53:31.000","32,219"
"400009834","2025-03-28 22:04:46.000","2026-04-02 07:00:00.000","46,253"
"400009967","2025-05-29 16:15:19.000","2026-03-23 00:44:28.000","12,841"
"400009998","2025-03-28 22:04:48.000","2026-04-02 07:00:00.000","46,388"
"400010020","2025-03-28 22:05:49.000","2026-04-02 07:05:00.000","46,380"
"400010066","2025-03-28 22:04:47.000","2026-04-02 07:05:00.000","46,474"
"400010122","2025-05-29 16:15:12.000","2026-04-02 06:51:41.000","31,584"
"400010123","2025-04-25 01:10:00.000","2026-04-02 07:05:00.000","81,084"
"400010127","2025-03-28 22:03:43.000","2026-04-02 06:45:00.000","35,531"
"400010154","2025-03-28 22:04:48.000","2026-04-02 07:05:00.000","46,439"
"400010173","2025-03-28 22:04:48.000","2026-04-02 07:00:00.000","46,376"
"400010177","2025-03-28 22:00:00.000","2026-04-02 06:45:00.000","35,029"
"400010181","2025-03-28 22:04:47.000","2026-04-02 07:00:00.000","46,405"
"400010187","2025-03-28 22:04:49.000","2026-04-02 06:50:00.000","46,395"
"400010188","2025-03-28 22:03:42.000","2026-04-02 07:00:00.000","46,430"
"400010192","2025-03-28 21:54:51.000","2026-04-02 07:05:46.000","113,793"
"400010193","2025-03-28 22:04:47.000","2026-04-02 06:45:00.000","35,488"
"400010209","2025-03-28 22:01:25.000","2026-04-02 07:00:00.000","46,447"
"400010216","2025-03-28 22:01:24.000","2026-04-02 07:05:00.000","46,441"
"400010218","2025-03-28 22:01:24.000","2026-04-02 07:00:00.000","46,270"
"400010232","2025-03-28 22:03:42.000","2026-04-02 07:00:00.000","46,471"
"400010257","2025-03-28 21:54:37.000","2026-04-02 07:05:27.000","110,472"
"400010274","2025-03-28 22:03:42.000","2026-04-02 07:00:00.000","46,408"
"400010279","2025-03-28 22:04:48.000","2026-04-02 07:00:00.000","45,984"
"400010282","2025-03-28 22:01:24.000","2026-04-02 07:05:00.000","46,509"
"400010290","2025-03-28 21:54:46.000","2026-04-02 07:05:28.000","118,395"
"400010292","2025-03-28 21:54:52.000","2026-04-02 07:05:58.000","117,145"
"400010309","2025-03-28 21:54:15.000","2026-04-02 07:04:07.000","118,190"
"400010322","2025-03-28 22:03:43.000","2026-04-02 07:00:00.000","46,326"
"400010329","2025-03-28 21:54:16.000","2026-04-02 07:05:26.000","116,444"
"400010331","2025-03-28 21:54:48.000","2026-04-02 07:05:49.000","117,141"
"400010367","2025-03-28 21:54:46.000","2026-04-02 07:05:35.000","117,844"
"400010369","2025-03-28 22:04:49.000","2026-04-02 06:55:00.000","45,683"
"400010381","2025-03-28 21:54:25.000","2026-04-02 07:05:18.000","118,002"
"400010384","2025-03-28 21:54:57.000","2026-04-02 07:05:39.000","120,475"
"400010395","2025-03-28 21:54:26.000","2026-04-02 07:04:06.000","117,339"
"400010396","1970-01-21 15:28:14.000","2026-04-02 07:05:01.000","95,504"
"400010415","2025-03-28 21:54:44.000","2026-04-02 07:05:27.000","117,379"
"400010435","2025-03-28 21:54:41.000","2026-04-02 07:05:22.000","118,735"
"400010450","2025-03-28 22:02:35.000","2026-04-02 07:00:00.000","46,308"
"400010468","2025-03-28 22:04:46.000","2026-04-02 07:05:00.000","46,510"
"400010478","2025-03-28 21:54:46.000","2026-04-02 07:05:37.000","116,593"
"400010499","2025-03-28 22:00:00.000","2026-04-02 06:45:00.000","35,038"
"400010502","2025-03-28 22:01:29.000","2026-04-02 06:45:00.000","35,188"
"400010535","2025-03-28 21:54:24.000","2026-04-02 07:05:21.000","116,227"
"400010562","1970-01-21 15:28:13.000","2026-04-02 07:05:00.000","96,012"
"400010583","1970-01-21 15:28:13.000","2026-04-01 17:35:01.000","94,548"
"400010595","1970-01-21 15:28:14.000","2026-04-02 07:05:00.000","95,114"
"400010601","1970-01-21 15:28:14.000","2025-11-09 04:20:00.000","52,442"
"400010670","2025-05-29 16:15:20.000","2026-04-02 04:22:31.000","29,529"
"400010683","2025-05-29 16:15:10.000","2026-04-02 06:55:57.000","31,599"
"400010785","2025-03-28 22:00:00.000","2026-04-02 07:05:00.000","46,521"
"400010793","1970-01-21 15:28:13.000","2026-04-02 07:05:01.000","95,261"
"400010812","2025-03-28 22:00:00.000","2026-04-02 07:00:00.000","46,385"
"400010908","2025-03-28 22:03:42.000","2026-04-02 07:05:00.000","46,429"
"400010950","2025-03-28 21:54:51.000","2026-04-02 07:05:57.000","125,500"
"400010998","2025-03-28 21:54:56.000","2025-08-15 23:25:20.000","40,319"
"400010999","2025-03-28 22:01:24.000","2026-04-02 06:45:00.000","35,420"
"400011024","2025-03-28 21:54:51.000","2026-03-09 16:27:57.000","48,483"
"400011026","1970-01-21 15:28:13.000","2026-04-02 07:05:00.000","78,371"
"400011027","1970-01-21 15:28:13.000","2026-01-19 09:55:00.000","73,392"
"400011039","2025-03-28 21:54:16.000","2026-04-02 07:06:00.000","122,199"
"400011042","2025-03-28 21:54:57.000","2026-04-02 07:05:52.000","118,763"
"400011046","2025-03-28 21:54:57.000","2026-04-02 07:05:32.000","117,300"
"400011061","2025-03-28 21:54:53.000","2026-04-02 07:05:49.000","119,564"
"400011156","2025-03-28 21:54:18.000","2026-04-02 07:05:47.000","118,651"
"400011166","2025-03-28 21:54:39.000","2026-04-02 07:06:01.000","107,375"
"400011252","2025-03-28 22:03:41.000","2026-04-02 07:05:00.000","46,313"
"400011265","2025-03-28 22:03:43.000","2026-04-02 07:05:00.000","46,496"
"400011286","2025-03-28 22:02:35.000","2026-04-02 07:00:00.000","46,281"
"400011289","2025-03-28 22:00:00.000","2026-04-02 07:00:00.000","46,418"
"400011292","2025-05-29 16:15:19.000","2026-04-02 04:06:52.000","17,385"
"400011314","2025-05-29 16:15:12.000","2026-04-02 06:56:19.000","31,461"
"400011340","1970-01-21 15:28:14.000","2026-04-02 07:06:25.000","88,257"
"400011342","2025-03-28 22:01:25.000","2026-04-02 07:00:00.000","46,562"
"400011345","2025-03-28 22:03:43.000","2026-04-02 07:05:00.000","46,437"
"400011354","2025-05-29 16:15:20.000","2026-04-02 06:57:06.000","30,925"
"400011360","2025-03-28 22:04:48.000","2026-04-02 07:05:00.000","46,485"
"400011362","2025-03-28 22:01:26.000","2026-04-02 07:05:00.000","46,509"
"400011365","1970-01-21 15:28:13.000","2025-09-03 07:50:00.000","36,829"
"400011367","2025-05-29 16:15:09.000","2026-04-02 06:51:50.000","31,988"
"400011373","2025-05-29 16:15:14.000","2026-04-02 06:53:05.000","31,809"
"400011376","2025-05-29 16:15:18.000","2026-04-02 06:57:50.000","31,919"
"400011386","2025-04-23 17:43:06.000","2025-08-20 21:30:01.000","34,317"
"400011390","1970-01-21 15:28:14.000","2026-04-02 07:05:00.000","95,990"
"400011395","2025-03-28 22:01:32.000","2026-04-02 07:00:00.000","46,207"
"400011488","2025-03-28 22:03:41.000","2026-04-02 06:55:00.000","46,426"
"400011497","2025-03-28 22:01:25.000","2026-04-02 06:45:00.000","35,211"
"400011513","1970-01-21 15:28:13.000","2026-04-02 07:05:00.000","97,991"
"400011590","2025-03-28 22:01:28.000","2026-04-02 06:45:00.000","35,167"
"400011629","2025-03-28 22:04:48.000","2026-04-02 07:05:00.000","46,427"
"400011655","2025-03-28 22:03:43.000","2026-04-02 07:00:00.000","46,433"
"400011682","2025-03-28 22:04:48.000","2026-04-02 06:50:00.000","46,228"
"400011685","2025-03-28 22:03:43.000","2026-04-02 07:00:00.000","46,277"
"400011715","2025-03-28 22:01:24.000","2026-04-02 07:05:00.000","46,503"
"400011766","2025-03-28 22:04:47.000","2026-04-02 07:05:00.000","46,300"
"400011785","2025-03-28 22:00:00.000","2026-04-02 07:00:00.000","46,465"
"400011796","2025-03-28 22:00:00.000","2026-04-02 07:00:00.000","46,369"
"400011810","2025-11-21 22:33:41.000","2026-04-02 07:05:32.000","37,679"
"400011811","1970-01-21 15:28:13.000","2026-03-23 16:20:00.000","89,676"
"400011864","1970-01-21 15:28:13.000","2026-04-02 07:05:00.000","96,421"
"400011869","2025-03-28 22:04:48.000","2026-04-02 06:55:00.000","45,342"
"400011870","1970-01-21 15:28:13.000","2026-04-02 07:05:01.000","97,909"
"400011896","2025-05-29 16:15:15.000","2026-04-02 06:52:56.000","31,991"
"400011897","2025-03-28 22:00:00.000","2026-04-02 07:00:00.000","46,388"
"400011901","2025-05-29 16:15:18.000","2025-10-03 20:04:51.000","2,758"
"400011925","2025-03-28 22:05:50.000","2026-04-02 07:00:00.000","46,412"
"400011929","2025-03-28 22:04:48.000","2026-04-02 06:50:00.000","39,511"
"400011953","2025-05-29 16:15:11.000","2026-04-02 06:55:44.000","28,844"
"400011973","2025-03-28 22:01:25.000","2026-04-02 07:05:00.000","46,419"
"400011987","2025-03-28 22:00:00.000","2026-04-02 07:00:00.000","46,359"
"400011988","2025-03-28 22:01:24.000","2026-04-02 07:00:00.000","46,243"
"400011990","2025-03-28 22:03:42.000","2026-04-02 07:05:00.000","46,423"
"400011991","2025-03-28 22:04:48.000","2026-04-02 07:00:00.000","46,336"
"400011996","2025-03-28 22:00:00.000","2026-04-02 07:05:00.000","46,445"
"400011998","2025-05-29 16:15:17.000","2026-04-02 04:48:21.000","14,728"
"400012033","2025-03-28 22:04:47.000","2026-04-02 07:05:00.000","46,420"
"400012065","2025-03-28 22:03:43.000","2026-04-02 06:50:00.000","46,405"
"400012067","2025-03-28 22:03:42.000","2026-04-02 06:45:00.000","35,650"
"400012075","2025-03-28 22:00:00.000","2026-04-02 07:00:00.000","44,377"
"400012104","2025-03-28 22:03:43.000","2026-04-02 07:05:00.000","46,400"
"400012105","2025-05-29 16:15:13.000","2026-04-02 06:27:33.000","8,219"
"400012126","2025-03-28 22:04:47.000","2026-04-02 07:05:00.000","46,042"
"400012133","2025-03-28 22:03:43.000","2026-04-02 07:00:00.000","46,453"
"400012136","2025-03-28 22:01:26.000","2026-04-02 07:00:00.000","46,396"
"400012137","2025-03-28 22:02:34.000","2026-04-02 07:05:00.000","46,487"
"400012151","2025-03-28 22:01:23.000","2026-04-02 07:00:00.000","46,523"
"400012159","2025-05-29 16:15:15.000","2026-04-02 06:53:58.000","31,192"
"400012164","2025-03-28 22:00:00.000","2026-04-02 07:00:00.000","46,229"
"400012167","2025-03-28 22:04:47.000","2026-04-02 07:00:00.000","46,342"
"400012188","2025-05-29 16:15:17.000","2026-04-02 06:53:53.000","31,331"
"400012209","1970-01-21 15:28:14.000","2026-04-02 07:03:34.000","102,831"
"400012211","1970-01-21 15:28:14.000","2026-04-02 07:05:00.000","96,011"
"400012221","2025-05-29 16:15:14.000","2026-04-02 04:15:48.000","8,120"
"400012227","2025-05-29 16:15:07.000","2026-04-02 06:53:25.000","31,800"
"400012230","2025-03-28 22:00:00.000","2026-04-02 07:05:00.000","46,425"
"400012234","1970-01-21 15:28:14.000","2026-04-02 07:06:29.000","81,922"
"400012287","1970-01-21 15:28:13.000","2026-04-02 07:05:00.000","96,690"
"400012308","2025-03-28 22:00:00.000","2026-04-02 07:00:00.000","45,524"
"400012310","2025-03-28 22:03:43.000","2026-04-02 07:00:00.000","46,516"
"400012314","2025-03-28 22:01:25.000","2026-04-02 06:55:00.000","46,357"
"400012316","2025-03-28 22:04:48.000","2026-04-02 07:00:00.000","46,397"
"400012325","2025-03-28 22:01:24.000","2026-04-02 07:00:00.000","46,420"
"400012328","2025-05-29 16:15:12.000","2026-04-02 06:54:51.000","31,724"
"400012330","2025-05-29 16:15:18.000","2026-04-02 04:01:55.000","20,493"
"400012350","2025-03-28 22:00:00.000","2026-04-02 07:00:00.000","46,506"
"400012373","2025-03-28 22:01:26.000","2026-04-02 07:05:00.000","46,486"
"400012375","2025-05-29 16:15:11.000","2026-04-02 05:00:32.000","13,927"
"400012377","1970-01-21 15:28:13.000","2026-04-02 07:05:01.000","97,692"
"400012383","2025-04-25 01:10:01.000","2026-04-02 07:05:00.000","87,920"
"400012401","2025-03-28 22:02:35.000","2026-04-02 07:05:00.000","44,831"
"400012409","2025-05-29 16:15:09.000","2026-04-02 06:54:11.000","31,216"
"400012410","2025-03-28 22:03:41.000","2026-04-02 07:05:00.000","46,455"
"400012415","2025-08-01 00:15:56.000","2026-04-02 04:00:48.000","13,200"
"400012424","2025-03-28 22:00:00.000","2026-04-02 06:45:00.000","34,928"
"400012688","1970-01-21 15:28:13.000","2026-04-02 07:06:07.000","96,321"
"400012693","2025-05-29 16:15:20.000","2026-04-02 06:53:42.000","31,468"
"400012694","2025-05-29 16:15:17.000","2026-04-02 06:54:11.000","32,020"
"400012699","2025-03-28 22:03:41.000","2026-04-02 07:00:00.000","46,443"
"400012713","1970-01-21 15:28:14.000","2026-04-02 07:05:01.000","95,830"
"400012714","2025-03-28 22:01:24.000","2026-04-02 06:45:00.000","35,107"
"400012715","2025-05-29 16:15:19.000","2026-04-02 06:55:16.000","32,127"
"400012724","2025-03-28 22:01:24.000","2026-04-02 07:00:00.000","46,159"
"400012739","2025-05-29 16:15:08.000","2026-04-02 06:54:00.000","29,211"
"400012753","2025-05-29 16:15:10.000","2026-04-02 01:24:58.000","12,812"
"400012754","2025-07-22 18:05:27.000","2026-04-02 06:46:02.000","65,045"
"400012755","2025-05-29 16:15:08.000","2026-04-02 06:16:41.000","28,676"
"400012766","2025-05-29 16:15:10.000","2026-04-01 20:52:32.000","27,224"
"400012793","2025-05-29 16:15:15.000","2026-04-02 06:53:16.000","31,344"
"400012801","2025-03-28 22:03:42.000","2026-04-02 07:00:00.000","46,366"
"400012810","2025-03-28 22:01:23.000","2026-04-02 07:05:00.000","46,452"
"400012855","2025-03-28 22:03:42.000","2026-04-02 06:45:00.000","35,275"
"400012874","2025-03-28 22:00:00.000","2026-04-02 07:05:00.000","46,420"
"400012876","2025-03-28 22:04:46.000","2026-04-02 07:05:00.000","46,421"
"400012881","2025-05-29 16:15:10.000","2026-04-02 06:56:46.000","31,904"
"400012885","2025-05-29 16:15:18.000","2026-04-02 06:59:06.000","32,262"
"400012904","2025-03-28 22:03:43.000","2026-04-02 06:45:00.000","35,003"
"400012912","2025-05-29 16:15:11.000","2026-04-02 06:55:23.000","32,016"
"400012933","2025-03-28 22:04:48.000","2026-04-02 07:00:00.000","46,397"
"400012941","2025-03-28 22:02:34.000","2026-04-02 07:05:00.000","43,810"
"400012959","2025-03-28 22:01:25.000","2026-04-02 07:00:00.000","46,374"
"400012970","2025-03-28 22:02:34.000","2026-04-02 07:05:00.000","46,340"
"400012990","2025-03-28 22:04:47.000","2026-04-02 07:05:00.000","46,397"
"400013003","1970-01-21 15:28:14.000","2026-04-02 06:45:00.000","67,686"
"400013007","2025-03-28 22:03:43.000","2026-04-02 07:00:00.000","46,530"
"400013013","2025-03-28 22:02:35.000","2026-04-02 07:05:00.000","46,455"
"400013054","2025-03-28 22:04:46.000","2026-04-02 07:05:00.000","46,344"
"400013062","1970-01-21 15:28:14.000","2026-04-02 07:05:01.000","96,605"
"400013068","2025-05-29 16:15:12.000","2026-04-02 06:56:02.000","31,414"
"400013069","2025-03-28 22:02:34.000","2026-04-02 07:00:00.000","46,486"
"400013075","2025-05-29 16:15:13.000","2026-04-02 06:55:48.000","31,775"
"400013089","2025-05-29 16:15:15.000","2026-04-02 06:52:43.000","31,545"
"400013118","2025-03-28 22:02:34.000","2026-04-02 07:00:00.000","46,327"
"400013127","2025-03-28 22:03:42.000","2026-04-02 07:00:00.000","46,442"
"400013128","2025-03-28 22:02:35.000","2026-04-02 07:05:00.000","46,454"
"400013142","1970-01-21 15:28:13.000","2026-04-02 07:05:00.000","95,136"
"400013199","2025-03-28 22:00:00.000","2026-04-02 06:45:00.000","34,754"
"400013235","2025-03-28 22:04:47.000","2026-04-02 07:05:00.000","46,429"
"400013269","2025-03-28 22:00:00.000","2026-04-02 07:00:00.000","46,942"
"400013283","2025-05-29 16:15:11.000","2026-04-02 06:55:28.000","31,666"
"400013301","2025-03-28 22:02:34.000","2026-04-02 06:45:00.000","35,263"
"400013303","1970-01-21 15:28:14.000","2026-04-02 07:05:00.000","96,827"
"400013321","2025-05-29 16:15:20.000","2026-04-02 06:55:15.000","28,027"
"400013346","2025-03-28 22:03:42.000","2026-04-02 07:00:00.000","46,430"
"400013352","2025-05-29 16:15:14.000","2026-04-02 06:54:38.000","27,645"
"400013363","2025-03-28 22:01:25.000","2026-04-02 07:00:00.000","46,387"
"400013389","2025-05-29 16:15:18.000","2026-04-02 06:54:01.000","29,160"
"400013400","2025-03-28 22:03:43.000","2026-04-02 07:05:00.000","46,531"
"400013445","2025-03-28 22:00:00.000","2026-04-02 07:00:00.000","45,422"
"400013446","2025-03-28 22:04:46.000","2026-04-02 07:05:00.000","46,455"
"400013499","1970-01-21 15:28:14.000","2026-04-02 07:05:00.000","96,342"
"400013537","2025-03-28 22:05:49.000","2026-04-02 06:45:00.000","45,309"
"400013599","2025-03-28 22:05:50.000","2026-04-02 07:05:00.000","46,420"
"400013600","2025-05-29 16:15:10.000","2026-04-02 06:54:29.000","32,341"
"400013630","2025-05-29 16:15:11.000","2026-04-02 04:03:21.000","11,293"
"400013655","1970-01-21 15:28:13.000","2026-04-02 07:05:01.000","92,343"
"400013782","2025-03-28 22:01:24.000","2026-04-02 07:00:00.000","45,830"
"400013813","2025-03-28 22:04:48.000","2026-04-02 07:00:00.000","46,351"
"400013817","1970-01-21 15:28:14.000","2025-09-18 02:10:00.000","40,673"
"400013837","2025-03-28 22:01:26.000","2026-04-02 07:00:00.000","46,459"
"400013839","2025-05-29 16:15:07.000","2026-01-17 17:00:00.000","3,625"
"400013871","1970-01-21 15:28:13.000","2026-04-02 07:05:01.000","93,590"
"400013950","2025-05-29 16:15:18.000","2026-04-02 06:58:24.000","31,666"
"400013985","2025-03-28 22:02:34.000","2026-04-02 07:05:00.000","46,471"
"400014162","2025-04-02 17:46:59.000","2026-04-02 07:00:00.000","44,447"
"400014163","2025-05-29 16:15:21.000","2026-04-02 04:16:21.000","8,019"
"400014165","2025-05-29 16:15:01.000","2026-04-02 06:57:09.000","31,988"
"400014169","2025-05-29 16:15:19.000","2026-04-02 06:49:42.000","32,235"
"400014174","2025-05-29 16:15:10.000","2026-04-02 06:58:02.000","31,897"
"400014178","2025-05-29 16:15:10.000","2026-04-02 06:54:24.000","30,691"
"400014181","2025-05-29 16:15:18.000","2026-04-02 04:42:14.000","7,863"
"400014183","2025-05-29 16:15:09.000","2026-04-02 06:54:49.000","31,724"
"400014184","2025-05-29 16:15:19.000","2026-04-02 06:57:02.000","30,948"
"400014185","2025-05-29 16:15:12.000","2026-04-01 22:23:07.000","11,440"
"400014187","2025-04-02 17:46:59.000","2026-04-02 07:00:00.000","44,666"
"400014190","2025-05-29 16:15:07.000","2026-04-02 06:52:33.000","31,955"
"400014193","2025-05-29 16:15:16.000","2026-04-02 06:50:37.000","32,028"
"400014194","2025-05-29 16:15:18.000","2026-04-02 06:56:07.000","30,926"
"400014196","2025-05-29 16:15:07.000","2026-04-02 06:55:07.000","31,954"
"400014198","2025-05-29 16:15:12.000","2026-04-02 06:55:13.000","31,269"
"400014199","2025-05-29 16:15:17.000","2026-04-02 04:14:34.000","31,279"
"400014200","2025-05-29 16:15:05.000","2026-04-02 06:54:17.000","32,331"
"400014201","2025-05-29 16:15:13.000","2026-04-02 06:55:34.000","32,094"
"400014203","2025-05-29 16:15:21.000","2026-04-02 06:53:34.000","20,648"
"400014204","2025-05-29 16:15:11.000","2026-04-02 04:33:45.000","8,210"
"400014206","2025-05-29 16:15:09.000","2026-04-02 06:57:20.000","32,096"
"400014209","2025-05-29 16:15:16.000","2026-04-02 06:55:52.000","31,977"
"400014210","2025-04-02 18:01:30.000","2026-04-02 07:00:00.000","44,573"
"400014211","2025-05-29 16:15:13.000","2026-04-02 05:55:15.000","9,134"
"400014212","2025-05-29 16:15:09.000","2026-04-02 06:55:29.000","31,536"
"400014213","2025-05-29 16:15:21.000","2026-04-02 06:55:31.000","27,682"
"400014215","2025-05-29 16:15:10.000","2026-04-02 03:58:41.000","25,863"
"400014216","2025-04-02 18:01:29.000","2026-04-02 07:05:00.000","44,719"
"400014218","2025-05-29 16:15:14.000","2026-04-02 06:57:47.000","31,500"
"400014219","2025-05-29 16:15:15.000","2026-04-02 04:41:08.000","21,959"
"400014221","2025-04-02 18:01:29.000","2026-04-02 07:05:00.000","44,436"
"400014234","2025-04-02 18:00:00.000","2026-04-02 07:00:00.000","44,528"
"400014268","2025-04-02 18:01:30.000","2026-04-02 07:05:00.000","44,563"
"400014296","2025-04-02 17:44:52.000","2026-04-02 07:05:18.000","116,680"
"400014305","2025-04-02 18:17:22.000","2026-04-02 07:00:00.000","44,489"
"400014320","1970-01-21 15:28:14.000","2026-04-02 07:05:00.000","95,851"
"400014324","1970-01-21 15:28:14.000","2026-04-02 07:05:01.000","95,195"
"400014325","2025-09-26 16:12:23.000","2026-04-02 07:05:00.000","49,900"
"400014333","2025-05-29 16:15:20.000","2026-04-02 04:55:38.000","31,310"
"400014337","1970-01-21 15:28:13.000","2026-04-02 07:05:00.000","94,979"
"400014341","2025-04-02 18:15:00.000","2026-04-02 07:05:00.000","44,622"
"400014351","2025-04-02 18:15:00.000","2026-04-02 07:00:00.000","44,416"
"400014361","2025-04-02 18:15:00.000","2026-04-02 06:45:00.000","26,634"
"400014377","2025-04-02 18:15:00.000","2026-04-02 07:00:00.000","44,655"
"400014385","2025-04-02 18:16:06.000","2026-04-02 07:05:00.000","44,680"
"400014390","2025-04-02 18:16:08.000","2026-04-02 07:00:00.000","44,559"
"400014413","2025-05-29 16:15:12.000","2026-04-02 05:12:00.000","32,078"
"400014462","2025-05-29 16:15:15.000","2026-04-02 06:53:49.000","31,935"
"400014480","2025-04-02 18:16:09.000","2026-04-02 07:00:00.000","44,557"
"400014545","2025-04-02 18:16:09.000","2026-04-02 07:00:00.000","44,563"
"400014589","2025-04-02 18:16:09.000","2026-04-02 07:00:00.000","44,513"
"400014663","1970-01-21 15:28:14.000","2026-04-02 07:05:00.000","93,312"
"400014732","1970-01-21 15:28:14.000","2025-11-29 21:35:00.000","48,250"
"400014772","1970-01-21 15:28:13.000","2026-04-02 07:05:00.000","96,478"
"400014802","2025-04-03 19:15:00.000","2026-04-02 07:00:00.000","44,589"
"400014809","2025-04-03 18:40:40.000","2026-04-02 07:05:39.000","116,647"
"400014835","2025-05-29 16:15:17.000","2026-04-02 04:30:25.000","8,228"
"400014838","1970-01-21 15:28:14.000","2026-04-02 07:05:00.000","96,816"
"400014862","2025-04-03 18:44:54.000","2026-04-02 07:05:44.000","116,811"
"400014910","2025-05-29 16:15:15.000","2026-04-02 06:57:36.000","31,483"
"400014986","2025-04-03 19:16:46.000","2026-04-02 07:05:00.000","44,622"
"400015152","2025-04-03 19:31:17.000","2026-04-02 07:05:00.000","42,981"
"400015158","2025-05-29 16:15:18.000","2026-04-02 06:52:21.000","31,710"
"400015163","2025-04-03 18:44:39.000","2026-04-02 07:05:15.000","116,607"
"400015238","2025-05-29 16:15:13.000","2026-04-02 06:52:53.000","31,512"
"400015287","2025-04-03 18:44:25.000","2026-04-02 07:05:19.000","87,974"
"400015337","2025-04-03 18:44:12.000","2026-04-02 07:05:57.000","114,942"
"400015355","2025-04-03 18:44:28.000","2026-04-02 07:05:47.000","117,343"
"400015373","2025-04-16 21:50:08.000","2026-04-02 06:50:00.000","44,223"
"400015414","2025-04-03 18:44:24.000","2026-04-02 07:05:55.000","118,619"
"400015423","2025-04-03 19:31:16.000","2026-04-02 06:45:00.000","33,429"
"400015540","2025-04-16 21:50:08.000","2026-04-02 07:05:00.000","44,598"
"400015610","1970-01-21 15:28:13.000","2026-04-02 07:05:00.000","95,836"
"400015624","2025-04-16 21:47:50.000","2026-04-02 07:05:00.000","44,627"
"400015628","2025-04-03 18:49:29.000","2026-04-02 07:05:23.000","108,062"
"400015631","2025-04-03 18:49:15.000","2026-04-02 07:06:01.000","119,134"
"400015644","1970-01-21 15:28:14.000","2026-04-02 07:05:00.000","97,019"
"400015645","2025-04-03 18:49:50.000","2026-04-02 07:05:46.000","113,647"
"400015762","2025-04-03 18:49:54.000","2026-04-02 07:04:20.000","117,436"
"400015764","2025-04-03 18:49:24.000","2026-04-02 07:05:22.000","108,795"
"400015768","2025-04-03 18:49:48.000","2026-04-02 07:05:44.000","115,726"
"400015774","2025-04-16 21:51:12.000","2026-04-02 07:00:00.000","44,592"
"400015810","2025-04-03 18:49:14.000","2026-04-02 07:05:58.000","113,221"
"400015824","2025-05-29 16:15:14.000","2026-04-02 06:54:28.000","30,173"
"400015827","2025-04-03 18:49:56.000","2026-04-02 07:05:22.000","116,235"
"400015911","2025-04-09 20:45:00.000","2026-04-02 07:00:00.000","44,523"
"400015919","1970-01-21 15:28:13.000","2026-04-02 07:06:42.000","96,635"
"400015950","2025-04-09 21:15:00.000","2026-04-02 07:00:00.000","44,565"
"400015982","2025-04-09 21:15:00.000","2026-04-02 07:00:00.000","44,527"
"400016017","2025-04-09 21:15:00.000","2026-04-02 07:00:00.000","44,301"
"400016048","1970-01-21 15:28:13.000","2026-04-02 07:05:00.000","96,071"
"400016066","1970-01-21 15:28:14.000","2026-04-02 07:05:01.000","94,369"
"400016082","1970-01-21 15:28:13.000","2026-04-02 07:05:00.000","95,132"
"400016103","1970-01-21 15:28:13.000","2026-04-02 07:05:01.000","83,196"
"400016146","1970-01-21 15:28:14.000","2026-04-02 07:05:01.000","96,260"
"400016154","2025-04-09 21:30:00.000","2026-04-02 07:05:00.000","44,496"
"400016177","2025-04-09 20:44:40.000","2026-04-02 07:05:30.000","109,350"
"400016188","2025-04-09 21:30:00.000","2026-04-02 07:05:00.000","44,559"
"400016195","1970-01-21 15:28:13.000","2026-04-02 07:05:00.000","92,511"
"400016397","2025-04-16 21:49:01.000","2026-04-02 07:05:00.000","44,481"
"400016411","2025-04-16 21:45:00.000","2026-04-02 07:00:00.000","44,453"
"400016417","2025-04-16 21:50:07.000","2026-04-02 07:00:00.000","44,722"
"400016434","2025-04-16 20:15:00.000","2026-04-02 07:05:00.000","44,647"
"400016435","1970-01-21 15:28:14.000","2026-04-02 07:03:15.000","94,977"
"400016440","2025-04-16 20:15:00.000","2026-04-02 07:00:00.000","44,510"
"400016441","2025-05-29 16:15:05.000","2026-04-02 04:20:25.000","7,963"
"400016451","2025-04-16 20:30:00.000","2026-04-02 07:00:00.000","44,652"
"400016453","2025-04-16 20:30:00.000","2026-04-02 07:00:00.000","44,554"
"400016455","2025-05-29 16:15:16.000","2026-04-02 04:15:58.000","8,042"
"400016464","2025-04-16 20:30:00.000","2026-04-02 07:00:00.000","44,607"
"400016466","2025-04-16 20:30:00.000","2026-04-02 07:05:00.000","44,566"
"400016469","2025-05-29 16:15:12.000","2026-04-02 06:57:03.000","20,484"
"400016474","2025-05-29 16:15:18.000","2026-04-02 06:53:54.000","30,961"
"400016481","2025-04-16 21:50:08.000","2026-04-02 07:00:00.000","44,576"
"400016483","2025-05-29 16:15:01.000","2026-04-02 04:34:55.000","7,838"
"400016484","2025-04-16 21:51:12.000","2026-04-02 07:00:00.000","44,544"
"400016488","2025-04-16 21:49:01.000","2026-04-02 07:05:00.000","44,456"
"400016493","2025-04-16 20:45:00.000","2026-04-02 07:00:00.000","44,419"
"400016495","2025-04-16 21:49:01.000","2026-04-02 07:00:00.000","44,502"
"400016497","2025-05-29 16:15:11.000","2026-04-02 04:20:07.000","22,721"
"400016498","2025-05-29 16:15:14.000","2026-04-02 04:29:07.000","8,030"
"400016500","2025-04-16 21:46:35.000","2026-04-02 06:45:00.000","33,458"
"400016502","2025-05-29 16:15:17.000","2026-04-02 06:57:03.000","32,159"
"400016509","2025-05-29 16:15:17.000","2026-04-02 06:53:54.000","31,820"
"400016521","2025-04-16 20:45:00.000","2026-04-02 07:00:00.000","44,619"
"400016525","2025-04-16 20:45:00.000","2026-04-02 07:00:00.000","44,506"
"400016539","2025-04-16 20:45:00.000","2026-04-02 07:00:00.000","44,734"
"400016543","2025-05-29 16:15:16.000","2026-04-02 06:37:36.000","22,457"
"400016544","2025-04-16 20:45:00.000","2026-04-02 07:00:00.000","44,499"
"400016579","2025-04-16 20:45:00.000","2026-04-02 07:05:00.000","44,669"
"400016583","2025-04-16 20:45:00.000","2026-04-02 07:05:00.000","44,663"
"400016605","1970-01-21 15:28:14.000","2026-04-02 07:05:00.000","93,821"
"400016630","2025-05-29 16:15:16.000","2026-04-02 06:56:24.000","29,191"
"400016635","2025-04-16 21:47:51.000","2026-04-02 07:05:00.000","44,859"
"400016644","2025-04-16 21:46:37.000","2026-04-02 07:05:00.000","44,613"
"400016649","2025-04-16 21:45:00.000","2026-04-02 07:00:00.000","44,412"
"400016653","2025-04-25 01:10:00.000","2026-04-02 07:05:00.000","86,495"
"400016656","2025-04-16 21:45:00.000","2026-04-02 07:00:00.000","44,559"
"400016661","1970-01-21 15:28:14.000","2026-04-02 07:05:00.000","64,337"
"400016666","2025-04-16 21:49:01.000","2026-04-02 06:50:00.000","44,555"
"400016668","2025-04-16 21:47:49.000","2026-04-02 07:00:00.000","44,609"
"400016670","2025-04-16 21:01:13.000","2026-04-02 07:00:00.000","44,553"
"400016680","2025-04-16 21:01:13.000","2026-04-02 07:00:00.000","44,527"
"400016688","2025-04-16 21:01:13.000","2026-04-02 07:00:00.000","44,908"
"400016712","2025-12-23 22:55:58.000","2026-02-09 05:25:01.000","13,587"
"400016716","2025-04-16 21:48:59.000","2026-04-02 07:05:00.000","44,460"
"400016723","2025-04-16 21:45:00.000","2026-04-02 07:00:00.000","44,617"
"400016727","2025-04-16 21:51:11.000","2026-04-02 07:00:00.000","44,546"
"400016745","2025-04-16 21:46:36.000","2026-04-02 07:05:00.000","44,495"
"400016749","2025-04-16 21:46:37.000","2026-04-02 07:05:00.000","44,574"
"400016758","2025-04-16 21:45:00.000","2026-04-02 06:45:00.000","37,788"
"400016769","2025-04-16 21:47:49.000","2026-04-02 07:05:00.000","44,569"
"400016784","1970-01-21 15:28:14.000","2026-04-02 07:05:00.000","96,398"
"400016787","2025-04-16 21:01:14.000","2026-04-02 06:45:00.000","33,393"
"400016796","2025-04-16 21:01:14.000","2026-04-02 07:05:00.000","44,652"
"400016800","2025-04-16 21:01:14.000","2026-04-02 06:50:00.000","44,414"
"400016805","1970-01-21 15:28:14.000","2026-04-02 07:05:00.000","94,992"
"400016809","2025-06-08 06:45:10.000","2026-01-12 22:10:02.000","4,319"
"400016813","2025-04-16 20:15:00.000","2026-04-02 07:05:31.000","117,485"
"400016814","2025-04-16 20:14:24.000","2026-04-02 07:05:56.000","114,571"
"400016815","2025-04-16 21:01:12.000","2026-04-02 06:50:00.000","44,483"
"400016817","1970-01-21 15:28:14.000","2026-04-02 07:05:01.000","96,549"
"400016819","2025-04-16 21:01:12.000","2026-04-02 07:00:00.000","44,673"
"400016830","2025-04-16 21:01:12.000","2026-04-02 07:00:00.000","44,506"
"400016836","2025-04-16 21:01:12.000","2026-04-02 07:00:00.000","44,743"
"400016841","2025-04-16 20:14:51.000","2026-04-02 07:05:48.000","112,452"
"400016846","1970-01-21 15:28:14.000","2026-04-02 07:05:01.000","96,128"
"400016848","1970-01-21 15:28:13.000","2026-04-02 07:05:01.000","95,724"
"400016849","2025-04-16 20:14:20.000","2026-04-02 07:05:48.000","110,452"
"400016850","2025-04-16 20:14:32.000","2026-04-02 07:05:38.000","113,957"
"400016851","1970-01-21 15:28:13.000","2026-03-02 20:35:00.000","88,049"
"400016854","1970-01-21 15:28:14.000","2026-04-02 07:05:00.000","97,008"
"400016875","2025-04-18 13:15:00.000","2026-04-02 07:00:00.000","44,113"
"400016878","2025-04-18 13:15:00.000","2026-04-02 07:00:00.000","43,937"
"400016909","2025-04-18 13:31:28.000","2026-04-02 07:05:00.000","43,994"
"400016932","2025-04-18 13:31:29.000","2026-04-02 07:00:00.000","37,519"
"400016946","2025-04-18 13:31:29.000","2026-04-02 07:00:00.000","43,711"
"400016961","2025-04-18 13:45:00.000","2026-04-02 07:00:00.000","44,030"
"400016962","2025-04-18 13:45:00.000","2026-04-02 07:00:00.000","43,999"
"400016966","2025-04-18 13:45:00.000","2026-04-02 07:00:00.000","43,972"
"400016969","2025-04-24 15:31:12.000","2026-04-02 07:05:00.000","44,043"
"400016974","2025-04-18 13:45:00.000","2026-04-02 07:00:00.000","43,940"
"400016980","2025-04-24 15:31:19.000","2026-04-02 07:00:00.000","43,961"
"400016981","2025-04-18 13:46:03.000","2026-04-02 06:55:00.000","43,948"
"400016989","2025-04-18 13:46:03.000","2026-04-02 07:00:00.000","43,969"
"400016991","2025-04-18 13:46:03.000","2026-04-02 07:05:00.000","43,857"
"400016993","2025-04-24 15:30:00.000","2026-04-02 07:05:00.000","44,081"
"400016996","2025-04-18 13:46:04.000","2026-04-02 06:45:00.000","33,251"
"400016997","2025-05-29 16:15:21.000","2026-04-02 04:00:14.000","23,716"
"400017004","1970-01-21 15:28:13.000","2026-04-02 07:05:01.000","106,954"
"400017005","2025-04-18 13:46:04.000","2026-04-02 07:05:00.000","43,898"
"400017007","2025-04-18 13:46:04.000","2026-04-02 07:00:00.000","43,999"
"400017008","2025-04-18 13:46:04.000","2026-04-02 07:00:00.000","44,061"
"400017016","2025-04-18 13:46:04.000","2026-04-02 06:45:00.000","32,228"
"400017031","2025-04-18 13:46:04.000","2026-04-02 07:00:00.000","43,141"
"400017032","2025-04-18 13:46:04.000","2026-04-02 07:00:00.000","44,012"
"400017033","2025-04-18 13:46:04.000","2026-04-02 07:05:00.000","44,157"
"400017036","2025-04-18 13:46:04.000","2026-04-02 07:05:00.000","43,926"
"400017038","2025-04-18 13:46:04.000","2026-04-02 07:00:00.000","44,042"
"400017042","2025-04-18 13:46:04.000","2026-04-02 06:50:00.000","44,069"
"400017044","1970-01-21 15:28:13.000","2026-04-02 07:05:02.000","95,943"
"400017048","2025-04-18 13:31:29.000","2026-04-02 07:00:00.000","41,489"
"400017057","2025-04-18 13:31:29.000","2026-04-02 07:05:00.000","43,989"
"400017070","2025-04-18 13:46:04.000","2026-04-02 06:45:00.000","37,892"
"400017071","2025-04-18 13:46:04.000","2026-04-02 07:00:00.000","44,071"
"400017091","2025-04-18 13:46:04.000","2026-04-02 07:00:00.000","43,990"
"400017096","2025-04-18 13:46:04.000","2026-04-02 07:00:00.000","39,589"
"400017123","2025-04-24 15:45:00.000","2026-04-02 07:05:00.000","43,994"
"400017133","2025-04-24 15:30:00.000","2026-04-02 07:00:00.000","44,046"
"400017146","2025-05-29 00:19:40.000","2026-03-04 17:09:41.000","80,328"
"400017150","2025-04-24 15:31:19.000","2026-04-02 07:00:00.000","43,970"
"400017185","1970-01-21 15:28:14.000","2026-04-02 07:05:00.000","96,243"
"400017204","2025-04-24 15:31:13.000","2026-04-02 07:05:00.000","43,686"
"400017213","1970-01-21 15:28:13.000","2026-04-02 07:05:00.000","125,878"
"400017221","1970-01-21 15:28:14.000","2026-03-23 21:45:00.000","123,759"
"400017224","2025-04-24 15:31:13.000","2026-04-02 07:05:00.000","44,025"
"400017243","2025-04-24 15:45:00.000","2026-04-02 07:00:00.000","44,000"
"400017252","2025-05-29 16:15:19.000","2026-04-02 04:13:47.000","27,504"
"400017263","2025-04-23 10:17:27.000","2026-04-02 07:00:00.000","44,054"
"400017264","2025-04-23 10:17:27.000","2026-04-02 07:00:00.000","43,990"
"400017271","1970-01-21 15:28:14.000","2026-04-02 07:05:00.000","82,575"
"400017275","2025-05-29 16:15:20.000","2026-04-02 06:55:11.000","32,115"
"400017276","2025-04-24 15:30:00.000","2026-04-02 07:05:00.000","44,002"
"400017279","2025-05-29 16:15:21.000","2026-04-02 06:55:28.000","28,193"
"400017284","2025-05-29 16:15:20.000","2026-04-02 06:55:17.000","27,689"
"400017292","2025-05-29 16:15:20.000","2026-04-02 06:54:13.000","28,491"
"400017297","2025-05-29 16:15:12.000","2026-04-02 06:57:44.000","32,078"
"400017316","2025-08-01 00:15:56.000","2026-04-02 06:55:53.000","25,553"
"400017318","2025-04-24 15:45:00.000","2026-04-02 07:05:00.000","43,997"
"400017327","2025-04-24 15:46:22.000","2026-04-02 07:00:00.000","43,849"
"400017331","2025-05-29 16:15:08.000","2026-04-02 06:56:09.000","31,699"
"400017336","2025-04-24 15:45:00.000","2026-04-02 07:05:00.000","43,907"
"400017345","2025-04-24 15:30:00.000","2026-04-02 07:05:00.000","44,031"
"400017356","2025-04-24 15:45:00.000","2026-04-02 07:05:00.000","43,487"
"400017357","2025-04-24 15:31:09.000","2026-04-02 07:00:00.000","44,014"
"400017358","2025-04-24 15:45:00.000","2026-04-02 07:05:00.000","43,496"
"400017359","2025-04-24 15:31:08.000","2026-04-02 07:05:00.000","44,010"
"400017369","2025-05-29 16:15:11.000","2026-04-02 06:58:35.000","32,080"
"400017374","2025-04-24 15:46:27.000","2026-04-02 07:00:00.000","44,022"
"400017377","2025-04-24 15:31:18.000","2026-04-02 06:45:00.000","38,406"
"400017386","2025-05-29 16:15:17.000","2026-04-02 04:02:34.000","7,878"
"400017394","2025-04-24 15:30:00.000","2026-04-02 07:00:00.000","43,989"
"400017397","2025-04-24 15:31:17.000","2026-04-02 07:05:00.000","44,093"
"400017404","2025-04-24 15:30:00.000","2026-04-02 06:45:00.000","32,477"
"400017411","2025-04-24 15:30:00.000","2026-04-02 07:00:00.000","43,873"
"400017421","1970-01-21 15:28:14.000","2026-04-02 07:05:00.000","96,547"
"400017429","2025-04-24 15:46:25.000","2026-04-02 07:05:00.000","44,079"
"400017430","2025-04-24 15:30:00.000","2026-04-02 07:00:00.000","44,054"
"400017431","2025-05-29 16:15:21.000","2026-04-02 04:01:03.000","23,392"
"400017433","2025-04-24 15:31:13.000","2026-04-02 07:05:00.000","44,002"
"400017434","2025-04-24 15:45:00.000","2026-04-02 07:05:00.000","44,100"
"400017436","2025-04-24 15:31:14.000","2026-04-02 07:05:00.000","43,954"
"400017441","2025-04-24 15:31:17.000","2026-04-02 07:00:00.000","44,045"
"400017443","2025-04-24 15:31:18.000","2026-04-02 07:05:00.000","43,536"
"400017446","2025-04-24 15:45:00.000","2026-04-02 06:45:00.000","41,446"
"400017447","2025-04-24 15:31:09.000","2026-04-02 07:00:00.000","43,907"
"400017484","2025-05-29 16:15:05.000","2026-04-02 06:55:08.000","31,383"
"400017491","2025-05-29 16:15:08.000","2026-04-02 04:23:54.000","29,966"
"400017494","2025-04-24 15:31:17.000","2026-04-02 07:00:00.000","43,960"
"400017499","2025-05-29 16:15:18.000","2026-04-01 15:30:00.000","18,345"
"400017506","2025-04-24 15:31:17.000","2026-04-02 07:05:00.000","44,164"
"400017513","2025-04-24 15:45:00.000","2026-04-02 07:05:00.000","43,970"
"400017516","2025-05-29 16:15:14.000","2026-04-02 06:57:27.000","31,474"
"400017517","2025-04-24 15:31:14.000","2026-04-02 07:05:00.000","44,142"
"400017538","2025-04-24 15:45:00.000","2026-04-02 07:05:00.000","44,038"
"400017542","2025-04-25 01:10:00.000","2026-04-02 07:05:00.000","81,192"
"400017545","2025-04-24 15:31:12.000","2026-04-02 06:55:00.000","44,098"
"400017564","2025-05-29 16:15:20.000","2026-04-02 06:56:15.000","32,087"
"400017578","2025-04-24 15:31:19.000","2026-04-02 07:05:00.000","43,999"
"400017579","2025-04-24 15:31:10.000","2026-04-02 07:00:00.000","43,981"
"400017595","2025-05-29 16:15:12.000","2026-04-02 06:57:47.000","30,686"
"400017599","2025-05-29 16:15:05.000","2026-04-02 04:01:03.000","8,129"
"400017604","2025-04-24 15:30:00.000","2026-04-02 07:00:00.000","44,061"
"400017608","2025-04-24 15:30:00.000","2026-04-02 07:05:00.000","44,053"
"400017619","2025-04-24 15:45:00.000","2026-04-02 07:05:00.000","43,965"
"400017756","2025-05-29 16:15:21.000","2026-04-02 06:56:28.000","32,131"
"400017765","2025-05-29 16:15:17.000","2026-04-02 06:51:21.000","32,435"
"400017775","2025-05-29 16:15:11.000","2026-04-02 06:55:29.000","31,771"
"400017787","2025-04-24 18:31:07.000","2026-04-02 07:00:00.000","43,848"
"400017793","2025-04-24 18:46:19.000","2026-04-02 07:00:00.000","43,713"
"400017803","2025-05-29 16:15:16.000","2026-04-02 04:52:57.000","8,102"
"400017818","2025-05-29 16:15:20.000","2026-04-02 06:56:41.000","23,585"
"400017830","2025-05-29 16:15:08.000","2026-04-02 06:56:41.000","31,980"
"400017963","2025-04-25 17:46:19.000","2026-04-02 07:05:00.000","44,079"
"400017982","2025-04-25 17:46:18.000","2026-04-02 07:00:00.000","43,971"
"400017985","2025-04-25 18:46:55.000","2026-04-02 07:05:00.000","44,035"
"400018031","2025-04-25 18:45:00.000","2026-04-02 07:00:00.000","43,954"
"400018039","1970-01-21 15:28:13.000","2026-04-02 07:05:00.000","82,829"
"400018050","1970-01-21 15:28:13.000","2026-04-02 07:03:34.000","3,578"
"400018075","2025-04-25 17:46:21.000","2026-04-02 07:00:00.000","43,939"
"400018076","1970-01-21 15:28:14.000","2026-04-02 07:05:00.000","82,345"
"400018229","2025-04-25 15:15:00.000","2026-04-02 07:05:00.000","43,910"
"400018277","2025-04-25 18:31:52.000","2026-04-02 06:50:00.000","44,084"
"400018316","2025-04-24 19:59:25.000","2026-04-02 07:06:01.000","109,527"
"400018321","2025-04-25 15:15:00.000","2026-04-02 07:05:00.000","43,960"
"400018323","2025-04-25 19:00:00.000","2026-04-02 07:05:00.000","44,092"
"400018373","2025-04-25 17:45:00.000","2026-04-02 07:05:00.000","44,002"
"400018374","2025-04-25 16:15:00.000","2026-04-02 07:05:00.000","43,595"
"400018382","2025-04-24 19:59:21.000","2026-04-02 07:05:00.000","112,883"
"400018432","2025-04-24 19:59:54.000","2026-04-02 07:06:06.000","111,683"
"400018453","2025-04-25 17:46:19.000","2026-04-02 07:00:00.000","44,002"
"400018462","1970-01-21 15:28:13.000","2026-04-02 07:05:01.000","81,261"
"400018475","2025-04-25 15:15:00.000","2026-04-02 06:55:00.000","44,207"
"400018477","2025-04-25 18:39:55.000","2026-04-02 07:06:01.000","111,992"
"400018479","2025-05-01 13:00:00.000","2026-04-02 07:00:00.000","43,723"
"400018481","2025-05-29 16:15:19.000","2026-04-02 04:18:27.000","20,158"
"400018482","2025-05-29 16:15:17.000","2026-04-02 04:00:51.000","31,075"
"400018484","2025-05-29 16:15:16.000","2026-04-02 06:58:05.000","31,826"
"400018487","2025-05-29 16:15:16.000","2026-04-02 04:22:31.000","20,711"
"400018491","2025-04-25 18:31:47.000","2026-04-02 07:05:00.000","43,787"
"400018495","2025-05-01 13:00:00.000","2026-04-02 07:00:00.000","43,456"
"400018499","2025-05-29 16:15:15.000","2026-04-02 06:56:47.000","32,435"
"400018500","2025-05-29 16:15:19.000","2026-04-02 06:52:02.000","31,484"
"400018504","1970-01-21 15:28:13.000","2026-04-02 07:05:01.000","81,842"
"400018513","2025-05-29 16:15:18.000","2026-04-02 06:57:26.000","31,765"
"400018516","2025-05-29 16:15:15.000","2026-04-02 06:55:42.000","32,168"
"400018519","2025-05-29 16:15:21.000","2026-04-02 06:58:08.000","27,391"
"400018520","2025-05-01 13:00:00.000","2026-04-02 07:00:00.000","43,754"
"400018521","2025-05-01 13:00:00.000","2026-04-02 07:00:00.000","43,710"
"400018526","2025-05-29 16:15:15.000","2026-04-02 06:15:42.000","32,104"
"400018537","1970-01-21 15:28:13.000","2026-04-02 07:02:55.000","81,910"
"400018545","2025-05-29 16:15:12.000","2026-04-02 04:19:20.000","19,698"
"400018546","2025-05-01 13:00:00.000","2026-04-02 07:05:00.000","43,741"
"400018548","2025-05-29 16:15:13.000","2026-04-02 06:22:28.000","8,263"
"400018555","2025-05-29 16:15:01.000","2026-04-02 06:56:28.000","32,389"
"400018562","2025-05-29 16:15:19.000","2026-04-02 04:47:10.000","23,830"
"400018564","2025-05-29 16:15:10.000","2026-04-02 06:53:41.000","31,768"
"400018566","2025-05-29 16:15:19.000","2026-04-02 06:56:21.000","31,377"
"400018567","2025-05-01 13:00:00.000","2026-04-02 07:00:00.000","43,636"
"400018569","2025-05-29 16:15:05.000","2026-04-02 06:54:51.000","31,208"
"400018571","2025-05-29 16:15:16.000","2026-04-02 06:50:08.000","31,823"
"400018573","2025-05-29 16:15:11.000","2026-04-02 06:40:08.000","10,937"
"400018577","1970-01-21 15:28:14.000","2026-04-02 07:05:00.000","81,987"
"400018590","1970-01-21 15:28:14.000","2026-04-02 07:05:01.000","81,874"
"400018600","2025-05-29 16:15:14.000","2026-04-02 04:17:09.000","8,228"
"400018605","2025-05-29 16:15:18.000","2026-04-02 05:10:14.000","31,330"
"400018609","2025-04-25 18:44:50.000","2026-04-02 07:05:32.000","110,836"
"400018611","2025-05-29 16:15:14.000","2026-04-02 06:55:31.000","31,042"
"400018613","2025-04-25 18:44:47.000","2026-04-02 07:05:28.000","109,742"
"400018617","2025-04-25 18:44:40.000","2026-04-02 07:05:28.000","111,965"
"400018619","2025-04-25 18:44:47.000","2026-04-02 07:05:51.000","104,457"
"400018620","2025-05-29 16:15:13.000","2026-04-02 06:56:24.000","31,269"
"400018645","2025-04-25 19:00:00.000","2026-04-02 07:05:00.000","43,375"
"400018648","2025-04-25 19:00:00.000","2026-04-02 07:05:00.000","43,782"
"400018652","2025-05-29 16:15:08.000","2026-04-02 04:15:29.000","12,405"
"400018657","2025-04-25 19:01:02.000","2026-04-02 07:00:00.000","43,686"
"400018658","2025-04-25 18:54:17.000","2026-04-02 07:05:57.000","109,283"
"400018659","2025-05-01 13:00:00.000","2026-04-02 07:05:00.000","43,809"
"400018663","1970-01-21 15:28:14.000","2025-10-25 17:33:06.000","37,567"
"400018668","2025-04-25 19:01:02.000","2026-04-02 07:00:00.000","43,622"
"400018673","2025-05-01 13:00:00.000","2026-04-02 07:00:00.000","43,712"
"400018676","1970-01-21 15:28:13.000","2026-04-02 07:05:00.000","78,352"
"400018680","2025-04-25 19:00:00.000","2026-04-02 07:05:00.000","43,730"
"400018691","2025-05-29 16:15:15.000","2026-04-02 04:18:48.000","19,000"
"400018703","2025-05-01 13:00:00.000","2026-04-02 06:55:00.000","43,456"
"400018713","2025-05-01 13:00:00.000","2026-04-02 07:05:00.000","43,682"
"400018767","1970-01-21 15:28:14.000","2026-04-02 01:42:03.000","81,955"
"400018772","1970-01-21 15:28:14.000","2026-04-02 07:05:01.000","78,031"
"400018785","2025-04-25 18:54:34.000","2026-04-02 07:05:44.000","108,700"
"400018789","2025-04-25 18:54:33.000","2026-04-02 07:05:28.000","110,600"
"400018806","2025-04-25 19:01:02.000","2026-04-02 07:00:00.000","43,702"
"400018841","2025-04-25 18:54:55.000","2026-04-02 07:05:27.000","108,944"
"400018852","2025-05-01 13:00:00.000","2026-04-02 07:05:00.000","43,665"
"400018907","2025-04-25 18:59:44.000","2026-04-02 07:05:42.000","109,679"
"400018920","1970-01-21 15:28:14.000","2026-04-02 07:05:00.000","82,345"
"400018934","2025-04-30 12:54:47.000","2026-04-02 07:05:58.000","112,288"
"400018946","1970-01-21 15:28:14.000","2026-04-02 07:02:29.000","82,829"
"400018948","2025-04-30 19:45:00.000","2026-04-02 07:05:00.000","43,509"
"400018953","2025-05-01 13:00:00.000","2026-04-02 07:00:00.000","43,670"
"400018954","2025-08-01 00:15:47.000","2026-04-02 06:55:42.000","26,342"
"400018958","1970-01-21 15:28:14.000","2026-04-02 07:05:00.000","62,886"
"400018963","2025-05-01 13:00:00.000","2026-04-02 07:00:00.000","43,697"
"400018969","2025-05-29 16:15:16.000","2026-04-02 04:51:40.000","8,213"
"400018973","2025-05-29 16:15:13.000","2026-04-02 06:55:45.000","32,630"
"400018977","2025-04-30 19:14:33.000","2026-04-02 07:05:00.000","108,023"
"400018983","2025-04-30 19:14:26.000","2026-04-02 07:05:49.000","110,565"
"400018984","2025-05-29 16:15:13.000","2026-04-02 06:56:44.000","32,030"
"400018985","2025-04-30 19:47:01.000","2026-04-02 07:00:00.000","43,710"
"400018991","2025-05-29 16:15:18.000","2026-04-02 06:56:28.000","31,369"
"400018993","2025-04-30 19:47:00.000","2026-04-02 06:45:00.000","32,715"
"400018997","2025-05-01 13:00:00.000","2026-04-02 07:00:00.000","43,737"
"400018999","2025-05-29 16:15:11.000","2026-04-02 06:55:24.000","31,439"
"400019001","1970-01-21 15:28:13.000","2026-04-02 07:05:00.000","78,403"
"400019005","2025-05-01 13:00:00.000","2026-04-02 07:00:00.000","43,733"
"400019019","2025-04-30 19:45:00.000","2026-04-02 07:00:00.000","43,289"
"400019026","2025-05-01 13:00:00.000","2026-04-02 07:05:00.000","43,690"
"400019043","2025-04-30 20:00:00.000","2026-04-02 07:05:00.000","43,734"
"400019053","2025-05-01 13:00:00.000","2026-04-02 07:05:00.000","43,850"
"400019057","2025-05-01 13:00:00.000","2026-04-02 07:05:00.000","43,796"
"400019062","2025-04-30 19:14:51.000","2026-04-02 07:05:00.000","109,122"
"400019066","2025-05-29 16:15:16.000","2026-04-02 04:57:24.000","14,368"
"400019077","2025-05-01 13:00:00.000","2026-04-02 06:50:00.000","43,618"
"400019096","2025-05-01 13:00:00.000","2026-04-02 06:45:00.000","43,517"
"400019099","2025-04-30 20:00:00.000","2026-04-02 06:55:00.000","43,552"
"400019104","2025-05-01 13:00:00.000","2026-04-02 07:05:00.000","43,636"
"400019107","2025-04-30 19:14:20.000","2026-04-02 07:05:32.000","109,576"
"400019120","2025-04-30 20:00:00.000","2026-04-02 07:00:00.000","42,880"
"400019126","2025-05-29 16:15:14.000","2026-04-02 06:54:03.000","32,142"
"400019128","2025-05-29 16:15:12.000","2026-04-02 06:57:13.000","31,684"
"400019131","2025-03-17 21:45:55.000","2026-04-02 07:05:03.000","84,381"
"400019135","2025-04-30 19:14:37.000","2026-04-02 07:05:58.000","109,167"
"400019136","2025-04-30 20:00:00.000","2026-04-02 06:55:00.000","43,661"
"400019139","2025-04-30 19:14:46.000","2026-04-02 07:05:55.000","115,531"
"400019143","2025-04-30 19:14:50.000","2026-04-02 07:05:33.000","103,555"
"400019145","2025-04-30 19:14:41.000","2025-05-09 16:06:45.000","17,581"
"400019154","1970-01-21 15:28:13.000","2026-03-13 21:15:01.000","74,990"
"400019156","2025-05-29 16:15:07.000","2026-04-02 06:56:09.000","31,446"
"400019157","1970-01-21 15:28:14.000","2026-04-02 07:05:01.000","73,367"
"400019160","2025-04-30 19:14:58.000","2026-04-02 07:05:46.000","117,520"
"400019161","2025-05-29 16:15:21.000","2026-04-02 06:54:48.000","31,395"
"400019162","1970-01-21 15:28:14.000","2026-04-02 07:05:01.000","80,121"
"400019163","2025-05-29 16:15:13.000","2026-04-02 06:50:36.000","29,179"
"400019167","2025-05-29 16:15:15.000","2026-04-02 06:58:28.000","31,416"
"400019168","2025-05-29 16:15:20.000","2026-04-02 06:56:07.000","29,866"
"400019172","2025-05-29 16:15:07.000","2026-04-02 06:53:25.000","31,610"
"400019195","2025-04-30 20:00:00.000","2026-04-02 06:45:00.000","32,619"
"400019205","2025-04-30 20:00:00.000","2026-04-02 07:00:00.000","43,510"
"400019215","2025-04-30 20:00:00.000","2026-04-02 07:00:00.000","43,665"
"400019219","2025-04-30 19:19:52.000","2026-04-02 07:05:50.000","104,940"
"400019249","1970-01-21 15:28:13.000","2026-04-02 07:05:01.000","80,919"
"400019252","1970-01-21 15:28:13.000","2026-04-02 07:05:00.000","81,012"
"400019266","2025-04-30 20:01:11.000","2026-04-02 06:55:00.000","43,651"
"400019271","2025-05-29 16:15:13.000","2026-04-02 06:54:29.000","32,104"
"400019272","2025-04-30 19:19:53.000","2026-04-02 07:05:49.000","113,741"
"400019273","2025-04-30 19:19:49.000","2026-04-02 07:05:39.000","112,280"
"400019277","2025-04-30 20:01:11.000","2026-04-02 07:05:00.000","43,789"
"400019278","2025-04-30 19:19:35.000","2026-04-02 07:05:34.000","110,704"
"400019280","1970-01-21 15:28:13.000","2026-04-02 07:05:00.000","81,685"
"400019285","2025-04-30 19:19:48.000","2026-04-02 07:05:44.000","98,573"
"400019289","2025-05-29 16:15:05.000","2026-04-02 06:55:24.000","32,251"
"400019292","2025-04-30 19:19:56.000","2026-04-02 07:05:43.000","106,960"
"400019294","2025-05-29 16:15:16.000","2026-04-02 04:13:42.000","23,518"
"400019301","2024-12-11 00:19:32.000","2026-04-02 07:05:47.000","21,974"
"400019302","2025-05-29 16:15:12.000","2026-04-02 06:56:57.000","31,544"
"400019305","1970-01-21 15:28:13.000","2026-04-02 07:05:00.000","81,740"
"400019310","2025-04-30 19:19:43.000","2026-04-02 07:05:59.000","113,734"
"400019312","2025-04-30 19:19:30.000","2026-04-02 07:05:26.000","107,026"
"400019316","2025-04-30 19:19:32.000","2026-04-02 07:05:40.000","108,373"
"400019320","2025-04-30 19:19:35.000","2026-04-02 07:05:42.000","108,167"
"400019322","2025-02-14 00:03:22.000","2025-02-14 00:03:22.000","17,580"
"400019323","2025-04-30 19:19:32.000","2026-04-02 07:05:30.000","116,553"
"400019325","2025-04-30 19:19:20.000","2026-04-02 07:05:30.000","108,027"
"400019326","2025-04-30 19:19:32.000","2026-04-02 07:05:42.000","106,950"
"400019334","2025-04-30 19:19:47.000","2026-04-02 07:06:00.000","109,110"
"400019336","2025-04-30 19:19:14.000","2026-04-02 07:04:50.000","109,418"
"400019338","2025-06-18 01:10:00.000","2026-04-02 07:05:27.000","1,326"
"400019339","2025-04-30 19:19:44.000","2026-03-24 10:20:54.000","80,293"
"400019340","2025-04-30 19:19:24.000","2026-04-02 07:06:00.000","112,309"
"400019344","2025-04-30 19:45:00.000","2026-04-02 07:00:00.000","43,624"
"400019347","2025-04-30 19:19:40.000","2026-04-02 07:05:47.000","108,471"
"400019349","2025-04-30 19:19:25.000","2026-04-02 05:15:55.000","111,551"
"400019356","1970-01-21 15:28:13.000","2026-04-02 07:05:00.000","82,756"
"400019414","1970-01-21 15:28:13.000","2026-04-02 07:01:06.000","13,006"
"400019415","1970-01-21 15:28:13.000","2026-04-02 07:03:42.000","79,206"
"400019416","1970-01-21 15:28:13.000","2026-04-02 07:05:20.000","81,676"
"400019417","1970-01-21 15:28:13.000","2026-04-02 07:05:01.000","79,969"
"400019418","1970-01-21 15:28:14.000","2026-04-02 07:05:01.000","81,209"
"400019419","1970-01-21 15:28:13.000","2026-04-02 07:05:00.000","82,770"
"400019420","1970-01-21 15:28:13.000","2026-04-02 07:05:00.000","82,543"
"400019421","1970-01-21 15:28:14.000","2026-04-02 07:05:01.000","81,515"
"400019424","1970-01-21 15:28:13.000","2026-04-02 07:05:01.000","82,961"
"400019425","2025-11-07 18:44:44.000","2026-04-02 07:05:00.000","41,855"
"400019426","1970-01-21 15:28:14.000","2026-04-02 07:05:00.000","82,482"
"400019427","1970-01-21 15:28:14.000","2025-09-15 04:20:00.000","25,443"
"400019429","1970-01-21 15:28:13.000","2026-04-02 07:05:00.000","82,439"
"400019430","1970-01-21 15:28:13.000","2026-04-02 07:05:00.000","77,413"
"400019431","1970-01-21 15:28:14.000","2026-04-02 07:05:00.000","83,013"
"400019432","1970-01-21 15:28:14.000","2026-04-02 07:05:00.000","75,950"
"400019433","1970-01-21 15:28:13.000","2026-04-02 07:05:00.000","81,846"
"400019434","1970-01-21 15:28:14.000","2026-04-02 07:05:01.000","82,137"
"400019435","2025-09-22 16:00:01.000","2026-04-02 07:05:01.000","55,207"
"400019442","1970-01-21 15:28:13.000","2026-04-02 07:05:00.000","82,748"
"400019444","1970-01-21 15:28:13.000","2026-04-02 07:06:39.000","82,529"
"400019445","2025-06-18 01:10:00.000","2025-07-10 16:10:01.000","5,352"
"400019446","1970-01-21 15:28:14.000","2026-04-02 07:05:00.000","83,043"
"400019447","1970-01-21 15:28:13.000","2026-04-02 07:05:00.000","82,705"
"400019448","1970-01-21 15:28:14.000","2026-04-02 07:05:00.000","82,519"
"400019449","1970-01-21 15:28:13.000","2026-04-02 07:05:00.000","82,510"
"400019450","1970-01-21 15:28:13.000","2026-04-02 07:05:00.000","81,887"
"400019451","1970-01-21 15:28:13.000","2026-04-02 07:05:02.000","82,633"
"400019452","1970-01-21 15:28:13.000","2026-04-02 07:05:00.000","81,758"
"400019453","1970-01-21 15:28:14.000","2026-04-02 07:07:09.000","81,399"
"400019455","1970-01-21 15:28:14.000","2026-04-02 07:05:18.000","82,732"
"400019456","1970-01-21 15:28:14.000","2026-04-02 07:05:00.000","88,452"
"400019457","1970-01-21 15:28:14.000","2026-04-02 07:05:01.000","82,539"
"400019458","1970-01-21 15:28:14.000","2026-04-02 07:05:01.000","82,557"
"400019459","1970-01-21 15:28:13.000","2026-04-02 07:05:01.000","81,302"
"400019460","1970-01-21 15:28:13.000","2026-04-02 07:06:48.000","81,544"
"400019461","1970-01-21 15:28:13.000","2026-04-02 07:05:01.000","81,675"
"400019463","1970-01-21 15:28:14.000","2026-04-02 07:05:00.000","82,669"
"400019464","1970-01-21 15:28:13.000","2026-04-02 07:05:01.000","83,112"
"400019467","1970-01-21 15:28:14.000","2026-01-15 07:40:00.000","59,060"
"400019468","1970-01-21 15:28:14.000","2026-04-02 07:05:00.000","81,375"
"400019469","1970-01-21 11:28:14.000","2026-04-02 07:05:01.000","82,838"
"400019470","1970-01-21 15:28:14.000","2026-04-02 06:05:00.000","82,618"
"400019472","1970-01-21 15:28:14.000","2026-04-02 07:05:00.000","80,301"
"400019473","1970-01-21 15:28:13.000","2026-04-02 07:05:01.000","82,633"
"400019474","1970-01-21 15:28:14.000","2026-04-02 07:05:01.000","83,184"
"400019475","2025-05-06 23:30:00.000","2026-04-02 07:05:00.000","43,450"
"400019478","2025-05-06 23:30:00.000","2026-04-02 06:50:00.000","43,356"
"400019483","2025-05-06 23:30:00.000","2026-04-02 07:00:00.000","43,290"
"400019488","2025-05-06 23:30:00.000","2026-04-02 07:05:00.000","43,577"
"400019489","2025-05-06 23:30:00.000","2026-04-02 07:00:00.000","43,324"
"400019491","2025-05-06 23:30:00.000","2026-04-02 07:00:00.000","43,260"
"400019494","2025-05-06 23:30:00.000","2026-04-02 06:55:00.000","43,402"
"400019499","2025-05-29 16:15:13.000","2026-04-02 06:54:41.000","31,706"
"400019507","2025-05-06 23:30:00.000","2026-04-02 07:00:00.000","43,499"
"400019510","2025-06-18 01:10:01.000","2026-04-02 07:05:01.000","72,138"
"400019523","2025-05-06 23:30:00.000","2026-04-02 07:00:00.000","43,444"
"400019524","2025-05-06 23:30:00.000","2026-04-02 07:05:00.000","43,540"
"400019529","2025-05-01 19:19:50.000","2026-04-02 07:05:26.000","101,748"
"400019535","2025-05-29 16:15:13.000","2026-04-02 04:39:00.000","8,732"
"400019540","2025-05-06 23:30:00.000","2026-04-02 07:05:00.000","43,433"
"400019542","1970-01-21 15:28:14.000","2026-04-02 07:05:02.000","82,961"
"400019543","1970-01-21 15:28:14.000","2026-04-02 07:05:01.000","64,022"
"400019551","1970-01-21 15:28:13.000","2026-04-02 07:05:01.000","82,487"
"400019556","1970-01-21 15:28:13.000","2026-04-02 07:05:00.000","82,299"
"400019562","2025-06-18 01:10:00.000","2026-04-02 07:05:00.000","62,749"
"400019563","2025-05-01 19:19:54.000","2026-04-02 07:05:58.000","111,040"
"400019565","2025-08-01 00:15:51.000","2026-04-02 06:57:16.000","26,681"
"400019568","2025-05-06 23:30:00.000","2026-04-02 07:05:00.000","43,471"
"400019569","1970-01-21 15:28:13.000","2026-04-02 07:02:48.000","81,662"
"400019581","2025-05-06 23:30:00.000","2026-04-02 07:05:00.000","43,218"
"400019595","1970-01-21 15:28:13.000","2026-04-02 07:07:12.000","81,802"
"400019606","2025-05-06 23:30:00.000","2026-04-02 07:00:00.000","43,432"
"400019609","2025-05-06 23:30:00.000","2026-04-02 07:00:00.000","43,442"
"400019611","2025-05-02 19:09:16.000","2026-02-27 19:25:35.000","102,403"
"400019613","2025-05-06 23:30:00.000","2026-04-02 06:45:00.000","32,341"
"400019614","2025-05-06 23:30:00.000","2026-04-02 07:00:00.000","43,484"
"400019615","2025-05-29 16:15:20.000","2026-04-02 06:57:53.000","31,647"
"400019630","2025-05-06 23:30:00.000","2026-04-02 06:45:00.000","40,680"
"400019649","2025-05-06 23:30:00.000","2026-04-02 07:00:00.000","40,108"
"400019653","2025-05-29 16:15:02.000","2026-04-02 04:35:45.000","24,431"
"400019657","2025-05-06 23:30:00.000","2026-04-02 07:00:00.000","43,472"
"400019668","1970-01-21 15:28:13.000","2026-04-02 07:05:01.000","82,102"
"400019678","2025-05-29 16:15:05.000","2026-04-02 04:33:58.000","21,888"
"400019681","2025-05-06 23:30:00.000","2026-04-02 07:00:00.000","43,487"
"400019692","2025-05-29 16:15:15.000","2026-04-02 06:53:34.000","32,094"
"400019697","2025-05-06 23:30:00.000","2026-04-02 07:05:00.000","43,532"
"400019714","2025-05-29 16:15:10.000","2026-04-02 06:50:39.000","31,779"
"400019724","2025-05-29 16:15:18.000","2026-04-02 06:55:57.000","31,614"
"400019734","2025-05-06 23:30:00.000","2026-04-02 07:05:00.000","43,530"
"400019736","2025-05-06 23:30:00.000","2026-04-02 07:00:00.000","43,435"
"400019742","2025-05-06 23:30:00.000","2026-04-02 07:00:00.000","43,552"
"400019744","2025-05-06 23:30:00.000","2026-04-02 07:00:00.000","43,489"
"400019749","2025-05-29 16:15:14.000","2026-04-01 14:26:23.000","19,612"
"400019752","2025-05-06 23:30:00.000","2026-04-02 07:05:00.000","43,528"
"400019756","2025-05-29 16:15:20.000","2026-04-02 06:55:02.000","32,026"
"400019759","2025-05-29 16:15:20.000","2026-04-02 06:59:32.000","31,886"
"400019774","2025-05-29 16:15:19.000","2026-04-02 06:58:18.000","31,790"
"400019781","2025-05-02 19:09:32.000","2026-04-02 07:05:58.000","111,909"
"400019783","2025-05-02 19:09:50.000","2026-04-02 07:05:57.000","121,240"
"400019796","2025-05-02 19:09:41.000","2026-04-02 07:06:00.000","123,182"
"400019802","2025-05-02 19:09:26.000","2026-04-02 07:05:37.000","122,663"
"400019809","1970-01-21 15:28:13.000","2026-04-02 07:05:01.000","82,341"
"400019810","2025-05-29 16:15:02.000","2026-01-09 17:11:51.000","20,387"
"400019814","2025-05-02 19:09:18.000","2026-04-02 07:05:24.000","122,059"
"400019821","2025-05-02 19:09:43.000","2026-04-02 07:05:29.000","122,295"
"400019824","2025-05-02 19:09:50.000","2026-04-02 07:06:01.000","122,544"
"400019833","2025-05-29 16:15:13.000","2026-04-02 04:34:06.000","31,923"
"400019835","2025-05-02 19:09:43.000","2026-04-02 07:05:49.000","122,700"
"400019836","2025-05-02 19:09:33.000","2026-04-02 07:06:04.000","121,307"
"400019839","1970-01-21 15:28:14.000","2026-04-02 07:00:00.000","81,975"
"400019842","2025-03-05 17:37:51.000","2025-03-05 17:37:51.000","30,578"
"400019843","2025-05-02 19:09:50.000","2026-04-02 07:04:18.000","121,393"
"400019845","2025-05-02 19:09:28.000","2026-04-02 07:05:46.000","123,213"
"400019852","2025-05-02 19:09:41.000","2026-04-02 07:05:32.000","121,601"
"400019854","2025-05-02 19:09:22.000","2026-04-02 07:05:27.000","122,125"
"400019855","2025-05-02 19:09:14.000","2026-04-02 07:06:02.000","124,818"
"400019856","2025-05-02 19:09:45.000","2026-04-02 07:05:59.000","121,208"
"400019859","2025-05-02 19:09:26.000","2026-04-02 07:05:00.000","119,692"
"400019861","2025-05-02 19:09:47.000","2026-04-02 07:05:27.000","120,015"
"400019865","1970-01-21 15:28:14.000","2026-04-02 07:05:00.000","82,384"
"400019867","2025-05-02 19:09:14.000","2026-04-02 07:05:25.000","121,945"
"400019869","2025-05-02 19:09:52.000","2026-04-02 07:05:53.000","121,402"
"400019871","2025-05-02 19:09:50.000","2026-04-02 07:04:57.000","125,728"
"400019873","2025-05-02 19:09:23.000","2026-04-02 07:05:33.000","118,974"
"400019876","2025-05-02 19:09:17.000","2026-04-02 07:05:55.000","115,627"
"400019885","2025-05-02 19:09:15.000","2026-04-02 07:05:52.000","121,308"
"400019887","2025-05-02 19:09:51.000","2026-04-02 07:04:29.000","121,618"
"400019889","2025-05-02 19:09:15.000","2026-04-02 07:05:57.000","124,831"
"400019890","2025-05-02 19:09:58.000","2026-04-02 07:05:47.000","118,876"
"400019891","2025-05-29 16:15:08.000","2026-04-02 06:54:39.000","31,630"
"400019894","2025-05-02 19:09:53.000","2026-04-02 07:05:56.000","119,147"
"400019895","2025-05-02 19:09:28.000","2026-04-02 07:03:46.000","121,429"
"400019896","2025-05-02 19:09:38.000","2026-04-02 07:06:02.000","120,196"
"400019898","2025-05-02 19:09:46.000","2026-04-02 07:05:34.000","120,503"
"400019899","2025-05-29 16:15:19.000","2026-04-02 06:54:50.000","30,766"
"400019901","2025-05-02 19:09:14.000","2026-04-02 07:05:22.000","124,137"
"400019902","2025-05-02 19:09:47.000","2026-04-02 07:05:54.000","122,155"
"400019904","2025-05-02 19:09:24.000","2026-04-02 07:05:28.000","122,816"
"400019906","1970-01-21 15:28:13.000","2026-04-02 07:05:01.000","82,109"
"400019907","2025-05-02 19:09:18.000","2026-04-02 07:05:36.000","120,517"
"400019911","2025-05-02 19:09:29.000","2026-04-02 07:05:23.000","122,124"
"400019912","2025-05-02 19:09:23.000","2026-04-02 07:05:53.000","107,358"
"400019913","2025-05-29 16:15:08.000","2026-04-02 05:02:05.000","7,902"
"400019914","2025-05-02 19:10:00.000","2026-04-02 07:05:43.000","123,898"
"400019915","2025-05-29 16:15:10.000","2026-04-02 06:57:06.000","31,465"
"400019916","2025-05-02 19:09:56.000","2026-04-02 07:05:38.000","121,904"
"400019917","2025-05-02 19:09:36.000","2026-04-02 07:05:33.000","122,533"
"400019918","2025-05-02 19:09:35.000","2026-04-02 07:05:31.000","122,358"
"400019921","2025-05-06 23:30:00.000","2026-04-02 07:05:00.000","43,466"
"400019922","2025-05-02 19:09:31.000","2026-04-02 07:05:38.000","124,752"
"400019924","2025-05-02 19:09:36.000","2026-04-02 07:05:25.000","124,931"
"400019926","2025-05-02 19:09:27.000","2026-04-02 07:05:34.000","106,515"
"400019927","2025-05-02 19:09:19.000","2026-04-02 07:05:25.000","111,554"
"400019928","2025-05-02 19:09:26.000","2026-04-02 07:05:22.000","106,859"
"400019930","1970-01-21 15:28:14.000","2026-04-02 07:05:00.000","81,689"
"400019935","2025-05-02 19:09:27.000","2026-04-02 07:05:37.000","103,630"
"400019937","2025-05-02 19:09:28.000","2026-04-02 07:05:35.000","124,092"
"400019938","2025-05-02 19:09:36.000","2026-04-02 07:05:27.000","119,794"
"400019939","2025-05-02 19:10:00.000","2026-04-02 07:05:42.000","116,178"
"400019941","2025-05-02 19:09:36.000","2026-04-02 07:05:41.000","121,984"
"400019948","2025-05-02 19:09:21.000","2026-04-02 07:05:36.000","119,021"
"400019950","2025-05-02 19:09:49.000","2026-04-02 07:05:47.000","121,917"
"400019951","2025-05-02 19:09:31.000","2026-04-02 07:05:22.000","124,980"
"400019952","2025-05-02 19:09:56.000","2026-04-02 07:05:22.000","121,561"
"400019953","2025-03-09 13:41:51.000","2026-04-02 07:05:58.000","60,660"
"400019955","2025-05-02 19:09:34.000","2026-04-02 07:05:25.000","122,009"
"400019956","2025-05-02 19:09:20.000","2026-04-02 07:05:58.000","122,401"
"400019959","2025-05-02 19:09:38.000","2026-04-02 07:05:23.000","124,077"
"400019960","2025-05-02 19:09:47.000","2026-04-02 07:04:57.000","117,018"
"400019961","2025-05-02 19:09:18.000","2026-04-02 07:05:53.000","121,531"
"400019962","2025-05-02 19:09:19.000","2026-04-02 07:06:02.000","121,810"
"400019963","2025-05-02 19:09:44.000","2026-04-02 07:05:57.000","121,292"
"400019964","2025-05-02 19:09:45.000","2026-04-02 07:05:49.000","124,295"
"400019966","2025-05-02 19:09:21.000","2026-04-02 07:05:53.000","120,177"
"400019968","2025-05-02 19:09:49.000","2026-04-02 07:05:51.000","120,435"
"400019969","2025-05-02 19:09:51.000","2026-04-02 07:05:12.000","124,991"
"400019970","2025-05-02 19:09:43.000","2026-04-02 07:05:37.000","120,746"
"400019971","2025-05-02 19:09:56.000","2026-04-02 07:05:50.000","123,887"
"400019972","2025-04-28 17:24:09.000","2026-04-02 07:06:01.000","120,899"
"400019975","2025-05-02 19:09:50.000","2026-04-02 07:05:20.000","121,330"
"400019976","2025-05-02 19:09:44.000","2026-04-02 07:04:21.000","121,501"
"400019977","2025-05-02 19:09:50.000","2026-04-02 07:05:40.000","121,419"
"400019979","2025-05-02 19:09:35.000","2026-04-02 07:05:28.000","119,688"
"400019980","2025-05-02 19:09:52.000","2026-04-02 07:06:03.000","121,664"
"400019982","2025-05-02 19:09:33.000","2026-04-02 07:05:30.000","122,214"
"400019984","2025-05-02 19:09:32.000","2026-04-02 07:05:44.000","122,189"
"400019985","2025-05-02 19:08:35.000","2025-05-30 19:36:31.000","30,577"
"400019987","2025-05-02 19:09:34.000","2026-04-02 07:06:01.000","126,039"
"400019988","2025-05-02 19:09:43.000","2026-04-02 07:05:52.000","127,823"
"400019990","2025-05-02 19:09:33.000","2026-04-02 07:05:50.000","116,195"
"400019991","2025-05-02 19:09:35.000","2026-04-02 07:03:38.000","122,320"
"400019996","2025-05-29 16:15:19.000","2026-04-02 06:57:58.000","31,579"
"400019998","2025-05-02 19:09:59.000","2026-04-02 07:05:47.000","124,206"
"400020021","2025-05-29 16:15:20.000","2026-04-02 06:56:54.000","31,400"
"400020022","2025-05-07 21:30:00.000","2026-04-02 07:05:00.000","43,151"
"400020034","2025-05-07 21:29:48.000","2026-04-02 07:04:40.000","119,882"
"400020036","2025-05-07 21:45:00.000","2026-04-02 07:05:00.000","42,993"
"400020044","2025-05-07 21:45:00.000","2026-04-02 07:00:00.000","43,036"
"400020047","2025-05-29 16:15:21.000","2026-04-02 06:53:14.000","31,754"
"400020052","2025-05-07 21:45:00.000","2026-04-02 07:00:00.000","43,033"
"400020053","2025-05-29 16:15:14.000","2026-04-02 06:54:24.000","31,342"
"400020054","2025-05-07 21:45:00.000","2026-04-02 07:00:00.000","42,990"
"400020056","2025-05-07 21:45:00.000","2026-04-02 07:05:00.000","43,114"
"400020064","2025-05-07 21:45:00.000","2026-04-02 07:00:00.000","41,207"
"400020070","2025-05-29 16:15:12.000","2026-04-02 06:53:36.000","31,397"
"400020074","2025-05-29 16:15:20.000","2026-04-02 06:54:57.000","31,303"
"400020094","2025-05-12 16:30:00.000","2026-04-02 07:05:00.000","43,090"
"400020096","2025-05-12 16:30:00.000","2026-04-02 06:45:00.000","32,790"
"400020099","2025-05-29 16:15:12.000","2025-09-20 22:52:12.000","10,091"
"400020102","1970-01-21 15:28:14.000","2025-10-11 15:10:00.000","33,141"
"400020106","2025-05-12 16:30:00.000","2026-04-02 07:00:00.000","42,993"
"400020116","2025-05-29 16:15:20.000","2026-04-02 06:55:24.000","31,749"
"400020124","2025-05-12 16:30:00.000","2026-04-02 07:05:00.000","43,003"
"400020136","1970-01-21 15:28:14.000","2026-04-02 07:05:53.000","80,713"
"400020143","2025-05-29 16:15:15.000","2026-04-02 04:11:30.000","7,505"
"400020147","2025-05-12 16:30:00.000","2026-04-02 07:05:00.000","42,986"
"400020148","2025-05-07 21:28:56.000","2026-04-02 07:05:55.000","118,499"
"400020155","2025-05-29 16:15:11.000","2026-04-02 04:52:11.000","23,033"
"400020163","2025-05-12 16:30:00.000","2026-04-02 07:05:00.000","43,068"
"400020168","2025-05-07 21:29:21.000","2026-04-02 07:05:55.000","117,242"
"400020179","2025-05-29 16:15:12.000","2026-04-02 06:54:52.000","32,115"
"400020210","2025-05-12 16:30:00.000","2026-04-02 07:00:00.000","42,995"
"400020212","2025-05-07 21:29:45.000","2026-04-02 07:05:00.000","106,488"
"400020215","2025-05-12 16:30:00.000","2026-04-02 07:00:00.000","43,029"
"400020229","2025-05-07 21:29:43.000","2026-04-02 07:05:43.000","121,846"
"400020236","2025-05-12 16:30:00.000","2026-04-02 07:05:00.000","43,106"
"400020239","2025-05-07 21:29:14.000","2026-04-02 07:05:19.000","117,959"
"400020241","2025-05-12 16:30:00.000","2026-04-02 07:05:00.000","43,093"
"400020260","2025-05-07 21:29:35.000","2026-04-02 07:05:19.000","119,662"
"400020281","2025-05-07 21:29:34.000","2026-04-02 07:04:10.000","119,858"
"400020283","2025-05-07 21:29:27.000","2026-04-02 07:05:42.000","119,769"
"400020284","1970-01-21 15:28:13.000","2026-04-02 07:05:00.000","81,759"
"400020285","2025-05-07 21:29:43.000","2026-02-27 19:25:00.000","107,796"
"400020286","2025-05-07 21:29:53.000","2026-04-02 07:03:56.000","120,784"
"400020287","2025-05-07 21:29:32.000","2026-04-02 07:05:59.000","119,220"
"400020289","2025-05-07 21:29:49.000","2026-04-02 07:06:00.000","117,373"
"400020290","2025-05-07 21:29:46.000","2026-04-02 07:05:24.000","121,872"
"400020292","2025-05-07 21:29:55.000","2026-04-02 07:05:42.000","120,066"
"400020294","2025-05-07 21:29:38.000","2026-04-02 07:05:24.000","125,108"
"400020295","1970-01-21 15:28:14.000","2026-04-02 07:05:00.000","81,961"
"400020296","2025-05-07 21:29:33.000","2026-04-02 07:05:35.000","114,018"
"400020298","2025-05-07 21:29:45.000","2026-04-02 07:05:55.000","117,677"
"400020301","2025-05-07 21:29:55.000","2026-04-02 07:05:44.000","105,660"
"400020305","2025-05-07 21:29:43.000","2026-04-02 07:04:24.000","117,983"
"400020309","2025-05-07 21:29:26.000","2026-04-02 07:05:20.000","119,376"
"400020310","2025-05-07 21:29:32.000","2026-04-02 07:05:20.000","117,656"
"400020311","2025-05-07 21:29:32.000","2026-04-02 07:05:30.000","111,462"
"400020313","2025-05-07 21:29:37.000","2026-04-02 07:05:44.000","112,078"
"400020314","2025-05-07 21:29:27.000","2026-04-02 07:05:38.000","119,918"
"400020315","2025-05-07 21:27:54.000","2026-04-02 07:04:46.000","121,298"
"400020316","2025-05-07 21:29:55.000","2026-04-02 07:04:51.000","119,114"
"400020317","2025-05-07 21:29:55.000","2026-04-02 07:05:54.000","111,878"
"400020319","2025-08-22 23:59:28.000","2026-04-02 07:05:00.000","63,122"
"400020320","2025-05-07 21:29:17.000","2026-04-02 07:05:40.000","115,031"
"400020321","2025-05-07 21:29:33.000","2026-04-02 07:05:17.000","119,015"
"400020322","2025-05-07 21:29:44.000","2026-04-02 07:05:37.000","114,767"
"400020324","2025-05-07 21:29:37.000","2026-04-02 07:05:45.000","114,084"
"400020332","2025-05-07 21:29:36.000","2026-04-02 07:04:50.000","114,434"
"400020347","2025-05-12 16:30:00.000","2026-04-02 07:05:00.000","42,533"
"400020362","2025-05-07 21:29:42.000","2026-04-02 07:05:00.000","123,275"
"400020373","2025-05-07 21:29:34.000","2026-04-02 07:05:00.000","119,100"
"400020374","2025-05-07 21:29:55.000","2026-04-02 07:05:41.000","118,645"
"400020396","2025-05-07 21:28:35.000","2026-04-02 07:05:30.000","117,793"
"400020404","2025-05-07 21:29:23.000","2026-03-10 17:33:08.000","111,199"
"400020406","2025-04-12 16:54:32.000","2026-04-02 07:05:48.000","98,376"
"400020421","2025-05-07 21:29:47.000","2026-04-02 07:04:14.000","117,078"
"400020429","2025-05-07 21:29:40.000","2026-04-02 07:05:26.000","119,373"
"400020431","2025-05-07 21:29:35.000","2025-12-19 17:38:00.000","54,427"
"400020444","2025-05-07 21:29:50.000","2026-04-02 07:05:57.000","118,475"
"400020449","2025-05-07 21:29:43.000","2026-04-02 07:05:42.000","118,034"
"400020450","2025-05-07 21:29:20.000","2026-04-02 07:05:35.000","119,846"
"400020451","2025-04-15 21:40:00.000","2026-02-12 23:17:22.000","83,751"
"400020452","2025-05-29 16:15:12.000","2026-04-02 06:55:19.000","22,659"
"400020454","2025-05-07 21:29:45.000","2026-04-02 07:05:54.000","119,280"
"400020459","2025-05-07 21:29:57.000","2026-04-02 07:05:56.000","119,815"
"400020460","2025-05-07 21:29:58.000","2026-04-02 07:05:47.000","119,047"
"400020464","2025-05-07 21:29:45.000","2026-01-05 23:07:52.000","81,683"
"400020469","2025-05-07 21:29:16.000","2026-04-02 07:05:47.000","115,961"
"400020471","2025-05-12 16:30:00.000","2026-04-02 06:50:00.000","43,009"
"400020476","2025-05-07 21:29:31.000","2026-04-02 07:06:01.000","119,904"
"400020480","2025-05-07 21:30:00.000","2026-04-02 07:05:45.000","117,692"
"400020487","2025-05-07 21:29:39.000","2026-04-02 07:05:39.000","117,418"
"400020489","2025-05-07 21:29:41.000","2026-04-02 07:05:22.000","121,890"
"400020495","2025-05-07 21:29:54.000","2026-04-02 07:04:05.000","112,917"
"400020500","2025-05-07 21:29:52.000","2026-04-02 07:05:42.000","121,554"
"400020501","2025-05-07 21:29:34.000","2026-04-02 07:06:05.000","117,262"
"400020519","2025-05-07 21:29:27.000","2026-04-02 07:05:43.000","119,399"
"400020528","2025-05-07 21:29:48.000","2026-04-02 07:05:43.000","117,485"
"400020539","2025-05-07 21:29:16.000","2026-04-02 07:05:19.000","118,810"
"400020540","2025-05-07 21:29:50.000","2026-04-02 07:06:03.000","118,392"
"400020543","2025-05-07 10:27:21.000","2026-04-02 07:05:41.000","123,522"
"400020544","2025-05-07 21:29:29.000","2026-04-02 07:05:37.000","118,524"
"400020546","2025-05-07 21:29:58.000","2026-04-02 07:05:19.000","117,766"
"400020549","2025-05-07 21:29:52.000","2026-04-02 07:05:41.000","118,022"
"400020550","2025-05-07 21:29:45.000","2026-04-02 07:05:53.000","124,332"
"400020551","2025-05-07 21:29:44.000","2026-04-02 07:05:27.000","118,681"
"400020552","2025-05-07 21:29:46.000","2026-04-02 07:05:21.000","117,921"
"400020554","2025-05-12 16:30:00.000","2026-04-02 07:00:00.000","42,963"
"400020555","2025-05-12 16:30:00.000","2026-04-02 07:05:00.000","43,076"
"400020557","2025-05-07 21:29:39.000","2026-04-02 07:05:27.000","118,606"
"400020558","2025-05-07 21:29:30.000","2026-04-02 07:05:52.000","124,328"
"400020559","2025-05-07 21:29:51.000","2026-04-02 07:05:39.000","119,401"
"400020562","2025-05-07 21:29:22.000","2026-04-02 07:05:26.000","119,102"
"400020563","2025-05-07 21:29:39.000","2026-04-02 07:05:49.000","118,152"
"400020564","2025-05-07 21:29:27.000","2026-03-30 00:50:00.000","118,820"
"400020567","2025-05-07 21:29:21.000","2026-04-02 07:05:53.000","117,814"
"400020570","2025-05-07 21:29:41.000","2026-04-02 07:05:45.000","119,269"
"400020572","2025-05-07 21:29:32.000","2026-04-02 07:05:25.000","116,739"
"400020573","2025-04-28 03:17:15.000","2026-04-02 07:05:25.000","125,803"
"400020575","2025-05-07 21:29:24.000","2026-04-02 07:05:40.000","122,226"
"400020577","2025-05-12 16:30:00.000","2026-04-02 07:05:00.000","42,877"
"400020579","2025-05-07 21:29:54.000","2026-04-02 07:06:01.000","105,866"
"400020580","2025-05-07 21:29:58.000","2026-04-02 07:05:46.000","118,689"
"400020581","2025-05-07 21:29:34.000","2026-04-02 07:05:48.000","110,776"
"400020582","2025-05-07 21:29:47.000","2026-04-02 07:05:45.000","123,424"
"400020585","2025-05-07 21:28:46.000","2026-04-02 07:05:49.000","114,617"
"400020597","2025-05-07 21:29:57.000","2026-04-02 07:05:27.000","118,105"
"400020608","2025-05-07 21:29:33.000","2026-04-02 07:03:54.000","108,259"
"400020612","2025-05-07 21:29:21.000","2026-04-02 07:05:51.000","118,185"
"400020616","2025-05-07 21:29:17.000","2026-04-02 07:05:57.000","103,679"
"400020619","2025-05-07 21:29:25.000","2026-04-02 07:05:24.000","122,985"
"400020621","2025-05-07 21:29:33.000","2026-04-02 07:05:26.000","118,525"
"400020624","2025-04-30 04:22:15.000","2026-04-02 07:05:33.000","109,183"
"400020626","2025-05-07 21:29:50.000","2026-04-02 07:04:14.000","118,105"
"400020629","2025-05-07 21:29:49.000","2026-04-02 07:03:47.000","118,873"
"400020633","1970-01-21 15:28:14.000","2026-04-02 07:05:01.000","72,239"
"400020637","2025-05-12 16:30:00.000","2026-04-02 06:55:00.000","43,286"
"400020638","2025-05-07 21:29:22.000","2026-04-02 07:05:56.000","116,210"
"400020641","2025-05-07 21:29:58.000","2026-04-02 07:05:56.000","125,832"
"400020644","2025-05-07 21:29:28.000","2026-04-02 07:05:57.000","117,773"
"400020645","2025-05-07 21:29:41.000","2026-04-02 07:06:04.000","124,057"
"400020650","2025-05-07 21:29:40.000","2026-04-02 07:05:39.000","116,868"
"400020653","2025-05-07 21:30:00.000","2026-04-02 07:05:23.000","117,444"
"400020656","2025-05-07 21:29:32.000","2026-04-02 07:05:32.000","113,081"
"400020659","2025-05-07 21:29:39.000","2026-04-02 07:04:48.000","120,753"
"400020660","2025-05-07 21:29:35.000","2026-04-02 07:06:02.000","117,649"
"400020661","2025-05-07 21:29:24.000","2026-04-02 07:06:04.000","122,365"
"400020662","2025-05-07 21:29:31.000","2026-04-02 07:05:53.000","119,880"
"400020663","1970-01-21 15:28:14.000","2026-04-02 07:03:36.000","102,842"
"400020665","2025-05-07 21:29:23.000","2026-04-02 07:06:00.000","121,060"
"400020670","2025-05-07 21:29:15.000","2026-04-02 07:05:34.000","118,571"
"400020671","2025-05-07 21:29:52.000","2026-04-02 07:06:04.000","119,265"
"400020672","2025-05-07 21:29:54.000","2026-04-02 07:05:25.000","121,680"
"400020678","2025-05-12 16:30:00.000","2026-04-02 06:50:00.000","43,012"
"400020679","2025-05-07 21:29:26.000","2026-04-02 07:05:57.000","121,157"
"400020680","2025-05-07 21:29:33.000","2026-04-02 07:05:28.000","117,619"
"400020683","2025-05-07 21:29:36.000","2026-04-02 07:05:39.000","118,697"
"400020689","2025-05-07 21:29:40.000","2026-02-27 19:25:38.000","109,857"
"400020691","1970-01-21 15:28:13.000","2026-01-21 05:27:48.000","61,734"
"400020692","2025-05-07 21:29:56.000","2026-04-02 07:05:56.000","113,370"
"400020693","2025-05-07 21:29:16.000","2026-04-02 07:05:43.000","117,755"
"400020694","2025-05-07 21:29:19.000","2026-04-02 07:05:55.000","118,153"
"400020695","2025-05-07 21:29:43.000","2026-04-02 07:05:23.000","116,832"
"400020698","2025-05-07 21:29:54.000","2026-04-02 07:05:17.000","118,091"
"400020699","2025-05-07 21:29:58.000","2026-04-02 07:03:39.000","118,469"
"400020704","2025-05-07 21:29:38.000","2026-04-02 07:06:04.000","120,871"
"400020706","2025-05-07 21:29:57.000","2026-04-02 07:05:00.000","117,738"
"400020707","2025-05-07 21:29:17.000","2026-04-02 07:04:30.000","119,634"
"400020708","2025-05-07 21:29:29.000","2026-04-02 07:05:25.000","115,859"
"400020709","2025-05-07 21:29:19.000","2026-04-02 07:05:42.000","118,210"
"400020712","2025-05-07 21:29:20.000","2026-04-02 07:05:57.000","121,816"
"400020713","2025-05-07 21:29:51.000","2026-04-02 07:05:46.000","117,918"
"400020716","2025-05-07 21:29:23.000","2026-04-02 07:05:22.000","96,679"
"400020717","2025-05-07 21:29:33.000","2026-04-02 07:05:52.000","125,408"
"400020722","2025-05-29 16:15:19.000","2026-04-02 06:56:11.000","31,913"
"400020723","2025-05-07 21:29:30.000","2026-04-02 07:04:21.000","118,701"
"400020724","1970-01-21 15:28:13.000","2026-04-02 07:04:41.000","82,932"
"400020725","2025-05-07 21:29:53.000","2026-04-02 07:05:46.000","117,204"
"400020726","2025-05-07 21:30:00.000","2026-04-02 07:04:08.000","118,456"
"400020727","2025-05-07 21:29:33.000","2026-04-02 07:05:29.000","119,395"
"400020731","2025-05-07 21:29:44.000","2026-04-02 07:05:40.000","119,275"
"400020732","2025-05-07 21:29:42.000","2026-04-02 07:05:40.000","85,595"
"400020738","2025-05-07 21:29:34.000","2026-04-02 07:05:54.000","116,551"
"400020756","2025-05-07 21:29:40.000","2026-04-02 07:05:45.000","120,801"
"400020760","2025-05-07 21:29:43.000","2026-04-02 07:05:37.000","120,918"
"400020761","2025-05-07 21:29:28.000","2026-04-02 07:05:54.000","116,965"
"400020764","2025-05-07 21:29:58.000","2026-04-02 07:05:30.000","117,908"
"400020765","2025-05-07 21:29:36.000","2026-04-02 07:05:33.000","120,187"
"400020767","2025-05-07 21:29:21.000","2026-04-02 07:05:58.000","117,719"
"400020769","2025-05-07 21:29:44.000","2026-04-02 07:05:37.000","118,847"
"400020771","2025-05-07 21:29:19.000","2026-04-02 07:03:28.000","117,771"
"400020784","2025-05-07 21:29:30.000","2026-04-02 07:05:59.000","122,915"
"400020786","2025-05-07 21:29:54.000","2026-04-02 07:05:34.000","118,675"
"400020788","2025-05-07 21:29:42.000","2026-04-02 07:05:35.000","118,294"
"400020793","2025-05-07 21:29:51.000","2026-04-02 07:05:51.000","119,750"
"400020794","2025-05-07 21:29:25.000","2026-04-02 07:05:46.000","100,657"
"400020796","2025-05-07 21:29:14.000","2026-04-02 07:05:56.000","117,003"
"400020801","2025-05-07 21:29:46.000","2026-04-02 07:05:06.000","119,975"
"400020807","2025-05-07 21:29:57.000","2026-04-02 07:05:36.000","118,519"
"400020827","2025-05-12 16:30:00.000","2026-04-02 07:00:00.000","42,559"
"400020831","2025-05-12 16:30:00.000","2026-04-02 07:00:00.000","42,693"
"400020836","2025-05-12 16:30:00.000","2026-04-02 07:00:00.000","42,976"
"400020848","2025-05-29 16:15:15.000","2026-04-02 04:16:26.000","8,124"
"400020850","2025-05-29 16:15:19.000","2026-04-02 06:59:24.000","32,130"
"400020861","2025-05-12 16:30:00.000","2026-04-02 06:45:00.000","31,583"
"400020864","2025-05-08 20:59:32.000","2026-04-02 07:05:31.000","112,092"
"400020866","2025-05-12 16:30:00.000","2026-04-02 07:05:00.000","43,066"
"400020870","2025-05-29 16:15:21.000","2026-04-02 06:52:49.000","30,978"
"400020872","2025-05-12 16:30:00.000","2026-04-02 06:45:00.000","33,593"
"400020874","2025-05-12 16:30:00.000","2026-04-02 07:00:00.000","43,102"
"400020877","2025-05-29 16:15:10.000","2026-04-02 06:53:07.000","30,824"
"400020878","2025-05-29 16:15:20.000","2026-04-02 06:53:32.000","31,404"
"400020880","2025-05-29 16:15:19.000","2026-04-02 04:00:51.000","7,765"
"400020881","2025-05-12 16:30:00.000","2026-04-02 07:05:00.000","43,120"
"400020891","2025-05-08 20:59:57.000","2026-04-02 07:05:43.000","119,989"
"400020896","1970-01-21 15:28:13.000","2026-04-02 07:06:41.000","82,033"
"400020898","1970-01-21 15:28:14.000","2026-04-02 07:05:01.000","82,300"
"400020906","1970-01-21 15:28:13.000","2026-04-02 07:05:00.000","79,195"
"400020916","2025-05-12 16:30:00.000","2026-04-02 07:00:00.000","43,089"
"400020920","2025-05-08 20:59:40.000","2026-04-02 07:04:20.000","119,024"
"400020924","1970-01-21 15:28:13.000","2026-04-02 07:05:00.000","79,203"
"400020926","2024-11-02 22:15:00.000","2025-06-06 04:30:01.000","62,041"
"400020957","1970-01-21 15:28:13.000","2026-04-02 07:05:02.000","79,458"
"400020984","2025-05-09 21:45:00.000","2026-04-02 07:00:00.000","43,110"
"400020986","2025-05-09 21:45:00.000","2026-04-02 07:00:00.000","43,354"
"400020995","2025-05-12 16:30:00.000","2026-04-02 07:00:00.000","43,116"
"400020998","1970-01-21 15:28:13.000","2025-11-11 23:05:49.000","38,908"
"400020999","2025-06-18 22:30:16.000","2026-04-02 06:53:15.000","28,852"
"400021000","1970-01-21 15:28:13.000","2026-04-02 07:06:55.000","79,320"
"400021002","2025-05-12 16:30:00.000","2026-04-02 07:00:00.000","43,001"
"400021010","2025-05-12 16:30:00.000","2026-04-02 07:00:00.000","43,067"
"400021041","2025-05-09 21:35:00.000","2026-04-02 07:05:33.000","117,136"
"400021045","2025-05-09 21:34:29.000","2026-04-02 07:05:22.000","118,002"
"400021048","2025-05-29 16:15:12.000","2026-04-02 06:54:10.000","31,828"
"400021052","2025-05-12 16:30:00.000","2026-04-02 07:00:00.000","42,959"
"400021054","2025-05-09 21:34:44.000","2026-04-02 07:05:49.000","118,530"
"400021056","2025-05-09 21:34:32.000","2026-04-02 07:05:32.000","118,236"
"400021057","2025-05-29 16:15:21.000","2026-04-02 06:55:32.000","31,852"
"400021058","2025-05-06 05:02:18.000","2026-04-02 07:05:37.000","101,408"
"400021059","2025-05-09 21:34:52.000","2026-04-02 07:05:54.000","118,133"
"400021061","2025-05-12 16:30:00.000","2026-04-02 06:50:00.000","43,026"
"400021064","2025-05-29 16:15:19.000","2026-04-02 04:07:12.000","18,299"
"400021068","2025-06-18 01:10:01.000","2026-04-02 07:05:01.000","41,665"
"400021070","2025-05-09 21:34:41.000","2026-04-02 07:05:50.000","117,504"
"400021071","2025-08-26 19:42:36.000","2026-04-02 07:05:01.000","62,671"
"400021072","2025-05-09 21:34:49.000","2026-04-02 07:05:02.000","118,422"
"400021074","2025-05-09 21:34:39.000","2026-04-02 07:05:27.000","106,168"
"400021075","2025-05-09 21:34:26.000","2026-04-02 07:05:57.000","116,954"
"400021080","2025-05-09 21:34:44.000","2026-04-02 07:05:20.000","119,383"
"400021081","2025-05-09 21:34:45.000","2026-04-02 07:05:23.000","116,965"
"400021082","2025-05-09 21:34:39.000","2026-04-02 07:05:21.000","118,113"
"400021083","1970-01-21 15:28:14.000","2026-02-26 02:15:00.000","67,212"
"400021085","2025-06-18 01:00:00.000","2025-08-10 20:45:00.000","15,394"
"400021139","2025-06-18 22:30:21.000","2026-04-02 04:46:59.000","5,884"
"400021159","2025-06-18 22:30:10.000","2026-04-02 06:51:45.000","29,923"
"400021167","2025-06-18 22:30:19.000","2026-04-02 06:56:48.000","29,668"
"400021178","2025-05-27 22:00:00.000","2026-04-02 07:00:00.000","41,385"
"400021179","2025-06-18 22:30:23.000","2026-04-02 06:55:35.000","29,480"
"400021183","2026-01-30 17:43:42.000","2026-04-02 07:05:00.000","17,635"
"400021191","2025-05-27 22:00:00.000","2026-04-02 07:05:00.000","41,673"
"400021193","2025-05-29 16:15:17.000","2026-04-02 04:31:41.000","9,041"
"400021196","2025-05-27 22:00:00.000","2026-04-02 07:05:00.000","41,604"
"400021219","2025-06-18 22:30:23.000","2026-04-02 04:28:38.000","6,259"
"400021225","2025-05-14 22:15:00.000","2026-04-02 07:00:00.000","40,792"
"400021227","2025-06-18 22:30:13.000","2026-04-02 06:51:59.000","28,767"
"400021231","2025-05-27 22:00:00.000","2026-04-02 07:00:00.000","41,327"
"400021237","2025-05-14 22:15:00.000","2026-04-02 07:00:00.000","41,756"
"400021243","2025-05-09 00:01:00.000","2026-04-02 07:07:10.000","94,343"
"400021270","2025-05-27 22:00:00.000","2026-04-02 07:00:00.000","41,609"
"400021271","2025-05-27 22:00:00.000","2026-04-02 07:00:00.000","41,656"
"400021275","2025-05-27 22:00:00.000","2026-04-02 07:00:00.000","41,628"
"400021281","2025-06-18 22:30:22.000","2026-04-02 06:57:47.000","30,035"
"400021282","2025-05-27 22:00:00.000","2026-04-02 07:05:00.000","41,939"
"400021285","2025-05-27 22:00:00.000","2026-04-02 07:05:00.000","41,528"
"400021288","2025-05-27 22:00:00.000","2026-04-02 07:00:00.000","40,513"
"400021296","2025-05-27 22:00:00.000","2026-04-02 07:00:00.000","41,655"
"400021297","2025-05-27 22:00:00.000","2026-04-02 07:00:00.000","41,539"
"400021298","2025-05-27 22:00:00.000","2026-04-02 07:05:00.000","41,556"
"400021301","2025-05-27 22:00:00.000","2026-04-02 07:05:00.000","41,713"
"400021304","2025-05-27 22:00:00.000","2026-04-02 07:05:00.000","41,566"
"400021324","2025-05-14 22:09:56.000","2026-04-02 07:05:59.000","113,135"
"400021326","2025-05-27 22:00:00.000","2026-04-02 07:00:00.000","41,522"
"400021331","2025-05-27 22:00:00.000","2026-04-02 07:05:00.000","41,647"
"400021343","2025-05-29 16:15:16.000","2026-04-02 06:53:32.000","30,774"
"400021352","1970-01-21 15:28:13.000","2026-04-02 07:05:00.000","79,929"
"400021353","2025-05-29 16:15:11.000","2026-04-02 06:56:27.000","32,002"
"400021360","1970-01-21 15:28:13.000","2026-04-02 07:05:00.000","83,233"
"400021368","2025-05-27 22:00:00.000","2026-04-02 07:00:00.000","41,574"
"400021375","2025-05-27 22:00:00.000","2026-04-02 07:00:00.000","41,588"
"400021379","2025-04-04 21:20:00.000","2026-04-02 07:05:01.000","103,541"
"400021380","2025-05-14 22:09:33.000","2026-04-02 07:05:54.000","119,220"
"400021394","2025-05-14 22:09:37.000","2026-04-02 07:05:56.000","117,551"
"400021398","2025-05-27 22:00:00.000","2026-04-02 07:00:00.000","41,630"
"400021399","2025-05-27 22:00:00.000","2026-04-02 06:45:00.000","35,236"
"400021405","2025-05-14 22:09:57.000","2026-04-02 07:05:26.000","113,358"
"400021407","2025-06-18 22:30:21.000","2026-04-02 06:56:08.000","29,864"
"400021408","2025-05-14 22:09:57.000","2026-04-02 07:05:48.000","115,754"
"400021411","2025-05-27 22:00:00.000","2026-04-02 07:00:00.000","41,544"
"400021413","1970-01-21 15:28:13.000","2026-04-02 07:05:00.000","76,777"
"400021415","2025-05-14 22:09:23.000","2026-04-02 07:05:45.000","84,967"
"400021422","2025-05-14 22:09:23.000","2026-04-02 07:05:24.000","113,949"
"400021423","2025-05-14 22:09:15.000","2026-04-02 07:05:48.000","113,917"
"400021429","2025-05-27 22:00:00.000","2026-04-02 07:00:00.000","41,252"
"400021431","2025-05-14 22:09:31.000","2026-04-02 07:05:48.000","120,272"
"400021432","2025-05-14 22:09:55.000","2026-04-02 07:05:54.000","118,976"
"400021437","2025-05-14 22:09:51.000","2026-04-02 07:05:28.000","108,984"
"400021438","2025-05-14 22:09:38.000","2026-04-02 07:05:46.000","108,926"
"400021441","2025-05-14 22:09:55.000","2026-04-02 07:05:59.000","114,072"
"400021443","2025-05-14 22:09:33.000","2026-04-02 07:05:34.000","116,308"
"400021444","2025-05-14 22:09:30.000","2026-04-02 07:05:20.000","111,889"
"400021445","2025-05-14 22:09:20.000","2026-04-02 07:05:40.000","110,575"
"400021447","2025-05-29 16:15:10.000","2026-04-02 06:23:56.000","9,133"
"400021450","2025-05-27 22:00:00.000","2026-04-02 07:05:00.000","41,678"
"400021452","2025-08-01 00:15:39.000","2026-04-02 06:51:45.000","25,789"
"400021453","2025-05-29 16:15:10.000","2026-04-02 05:37:45.000","31,049"
"400021456","2025-05-27 22:00:00.000","2026-04-02 07:00:00.000","41,532"
"400021459","2025-05-14 22:09:57.000","2026-04-02 07:04:17.000","118,006"
"400021465","2025-05-27 22:00:00.000","2026-04-02 07:00:00.000","41,530"
"400021467","2025-05-29 16:15:08.000","2026-04-02 06:56:45.000","31,121"
"400021468","2025-05-27 22:00:00.000","2026-04-02 07:05:00.000","41,325"
"400021471","2025-05-14 22:09:46.000","2026-04-02 07:05:46.000","116,315"
"400021472","2025-05-29 16:15:17.000","2026-04-02 06:55:17.000","31,204"
"400021475","2025-05-14 22:09:21.000","2026-04-02 06:50:00.000","123,013"
"400021476","2025-05-14 22:09:27.000","2026-04-02 07:05:25.000","113,044"
"400021481","2025-05-14 22:09:43.000","2026-04-02 07:05:54.000","118,095"
"400021485","2025-05-27 22:00:00.000","2026-04-02 07:00:00.000","41,289"
"400021486","2025-05-14 22:09:56.000","2026-04-02 07:05:43.000","114,014"
"400021488","2025-05-27 22:00:00.000","2026-04-02 07:05:00.000","41,516"
"400021489","1970-01-21 15:28:14.000","2026-04-02 07:05:00.000","77,989"
"400021490","2025-05-14 22:09:34.000","2026-04-02 07:05:33.000","112,140"
"400021499","1970-01-21 15:28:14.000","2026-04-02 07:05:00.000","79,274"
"400021500","2025-05-14 22:09:56.000","2026-04-02 07:05:33.000","105,199"
"400021502","2025-08-25 17:49:05.000","2025-11-02 10:58:18.000","19,726"
"400021508","2025-05-14 22:09:17.000","2026-04-02 07:05:52.000","113,554"
"400021511","2025-05-14 22:09:25.000","2026-04-02 07:05:32.000","113,676"
"400021513","2025-05-14 22:09:55.000","2026-04-02 07:05:52.000","104,628"
"400021516","1970-01-21 15:28:13.000","2026-04-02 07:05:00.000","79,571"
"400021522","2025-05-29 16:15:20.000","2026-04-02 06:58:23.000","31,879"
"400021528","2025-05-14 22:09:16.000","2026-04-02 07:05:24.000","113,646"
"400021529","1970-01-21 15:28:13.000","2026-04-02 07:05:01.000","79,916"
"400021547","2025-06-18 22:30:01.000","2026-03-27 10:42:22.000","20,897"
"400021554","2025-05-29 16:15:14.000","2026-04-02 04:07:10.000","24,381"
"400021556","2025-05-27 22:00:00.000","2026-04-02 07:00:00.000","41,444"
"400021566","2025-06-18 22:30:06.000","2026-04-02 06:57:02.000","29,239"
"400021571","2025-05-27 21:15:00.000","2026-04-02 07:00:00.000","41,543"
"400021574","2025-05-29 16:15:12.000","2026-04-02 06:57:08.000","31,758"
"400021575","2025-05-29 16:15:16.000","2025-10-19 04:25:04.000","12,950"
"400021576","2025-05-27 22:00:00.000","2026-04-02 07:05:00.000","41,588"
"400021586","2025-05-27 21:30:00.000","2026-04-02 07:00:00.000","41,536"
"400021587","2025-05-27 21:15:00.000","2026-04-02 07:05:00.000","41,612"
"400021590","2025-06-18 22:30:10.000","2026-04-02 06:57:39.000","29,955"
"400021592","2025-05-27 21:30:00.000","2026-04-02 07:00:00.000","41,596"
"400021594","2025-06-18 22:30:16.000","2026-04-02 06:57:48.000","28,953"
"400021596","2025-05-27 22:00:00.000","2026-04-02 07:00:00.000","41,464"
"400021598","2025-05-27 22:00:00.000","2026-04-02 07:00:00.000","38,846"
"400021599","2025-06-18 22:45:06.000","2026-04-02 04:14:20.000","6,295"
"400021605","2025-05-29 16:15:16.000","2026-04-02 06:54:28.000","31,716"
"400021607","2025-06-18 22:30:09.000","2026-04-02 06:51:45.000","29,529"
"400021610","2025-05-27 22:00:00.000","2026-04-02 07:05:00.000","41,699"
"400021611","2025-05-29 16:15:19.000","2026-04-02 04:06:07.000","8,103"
"400021614","2025-05-27 22:00:00.000","2026-04-02 07:00:00.000","40,858"
"400021616","2025-05-27 22:00:00.000","2026-04-02 07:00:00.000","41,538"
"400021621","2025-05-27 22:00:00.000","2026-04-02 07:00:00.000","40,927"
"400021622","2025-05-27 22:00:00.000","2026-04-02 07:05:00.000","41,630"
"400021626","2025-05-29 16:15:11.000","2026-04-02 06:51:03.000","30,440"
"400021627","2025-05-29 16:15:18.000","2026-04-02 06:54:56.000","31,732"
"400021633","2025-06-18 22:30:16.000","2026-04-02 06:54:47.000","28,793"
"400021638","2025-05-27 22:00:00.000","2026-04-02 07:05:00.000","41,629"
"400021639","2025-05-15 21:29:49.000","2026-04-02 07:05:34.000","102,860"
"400021640","2025-05-29 16:15:13.000","2026-04-02 04:01:27.000","8,037"
"400021642","2025-05-29 16:15:17.000","2026-04-02 06:54:18.000","22,677"
"400021643","2025-05-15 21:29:54.000","2026-04-02 07:05:36.000","101,144"
"400021645","2025-05-27 22:00:00.000","2026-04-02 07:05:00.000","41,718"
"400021646","2025-05-29 16:15:14.000","2026-04-02 06:52:33.000","31,892"
"400021648","2025-05-27 22:00:00.000","2026-04-02 07:00:00.000","41,594"
"400021652","2025-05-27 21:30:00.000","2026-04-02 07:05:00.000","41,558"
"400021655","2025-05-27 22:00:00.000","2026-04-02 07:05:00.000","41,511"
"400021658","1970-01-21 15:28:14.000","2026-04-02 07:03:59.000","79,838"
"400021660","2025-05-27 22:00:00.000","2026-04-02 07:00:00.000","41,563"
"400021662","2025-05-29 16:15:09.000","2026-04-02 04:11:46.000","8,095"
"400021666","2025-05-27 22:00:00.000","2026-04-02 07:05:00.000","41,664"
"400021669","2025-05-29 16:15:17.000","2026-04-02 04:02:32.000","8,263"
"400021670","2025-05-29 16:15:19.000","2026-04-02 06:55:19.000","31,676"
"400021671","2025-05-27 22:00:00.000","2026-04-02 07:00:00.000","41,535"
"400021673","2025-05-27 21:30:00.000","2026-04-02 07:00:00.000","41,544"
"400021675","2025-05-27 22:00:00.000","2026-04-02 07:05:00.000","41,573"
"400021677","2025-05-15 21:29:46.000","2026-04-02 07:05:40.000","104,437"
"400021681","1970-01-21 15:28:14.000","2026-04-02 07:05:01.000","82,671"
"400021682","2025-05-27 22:00:00.000","2026-04-02 07:00:00.000","41,593"
"400021685","2025-05-29 16:15:15.000","2026-04-02 06:57:25.000","32,471"
"400021689","2025-05-27 22:00:00.000","2026-04-02 07:00:00.000","41,595"
"400021693","2025-05-29 16:15:12.000","2026-04-02 06:54:22.000","21,952"
"400021701","2025-05-29 16:15:21.000","2026-04-02 06:57:50.000","32,435"
"400021702","2025-05-29 16:15:19.000","2026-04-02 06:57:10.000","31,033"
"400021705","1970-01-21 15:28:14.000","2025-12-16 04:35:00.000","48,479"
"400021708","2025-05-15 21:29:31.000","2026-04-02 07:05:20.000","100,530"
"400021711","2025-05-29 16:15:11.000","2026-04-02 04:03:58.000","8,167"
"400021721","2025-06-18 22:30:02.000","2026-04-02 06:56:23.000","29,408"
"400021725","2025-05-27 22:00:00.000","2026-04-02 07:05:00.000","41,650"
"400021727","2025-05-27 21:30:00.000","2026-04-02 07:05:00.000","41,577"
"400021728","2025-06-18 22:45:12.000","2026-04-02 06:56:46.000","27,517"
"400021733","2025-05-27 22:00:00.000","2026-04-02 06:50:00.000","41,851"
"400021736","1970-01-21 15:28:13.000","2026-04-02 07:05:00.000","82,829"
"400021737","2025-05-29 16:15:18.000","2026-04-02 06:56:56.000","31,508"
"400021738","2025-05-29 16:15:20.000","2026-04-02 06:53:20.000","31,460"
"400021744","2025-05-27 22:00:00.000","2026-04-02 07:05:00.000","41,682"
"400021745","2025-05-27 22:00:00.000","2026-04-02 06:45:00.000","30,520"
"400021746","2025-05-27 22:00:00.000","2026-04-02 07:00:00.000","41,591"
"400021747","2025-05-27 22:00:00.000","2026-04-02 07:00:00.000","41,619"
"400021753","2025-05-29 16:15:11.000","2026-04-02 06:58:17.000","30,386"
"400021758","2025-05-27 22:00:00.000","2026-04-02 07:05:00.000","41,662"
"400021761","2025-05-29 16:15:13.000","2026-04-02 06:53:53.000","31,139"
"400021762","2025-08-01 00:15:13.000","2026-04-02 06:38:17.000","5,721"
"400021763","2025-05-29 16:15:21.000","2026-04-02 06:54:55.000","31,641"
"400021767","2025-03-06 22:05:00.000","2026-04-02 07:05:00.000","97,306"
"400021768","2025-05-27 22:00:00.000","2026-04-02 07:00:00.000","41,709"
"400021771","2025-05-27 22:00:00.000","2026-04-02 07:05:00.000","41,670"
"400021773","2025-05-29 16:15:21.000","2026-04-02 06:50:55.000","31,451"
"400021775","1970-01-21 15:28:13.000","2026-04-02 07:04:53.000","63,811"
"400021782","2025-05-15 21:29:54.000","2026-04-02 07:05:52.000","114,503"
"400021784","2025-05-27 22:00:00.000","2026-04-02 06:55:00.000","39,487"
"400021787","2025-05-29 16:15:16.000","2026-04-02 06:50:14.000","31,470"
"400021791","2025-05-27 22:00:00.000","2026-04-02 07:00:00.000","41,584"
"400021794","2025-05-27 22:00:00.000","2026-04-02 07:00:00.000","41,368"
"400021795","2025-05-27 22:00:00.000","2026-04-02 07:05:00.000","41,601"
"400021799","2025-05-15 21:29:25.000","2026-02-28 00:55:26.000","83,210"
"400021800","2025-05-27 22:00:00.000","2026-04-02 06:45:00.000","30,872"
"400021801","2025-05-29 16:15:17.000","2026-04-02 06:58:22.000","32,660"
"400021803","2025-05-27 22:00:00.000","2026-04-02 07:00:00.000","41,574"
"400021811","2025-05-29 16:15:13.000","2026-04-02 06:51:11.000","31,875"
"400021814","2025-05-29 16:15:15.000","2026-04-02 06:57:48.000","31,634"
"400021815","2025-05-27 22:00:00.000","2026-04-02 07:00:00.000","41,515"
"400021817","2025-05-29 16:15:10.000","2026-04-02 06:57:32.000","31,673"
"400021822","2025-05-29 16:15:19.000","2026-04-02 04:50:37.000","8,197"
"400021824","2025-05-29 16:15:01.000","2026-04-02 06:54:40.000","31,837"
"400021831","2025-08-11 21:35:41.000","2026-04-02 06:45:56.000","65,661"
"400021832","2025-05-27 22:00:00.000","2026-04-02 07:00:00.000","41,947"
"400021834","2025-05-29 16:15:15.000","2026-04-02 05:03:52.000","8,247"
"400021835","2025-05-27 22:00:00.000","2026-04-02 07:00:00.000","41,707"
"400021836","2025-05-15 21:29:52.000","2026-04-02 07:05:45.000","114,973"
"400021837","2025-05-27 22:00:00.000","2026-04-02 07:00:00.000","41,559"
"400021838","2025-05-27 22:00:00.000","2026-04-02 07:00:00.000","41,690"
"400021842","2025-05-27 22:00:00.000","2026-04-02 06:50:00.000","41,892"
"400021847","2025-05-27 22:00:00.000","2026-04-02 07:05:00.000","41,650"
"400021849","2025-05-27 22:00:00.000","2026-04-02 06:50:00.000","35,602"
"400021851","2025-05-27 22:00:00.000","2026-04-02 06:55:00.000","41,333"
"400021852","2025-05-15 21:29:40.000","2026-04-02 07:05:33.000","110,665"
"400021853","2025-05-27 22:00:00.000","2026-04-02 07:05:00.000","41,752"
"400021855","2025-05-27 21:30:00.000","2026-04-02 07:05:00.000","41,720"
"400021859","2025-05-27 22:00:00.000","2026-04-02 07:05:00.000","41,678"
"400021860","2025-05-15 21:29:36.000","2026-04-02 07:05:23.000","112,938"
"400021861","2025-05-15 21:29:18.000","2026-04-02 07:06:02.000","108,838"
"400021862","2025-05-27 22:00:00.000","2026-04-02 07:05:00.000","41,571"
"400021868","2025-05-15 21:29:15.000","2026-04-02 07:05:30.000","113,471"
"400021872","2025-06-18 22:30:04.000","2026-04-02 06:57:22.000","30,039"
"400021874","2025-05-15 21:29:35.000","2026-04-02 07:05:44.000","113,506"
"400021876","2025-05-29 16:15:15.000","2026-04-02 06:50:44.000","32,358"
"400021878","2025-05-27 22:00:00.000","2026-04-02 07:05:00.000","41,607"
"400021895","1970-01-21 15:28:13.000","2026-04-02 07:03:15.000","79,128"
"400021900","2025-06-18 22:30:17.000","2026-01-10 11:27:41.000","2,061"
"400021903","2025-05-29 16:15:02.000","2026-04-02 06:50:55.000","31,862"
"400021905","2025-05-15 21:29:24.000","2026-04-02 07:05:53.000","117,334"
"400021908","2025-05-27 22:00:00.000","2026-04-02 07:05:00.000","41,596"
"400021910","2025-05-27 22:00:00.000","2026-04-02 06:45:00.000","30,551"
"400021911","2025-05-15 21:29:49.000","2026-04-02 07:05:57.000","116,238"
"400021912","2025-05-15 21:29:59.000","2026-04-02 07:05:57.000","113,333"
"400021914","2025-05-15 21:29:55.000","2026-04-02 07:05:33.000","105,098"
"400021916","2025-05-29 16:15:18.000","2026-04-02 04:45:41.000","11,987"
"400021918","2025-05-15 21:29:19.000","2026-04-02 07:05:42.000","104,431"
"400021928","2025-05-15 21:29:16.000","2026-04-02 07:05:23.000","103,674"
"400021932","2025-05-15 21:29:31.000","2026-04-02 07:05:31.000","108,771"
"400021934","2025-05-15 21:29:33.000","2026-04-02 07:05:48.000","113,786"
"400021943","2025-05-15 21:29:39.000","2026-04-02 07:05:59.000","114,495"
"400021949","2025-05-15 21:29:42.000","2026-04-02 07:05:39.000","119,967"
"400021953","2025-05-15 21:29:28.000","2026-04-02 07:05:18.000","96,786"
"400021956","2025-05-15 21:29:54.000","2026-04-02 07:05:42.000","114,725"
"400021958","2026-03-30 09:05:00.000","2026-04-02 07:00:00.000","837"
"400021959","2025-05-15 21:29:22.000","2026-04-02 07:05:32.000","115,321"
"400021964","2025-05-15 21:29:29.000","2026-04-02 07:05:39.000","114,142"
"400021968","2025-05-27 22:00:00.000","2026-04-02 07:00:00.000","41,574"
"400021974","1970-01-21 15:28:14.000","2026-04-02 07:05:01.000","78,706"
"400021976","2025-03-19 21:55:00.000","2026-04-02 07:05:00.000","108,396"
"400022008","2025-05-16 21:00:00.000","2026-04-02 07:05:00.000","41,549"
"400022013","2025-05-27 22:00:00.000","2026-04-02 07:05:00.000","41,680"
"400022015","2025-05-16 21:15:00.000","2026-04-02 07:05:00.000","41,913"
"400022022","2025-05-16 21:30:00.000","2026-04-02 07:00:00.000","41,437"
"400022024","2025-05-16 21:15:00.000","2026-04-02 07:00:00.000","41,578"
"400022025","2025-05-16 21:30:00.000","2026-04-02 07:00:00.000","41,551"
"400022028","2025-05-16 21:30:00.000","2026-04-02 07:00:00.000","41,475"
"400022029","2025-05-16 21:30:00.000","2026-04-02 07:00:00.000","41,723"
"400022034","2025-05-16 21:30:00.000","2026-04-02 07:00:00.000","40,669"
"400022036","2025-05-16 21:30:00.000","2026-04-02 07:00:00.000","41,398"
"400022046","2025-05-27 22:00:00.000","2026-04-02 07:00:00.000","41,661"
"400022047","2025-05-27 22:00:00.000","2026-04-02 07:00:00.000","41,707"
"400022051","2025-05-27 22:00:00.000","2026-04-02 07:05:00.000","41,717"
"400022056","2025-05-27 22:00:00.000","2026-04-02 07:05:00.000","41,715"
"400022060","2025-05-27 22:00:00.000","2026-04-02 07:05:00.000","41,663"
"400022071","1970-01-21 15:28:13.000","2026-04-02 07:05:00.000","79,306"
"400022087","1970-01-21 15:28:14.000","2026-04-02 07:05:01.000","79,198"
"400022111","2025-05-21 22:00:00.000","2026-04-02 07:00:00.000","41,767"
"400022116","2025-05-21 22:00:00.000","2026-04-02 07:05:00.000","41,682"
"400022119","2025-05-21 22:00:00.000","2026-04-02 07:00:00.000","41,647"
"400022131","2025-06-18 22:30:22.000","2026-04-02 06:58:34.000","29,865"
"400022150","1970-01-21 15:28:13.000","2026-04-02 07:02:37.000","80,013"
"400022151","1970-01-21 15:28:14.000","2026-01-11 21:30:00.000","53,543"
"400022164","2025-06-18 22:30:09.000","2026-04-02 03:58:06.000","6,131"
"400022169","2025-06-18 22:30:14.000","2026-04-02 06:55:32.000","30,080"
"400022172","2025-06-19 04:15:15.000","2026-04-02 04:00:16.000","6,013"
"400022176","2025-06-18 22:30:10.000","2026-04-02 06:53:05.000","29,914"
"400022180","2025-05-21 22:45:00.000","2026-04-02 07:05:00.000","41,422"
"400022188","2025-05-27 22:00:00.000","2026-04-02 06:50:00.000","41,651"
"400022189","2025-05-27 22:00:00.000","2026-04-02 07:00:00.000","41,564"
"400022199","2025-05-27 22:00:00.000","2026-04-02 07:00:00.000","41,410"
"400022206","2025-05-21 22:04:58.000","2026-04-02 07:05:31.000","108,917"
"400022209","2025-06-18 22:30:18.000","2026-04-02 06:55:26.000","29,123"
"400022213","2025-06-18 22:30:17.000","2026-04-02 06:54:54.000","30,348"
"400022225","1970-01-21 15:28:13.000","2026-04-02 07:05:01.000","68,293"
"400022227","2025-06-18 22:30:19.000","2026-04-02 06:57:05.000","27,596"
"400022229","2025-05-27 22:00:00.000","2026-04-02 07:05:00.000","41,609"
"400022245","1970-01-21 15:28:13.000","2026-04-02 07:05:00.000","76,361"
"400022249","2025-05-27 22:00:00.000","2026-04-02 07:00:00.000","41,541"
"400022258","2025-05-29 16:15:16.000","2026-04-02 06:54:45.000","32,094"
"400022260","2025-05-21 22:15:00.000","2026-04-02 06:45:00.000","41,698"
"400022261","2025-05-27 22:00:00.000","2026-04-02 07:00:00.000","39,765"
"400022263","2025-06-18 22:30:24.000","2026-04-02 04:47:28.000","5,957"
"400022266","2025-06-18 22:30:01.000","2026-04-02 04:00:08.000","6,025"
"400022268","2025-06-18 22:30:08.000","2026-04-02 04:21:26.000","6,712"
"400022269","2025-05-27 22:00:00.000","2026-04-02 07:00:00.000","40,527"
"400022270","2025-05-29 16:15:09.000","2026-04-02 04:25:30.000","8,015"
"400022273","2025-05-27 22:00:00.000","2026-04-02 07:05:00.000","41,432"
"400022275","2025-06-18 22:30:11.000","2026-04-02 06:54:37.000","30,119"
"400022285","2025-06-18 22:30:18.000","2026-04-02 06:56:03.000","28,061"
"400022286","2025-06-18 22:30:21.000","2026-04-02 06:52:26.000","28,329"
"400022293","2025-05-27 22:00:00.000","2026-04-02 07:05:00.000","41,592"
"400022301","2025-05-27 22:00:00.000","2026-04-02 07:00:00.000","41,429"
"400022303","2025-05-29 16:15:16.000","2026-04-02 04:43:13.000","16,437"
"400022304","2025-05-27 22:00:00.000","2026-04-02 06:45:00.000","30,521"
"400022305","2025-08-25 16:55:01.000","2026-04-02 07:05:00.000","47,657"
"400022306","2025-05-27 22:00:00.000","2026-04-02 07:00:00.000","41,583"
"400022308","1970-01-21 15:28:13.000","2026-04-02 07:05:00.000","80,125"
"400022309","2025-05-27 22:00:00.000","2026-04-02 06:30:00.000","29,432"
"400022310","2025-05-27 22:00:00.000","2026-04-02 07:05:00.000","41,616"
"400022311","1970-01-21 15:28:13.000","2026-04-02 07:05:00.000","80,036"
"400022312","2025-05-29 16:15:14.000","2026-04-02 06:51:13.000","31,959"
"400022313","2025-05-29 16:15:20.000","2026-04-02 06:52:46.000","27,341"
"400022318","2025-05-27 22:00:00.000","2026-04-02 07:00:00.000","41,672"
"400022319","1970-01-21 15:28:14.000","2026-04-02 07:05:01.000","78,739"
"400022320","2025-05-27 22:15:00.000","2026-04-02 07:05:00.000","41,644"
"400022324","2025-05-27 22:00:00.000","2026-04-02 07:00:00.000","41,722"
"400022326","2025-05-27 22:00:00.000","2026-04-02 06:45:00.000","40,718"
"400022327","2025-05-27 22:00:00.000","2026-04-02 06:45:00.000","39,322"
"400022330","2025-05-27 22:00:00.000","2026-04-02 07:05:00.000","41,705"
"400022331","2025-06-18 22:30:24.000","2026-04-02 06:55:42.000","28,865"
"400022332","2025-05-27 22:00:00.000","2026-04-02 07:05:00.000","41,654"
"400022339","2025-05-27 22:00:00.000","2026-04-02 07:05:00.000","41,671"
"400022349","2025-05-29 16:15:14.000","2026-04-02 06:52:45.000","32,281"
"400022350","2025-06-18 22:30:17.000","2026-04-02 06:55:16.000","30,552"
"400022351","2025-05-27 22:00:00.000","2026-04-02 07:05:00.000","41,573"
"400022370","2025-05-27 22:00:00.000","2026-04-02 07:00:00.000","41,653"
"400022374","2025-05-27 22:00:00.000","2026-04-02 07:00:00.000","41,664"
"400022375","2025-05-27 22:00:00.000","2026-04-02 07:00:00.000","41,593"
"400022385","2025-05-27 22:00:00.000","2026-04-02 06:45:00.000","30,631"
"400022387","2025-05-27 22:00:00.000","2026-04-02 07:05:00.000","41,694"
"400022394","2025-05-27 22:00:00.000","2026-04-02 07:05:00.000","41,609"
"400022399","2025-05-29 16:15:09.000","2026-04-02 06:53:30.000","31,720"
"400022401","1970-01-21 15:28:14.000","2026-04-02 07:05:01.000","78,991"
"400022403","1970-01-21 15:28:13.000","2026-03-30 14:57:51.000","75,004"
"400022430","2025-05-21 22:04:36.000","2026-04-02 07:05:32.000","109,981"
"400022440","1970-01-21 15:28:14.000","2026-04-02 07:05:01.000","77,002"
"400022441","1970-01-21 15:28:14.000","2026-04-02 07:05:01.000","79,237"
"400022444","1970-01-21 15:28:14.000","2026-04-02 06:32:37.000","86,304"
"400022445","2025-05-29 16:15:19.000","2026-04-02 06:56:40.000","31,635"
"400022447","2025-05-27 22:00:00.000","2026-04-02 06:45:00.000","30,481"
"400022468","2025-05-27 22:00:00.000","2026-04-02 07:05:00.000","41,716"
"400022469","2025-08-12 18:49:53.000","2026-04-02 07:03:41.000","66,555"
"400022487","2025-05-27 22:00:00.000","2026-04-02 07:05:00.000","41,517"
"400022496","2025-05-27 22:00:00.000","2026-04-02 07:00:00.000","41,486"
"400022502","2025-05-27 22:00:00.000","2026-04-02 07:00:00.000","41,618"
"400022512","2025-05-27 22:00:00.000","2026-04-02 06:45:00.000","30,353"
"400022526","2025-05-27 22:00:00.000","2026-04-02 06:55:00.000","41,537"
"400022533","2025-05-27 22:00:00.000","2026-04-02 07:00:00.000","40,634"
"400022538","2025-05-27 22:00:00.000","2026-04-02 07:00:00.000","41,578"
"400022543","2025-05-21 22:04:31.000","2026-04-02 07:05:55.000","112,080"
"400022547","2025-05-21 22:04:36.000","2026-04-02 07:05:22.000","113,888"
"400022551","2025-06-18 22:30:05.000","2026-04-02 06:56:36.000","29,940"
"400022560","2025-05-27 22:00:00.000","2026-04-02 07:00:00.000","41,544"
"400022564","1970-01-21 15:28:14.000","2026-03-22 06:15:01.000","72,601"
"400022569","2025-05-27 22:00:00.000","2026-04-02 06:50:00.000","41,489"
"400022576","1970-01-21 15:28:13.000","2026-04-02 07:05:00.000","64,876"
"400022580","1970-01-21 15:28:14.000","2026-04-02 07:05:00.000","79,190"
"400022583","1970-01-21 15:28:13.000","2026-04-02 07:03:35.000","86,079"
"400022584","2025-08-25 16:50:00.000","2026-04-02 07:05:00.000","60,906"
"400022589","1970-01-21 15:28:13.000","2026-04-02 07:05:00.000","80,354"
"400022595","2025-08-11 21:35:18.000","2026-04-02 06:45:34.000","60,484"
"400022597","2025-08-11 21:35:54.000","2026-04-02 06:45:56.000","61,850"
"400022603","2025-05-27 22:00:00.000","2026-04-02 07:00:00.000","41,309"
"400022604","2025-05-21 22:05:00.000","2026-04-02 07:05:52.000","101,206"
"400022606","2025-05-21 22:04:59.000","2026-04-02 07:05:43.000","110,051"
"400022635","1970-01-21 15:28:14.000","2026-04-02 07:05:00.000","57,272"
"400022636","1970-01-21 15:28:13.000","2026-04-02 07:05:01.000","73,763"
"400022637","1970-01-21 15:28:14.000","2026-04-02 07:05:01.000","69,132"
"400022638","1970-01-21 15:28:14.000","2026-03-12 22:53:40.000","72,711"
"400022639","1970-01-21 15:28:14.000","2026-02-24 03:10:01.000","70,425"
"400022640","1970-01-21 15:28:14.000","2026-04-02 07:05:02.000","69,204"
"400022641","1970-01-21 15:28:13.000","2026-04-02 07:05:00.000","79,059"
"400022642","1970-01-21 15:28:14.000","2026-04-02 07:05:01.000","77,677"
"400022643","1970-01-21 15:28:13.000","2026-04-02 07:05:01.000","76,705"
"400022644","1970-01-21 15:28:14.000","2026-04-02 07:05:00.000","81,308"
"400022646","2025-09-09 17:34:19.000","2026-03-12 23:04:23.000","8,518"
"400022649","1970-01-21 15:28:13.000","2026-02-24 03:10:00.000","68,240"
"400022651","1970-01-21 15:28:14.000","2026-04-02 07:07:01.000","57,986"
"400022655","2025-04-17 20:45:00.000","2026-04-02 07:05:00.000","100,434"
"400022658","2025-05-14 16:40:00.000","2026-02-24 03:10:00.000","82,261"
"400022664","2025-06-18 22:30:10.000","2026-03-06 20:37:03.000","26,030"
"400022669","2025-09-02 21:35:00.000","2026-04-02 07:05:01.000","60,432"
"400022672","2025-06-18 22:30:21.000","2026-04-02 06:55:43.000","30,017"
"400022684","2025-05-22 20:19:14.000","2026-04-02 07:05:49.000","102,659"
"400022685","2025-06-18 22:30:23.000","2026-04-02 06:54:43.000","25,969"
"400022689","2025-05-22 20:19:28.000","2026-04-02 06:55:19.000","114,917"
"400022690","2025-05-27 22:00:00.000","2026-04-02 07:00:00.000","41,649"
"400022691","1970-01-21 14:28:13.000","2026-03-07 05:45:00.000","35,475"
"400022695","2025-05-27 22:00:00.000","2026-04-02 07:00:00.000","41,673"
"400022698","2025-05-22 20:19:20.000","2026-04-02 07:05:32.000","104,999"
"400022699","2025-06-18 22:30:06.000","2026-04-02 06:56:05.000","29,733"
"400022704","2025-06-18 22:45:20.000","2026-04-02 04:22:32.000","6,250"
"400022708","2025-05-22 20:19:38.000","2026-04-02 07:05:32.000","106,828"
"400022713","2025-05-27 22:00:00.000","2026-04-02 06:55:00.000","41,580"
"400022721","2025-05-27 22:00:00.000","2026-04-02 07:00:00.000","41,607"
"400022723","2025-06-18 22:30:05.000","2026-04-02 06:57:12.000","29,448"
"400022724","2025-05-27 22:00:00.000","2026-04-02 07:00:00.000","41,624"
"400022725","2025-05-27 22:00:00.000","2026-04-02 07:05:00.000","41,604"
"400022726","2025-05-27 22:00:00.000","2026-04-02 07:00:00.000","41,812"
"400022729","2025-05-22 20:19:33.000","2026-04-02 07:05:48.000","110,659"
"400022732","2025-05-22 20:19:55.000","2026-04-02 07:05:38.000","112,377"
"400022742","2025-05-27 22:00:00.000","2026-04-02 07:00:00.000","41,574"
"400022745","2025-05-27 22:00:00.000","2026-04-02 07:05:00.000","41,354"
"400022746","2025-05-27 22:00:00.000","2026-04-02 07:00:00.000","41,653"
"400022758","2025-05-27 22:00:00.000","2026-04-02 06:45:00.000","30,149"
"400022763","2025-05-27 22:00:00.000","2026-04-02 07:05:00.000","41,540"
"400022771","2025-05-22 20:19:15.000","2026-04-02 07:05:41.000","103,746"
"400022773","2025-05-27 22:00:00.000","2026-04-02 07:05:00.000","41,566"
"400022780","2025-05-27 22:00:00.000","2026-04-02 07:00:00.000","41,613"
"400022792","2025-08-25 16:50:57.000","2026-02-09 20:10:56.000","26,634"
"400022793","2025-05-22 20:19:31.000","2026-04-02 07:05:31.000","110,145"
"400022801","2025-06-18 22:30:22.000","2026-04-02 06:56:18.000","29,368"
"400022806","2025-05-22 20:19:56.000","2026-04-02 07:05:32.000","103,200"
"400022809","2025-05-22 20:19:55.000","2026-04-02 07:05:39.000","111,982"
"400022825","2025-05-22 20:19:28.000","2026-04-02 07:05:24.000","110,716"
"400022826","2025-05-22 20:19:30.000","2026-04-02 07:05:43.000","118,249"
"400022834","2025-05-22 20:19:43.000","2026-04-02 07:05:44.000","109,551"
"400022836","2025-05-22 20:19:54.000","2026-04-02 07:05:35.000","113,691"
"400022842","2025-05-22 20:19:15.000","2026-04-02 07:05:16.000","116,789"
"400022843","2025-05-22 20:19:20.000","2026-04-02 07:05:40.000","109,647"
"400022845","2025-05-22 20:19:36.000","2026-04-02 07:05:50.000","107,654"
"400022853","2025-05-22 20:19:33.000","2026-04-02 07:05:00.000","107,818"
"400022860","2025-05-22 20:20:00.000","2026-04-02 07:05:55.000","116,849"
"400022864","2025-05-22 20:19:14.000","2026-04-02 07:04:24.000","105,035"
"400022867","1970-01-21 15:28:13.000","2026-04-02 07:05:00.000","80,119"
"400022868","2025-05-22 20:19:58.000","2026-04-02 07:05:57.000","110,167"
"400022876","2025-05-22 20:19:48.000","2026-04-02 07:05:53.000","110,556"
"400022878","2025-05-22 20:19:24.000","2026-04-02 07:05:50.000","104,226"
"400022884","2025-05-22 20:19:57.000","2026-04-02 07:05:56.000","109,537"
"400022886","2025-05-22 20:19:45.000","2026-04-02 07:05:57.000","112,425"
"400022887","2025-05-22 20:19:24.000","2026-04-02 07:05:36.000","111,188"
"400022908","1970-01-21 15:28:14.000","2026-04-02 07:05:00.000","70,481"
"400022918","2025-07-10 22:45:04.000","2026-04-02 04:17:28.000","8,653"
"400022924","2025-05-23 19:45:00.000","2026-04-02 07:00:00.000","41,696"
"400022927","2025-05-23 19:40:00.000","2026-04-02 07:05:40.000","110,244"
"400022930","2025-05-23 19:39:49.000","2026-04-02 07:05:49.000","100,613"
"400022931","2025-05-23 20:00:00.000","2026-04-02 07:05:00.000","41,484"
"400022933","2025-05-23 20:00:00.000","2026-04-02 07:05:00.000","41,657"
"400022948","2025-05-27 22:00:00.000","2026-04-02 07:00:00.000","41,513"
"400022954","2025-05-27 22:00:00.000","2026-04-02 07:00:00.000","41,563"
"400022959","2025-05-27 22:00:00.000","2026-04-02 07:00:00.000","41,295"
"400022962","2025-05-27 22:00:00.000","2026-04-02 07:05:00.000","41,621"
"400022966","2025-05-27 22:00:00.000","2026-04-02 06:50:00.000","41,590"
"400022967","2025-06-29 13:25:01.000","2025-07-06 17:25:01.000","2,060"
"400022970","2025-05-27 22:00:00.000","2026-04-02 06:30:00.000","30,330"
"400022972","2025-06-18 22:30:05.000","2026-04-02 04:05:42.000","23,391"
"400022973","2025-06-18 22:30:22.000","2026-03-31 23:31:01.000","12,628"
"400022975","1970-01-21 15:28:14.000","2026-04-02 07:05:01.000","73,356"
"400022978","2025-05-27 22:00:00.000","2026-04-02 07:00:00.000","41,698"
"400022979","2025-05-23 20:00:00.000","2026-04-02 07:00:00.000","41,540"
"400022980","2026-03-27 05:10:01.000","2026-04-02 07:05:00.000","1,771"
"400022991","2025-06-18 22:30:04.000","2026-04-02 06:58:45.000","30,006"
"400022997","2025-05-27 22:00:00.000","2026-04-02 06:50:00.000","41,376"
"400023000","2025-05-27 22:00:00.000","2026-04-02 07:05:00.000","41,645"
"400023004","2025-05-27 22:00:00.000","2026-04-02 07:05:00.000","41,575"
"400023007","1970-01-21 15:28:13.000","2026-04-02 07:03:13.000","33,915"
"400023024","2025-11-17 18:25:58.000","2026-04-02 07:05:01.000","38,997"
"400023026","1970-01-21 15:28:13.000","2026-04-02 02:05:00.000","67,868"
"400023028","2025-05-27 22:00:00.000","2026-04-02 06:45:00.000","30,498"
"400023032","2025-05-23 19:39:55.000","2026-04-02 07:05:44.000","110,583"
"400023037","2025-05-23 19:39:33.000","2026-04-02 07:05:22.000","104,131"
"400023043","2025-05-27 22:00:00.000","2026-04-02 07:00:00.000","41,659"
"400023048","2025-06-18 22:30:17.000","2026-04-02 06:56:08.000","29,633"
"400023050","2025-05-27 22:00:00.000","2026-04-02 07:00:00.000","40,888"
"400023052","2025-05-27 22:00:00.000","2026-04-02 06:45:00.000","30,277"
"400023054","2025-06-18 22:30:08.000","2026-04-02 04:46:27.000","11,850"
"400023059","2025-05-27 22:00:00.000","2026-04-02 07:00:00.000","41,650"
"400023061","2025-05-23 19:39:33.000","2026-04-02 07:05:21.000","101,931"
"400023065","2025-05-27 22:00:00.000","2026-04-02 07:05:00.000","41,600"
"400023066","2025-05-27 22:00:00.000","2026-04-02 06:50:00.000","41,592"
"400023070","2025-05-16 22:07:26.000","2026-04-02 07:05:53.000","104,960"
"400023084","1970-01-21 15:28:14.000","2026-04-02 07:05:01.000","79,396"
"400023085","2025-05-29 16:15:00.000","2026-04-02 07:00:00.000","41,259"
"400023086","2025-05-28 20:00:00.000","2026-04-02 06:45:00.000","30,343"
"400023087","2025-05-28 20:09:07.000","2026-04-02 07:06:08.000","101,629"
"400023102","2025-05-28 20:00:00.000","2026-04-02 07:05:00.000","41,338"
"400023110","2025-05-29 16:15:00.000","2026-04-02 06:45:00.000","30,422"
"400023116","2025-05-29 16:15:00.000","2026-04-02 07:05:00.000","41,519"
"400023119","2025-05-29 16:15:00.000","2026-04-02 07:05:00.000","41,487"
"400023121","2025-05-29 16:15:00.000","2026-04-02 07:05:00.000","41,433"
"400023129","1970-01-21 15:28:14.000","2026-04-02 07:03:31.000","75,775"
"400023131","2025-05-29 16:15:00.000","2026-04-02 07:00:00.000","41,390"
"400023136","2025-05-29 16:15:00.000","2026-04-02 07:05:00.000","41,371"
"400023139","2025-05-29 16:15:00.000","2026-04-02 07:00:00.000","41,512"
"400023140","2025-06-18 22:30:14.000","2026-04-02 06:56:44.000","20,034"
"400023142","2025-05-29 16:15:00.000","2026-04-02 07:00:00.000","41,470"
"400023145","2025-05-29 16:15:00.000","2026-04-02 07:00:00.000","41,499"
"400023146","2025-05-28 20:15:00.000","2026-04-02 07:00:00.000","41,389"
"400023147","2025-05-28 20:15:00.000","2026-04-02 07:00:00.000","41,526"
"400023149","1970-01-21 15:28:13.000","2025-09-16 11:47:43.000","36,071"
"400023152","1970-01-21 15:28:13.000","2026-04-02 07:05:00.000","71,545"
"400023156","2025-05-29 16:15:00.000","2026-04-02 07:00:00.000","41,345"
"400023158","2025-06-18 22:30:14.000","2026-04-02 06:53:23.000","28,745"
"400023159","2025-06-18 22:30:20.000","2026-04-02 06:45:00.000","23,561"
"400023167","2025-06-18 22:30:05.000","2026-04-02 06:58:13.000","30,253"
"400023178","2025-05-29 16:15:00.000","2026-04-02 07:00:00.000","41,387"
"400023180","2025-06-18 22:30:06.000","2026-04-02 06:53:53.000","30,235"
"400023181","1970-01-21 15:28:14.000","2026-04-02 07:05:37.000","79,561"
"400023182","1970-01-21 15:28:14.000","2026-04-02 07:05:00.000","76,064"
"400023186","1970-01-21 15:28:14.000","2026-04-02 07:05:01.000","59,530"
"400023187","2025-05-29 16:15:00.000","2026-04-02 07:05:00.000","41,499"
"400023188","2025-06-18 22:30:09.000","2026-04-02 04:33:47.000","27,923"
"400023192","2025-05-29 16:15:00.000","2026-04-02 07:05:00.000","41,476"
"400023193","2025-06-18 22:30:14.000","2026-04-02 06:58:42.000","30,311"
"400023194","2025-05-29 16:15:00.000","2026-04-02 07:00:00.000","41,380"
"400023195","2025-05-29 16:15:00.000","2026-04-02 07:05:00.000","41,412"
"400023196","2025-05-29 16:15:00.000","2026-04-02 07:00:00.000","41,396"
"400023198","2025-05-29 16:15:00.000","2026-04-02 06:45:00.000","30,343"
"400023199","2025-05-28 20:15:00.000","2026-04-02 07:00:00.000","41,153"
"400023206","2025-05-28 20:15:00.000","2026-04-02 07:05:00.000","41,446"
"400023210","1970-01-21 15:28:14.000","2026-04-02 07:05:00.000","79,295"
"400023213","2025-05-28 20:15:00.000","2026-04-02 07:00:00.000","41,391"
"400023219","2025-05-28 20:15:00.000","2026-04-02 07:05:00.000","41,542"
"400023221","2025-05-28 20:15:00.000","2026-04-02 07:00:00.000","41,215"
"400023225","2025-05-28 20:15:00.000","2026-04-02 07:00:00.000","41,398"
"400023242","2025-05-28 20:15:00.000","2026-04-02 07:00:00.000","41,386"
"400023243","2025-05-28 20:15:00.000","2026-04-02 06:55:00.000","41,600"
"400023244","2025-05-28 20:15:00.000","2026-04-02 07:05:00.000","41,408"
"400023246","2025-05-28 20:15:00.000","2026-04-02 07:00:00.000","41,420"
"400023268","1970-01-21 15:28:14.000","2026-04-02 07:05:00.000","78,402"
"400023270","2025-05-28 20:15:00.000","2026-04-02 07:00:00.000","41,386"
"400023275","2025-06-18 22:30:05.000","2026-04-02 04:19:24.000","29,438"
"400023280","2025-05-28 20:15:00.000","2026-04-02 06:45:00.000","30,170"
"400023299","2025-06-18 22:30:10.000","2026-04-02 06:51:25.000","30,297"
"400023300","2025-06-18 22:30:19.000","2026-04-02 06:54:45.000","29,903"
"400023303","2025-06-18 22:30:18.000","2026-04-02 06:23:57.000","21,424"
"400023306","2025-06-06 19:15:00.000","2026-04-02 07:05:00.000","40,738"
"400023307","2025-06-06 19:15:00.000","2026-04-02 07:00:00.000","40,620"
"400023308","2025-06-19 04:15:15.000","2026-04-02 04:00:50.000","5,807"
"400023313","2025-06-18 22:30:22.000","2026-04-02 06:52:48.000","29,427"
"400023315","2025-05-29 20:00:00.000","2026-04-02 07:05:00.000","40,725"
"400023321","2025-06-06 19:15:00.000","2026-04-02 07:00:00.000","40,215"
"400023322","2025-06-18 22:30:13.000","2026-04-02 06:55:26.000","29,906"
"400023325","2025-06-18 22:30:05.000","2026-04-02 06:55:13.000","29,513"
"400023326","2025-06-18 22:30:11.000","2026-04-02 06:55:22.000","30,169"
"400023327","2025-06-06 19:15:00.000","2026-04-02 07:00:00.000","40,716"
"400023328","2025-06-18 22:30:20.000","2026-04-02 06:57:48.000","29,902"
"400023332","2025-05-29 20:00:00.000","2026-04-02 07:05:00.000","40,692"
"400023335","1970-01-21 15:28:14.000","2026-04-02 07:05:01.000","78,969"
"400023344","2025-06-06 19:15:00.000","2026-04-02 07:00:00.000","40,744"
"400023345","2025-05-29 20:04:26.000","2026-04-02 07:05:17.000","99,260"
"400023347","2025-06-18 22:30:10.000","2026-04-02 04:28:26.000","6,733"
"400023348","2025-06-06 19:15:00.000","2026-04-02 07:05:00.000","40,055"
"400023350","2025-06-18 22:30:04.000","2026-04-02 04:00:36.000","5,981"
"400023351","2025-06-06 19:15:00.000","2026-04-02 07:00:00.000","40,779"
"400023355","2025-06-06 19:15:00.000","2026-04-02 07:00:00.000","40,042"
"400023356","2025-06-06 19:15:00.000","2026-04-02 07:00:00.000","40,122"
"400023357","2025-05-29 20:04:27.000","2026-04-02 07:05:27.000","105,611"
"400023359","2025-06-18 22:30:19.000","2026-04-02 04:35:33.000","6,513"
"400023360","2025-06-06 19:15:00.000","2026-04-02 07:05:00.000","40,771"
"400023362","2025-06-18 22:30:09.000","2026-04-02 06:43:59.000","6,094"
"400023364","1970-01-21 15:28:14.000","2026-04-02 00:35:00.000","69,473"
"400023366","1970-01-21 15:28:14.000","2026-04-02 07:05:00.000","78,063"
"400023368","2025-06-21 17:00:08.000","2026-03-22 21:10:32.000","22,092"
"400023375","2025-06-06 19:15:00.000","2026-04-02 07:05:00.000","40,737"
"400023380","2025-06-06 19:15:00.000","2026-04-02 07:05:00.000","38,824"
"400023382","1970-01-21 15:28:14.000","2026-04-02 07:05:01.000","79,486"
"400023383","2025-05-29 20:00:00.000","2026-04-02 07:05:00.000","40,789"
"400023384","2025-06-27 11:47:45.000","2026-04-02 07:05:01.000","60,111"
"400023391","2025-08-01 00:15:43.000","2026-04-02 06:55:18.000","25,796"
"400023392","2025-05-29 20:00:00.000","2026-04-02 07:00:00.000","33,166"
"400023394","2025-05-29 20:00:00.000","2026-04-02 07:00:00.000","40,577"
"400023395","2025-05-29 20:04:35.000","2026-04-02 07:05:25.000","105,563"
"400023396","2025-06-06 19:15:00.000","2026-04-02 07:00:00.000","40,729"
"400023398","2025-05-29 20:00:00.000","2026-04-02 07:05:00.000","40,817"
"400023401","2025-06-18 22:30:18.000","2026-04-02 06:58:25.000","26,126"
"400023405","2025-06-18 22:30:24.000","2026-04-02 06:54:40.000","29,726"
"400023407","2025-05-29 20:00:00.000","2026-04-02 07:05:00.000","40,670"
"400023409","2025-06-18 22:30:18.000","2026-04-02 06:56:29.000","30,026"
"400023410","2025-05-29 20:00:00.000","2026-04-02 07:05:00.000","40,800"
"400023411","2025-05-29 20:00:00.000","2026-04-02 07:00:00.000","40,679"
"400023413","2025-06-18 22:30:21.000","2026-04-02 06:54:39.000","10,902"
"400023414","2025-05-29 20:00:00.000","2026-04-02 07:05:00.000","40,861"
"400023417","2025-05-29 20:00:00.000","2026-04-02 07:05:00.000","40,704"
"400023421","2025-05-29 20:04:37.000","2026-04-02 07:04:11.000","99,916"
"400023424","2025-05-29 20:00:00.000","2026-04-02 06:55:00.000","40,860"
"400023427","2025-08-01 00:15:53.000","2026-04-02 06:56:06.000","27,689"
"400023431","2025-05-29 20:00:00.000","2026-04-02 07:00:00.000","40,592"
"400023432","2025-05-29 20:04:22.000","2026-04-02 07:05:26.000","98,940"
"400023434","2025-05-29 20:00:00.000","2026-04-02 07:00:00.000","40,678"
"400023436","2025-05-29 20:00:00.000","2026-04-02 07:00:00.000","40,733"
"400023437","2025-05-29 20:00:00.000","2026-04-02 07:05:00.000","40,796"
"400023439","2025-06-18 22:30:05.000","2026-04-02 04:37:48.000","8,433"
"400023440","2025-06-06 19:30:00.000","2026-04-02 07:00:00.000","40,756"
"400023441","2025-05-29 20:00:00.000","2026-04-02 07:05:00.000","40,636"
"400023442","2025-05-29 20:04:23.000","2026-04-02 07:05:25.000","105,128"
"400023443","2025-05-29 20:04:45.000","2026-04-02 07:05:39.000","105,796"
"400023444","2025-05-29 20:04:58.000","2026-04-02 07:05:28.000","105,947"
"400023445","2025-05-29 20:00:00.000","2026-04-02 07:00:00.000","40,755"
"400023447","2025-05-29 20:04:25.000","2026-04-02 07:06:02.000","98,308"
"400023450","2025-05-29 20:00:00.000","2026-04-02 07:00:00.000","40,696"
"400023452","2025-05-29 20:00:00.000","2026-04-02 07:05:00.000","40,656"
"400023453","2025-06-06 19:30:00.000","2026-04-02 07:05:00.000","40,483"
"400023455","2025-06-06 19:30:00.000","2026-04-02 07:05:00.000","40,493"
"400023458","2025-05-29 20:04:31.000","2026-04-02 07:05:59.000","106,642"
"400023462","2025-06-06 18:30:11.000","2026-04-02 04:28:26.000","8,167"
"400023463","2025-05-29 20:00:00.000","2026-04-02 07:00:00.000","40,774"
"400023466","2025-05-29 20:00:00.000","2026-04-02 07:00:00.000","40,723"
"400023469","2025-06-06 19:30:00.000","2026-04-02 07:05:00.000","40,703"
"400023470","2025-05-29 20:00:00.000","2026-04-02 07:00:00.000","40,703"
"400023474","2025-06-18 22:30:05.000","2026-04-02 06:54:13.000","29,003"
"400023475","2025-06-06 19:30:00.000","2026-04-02 07:00:00.000","36,779"
"400023477","2025-05-29 20:00:00.000","2026-04-02 06:50:00.000","40,976"
"400023479","2025-05-29 20:00:00.000","2026-04-02 07:00:00.000","40,744"
"400023480","1970-01-21 15:28:14.000","2026-04-02 07:05:00.000","76,304"
"400023481","2025-06-06 19:30:00.000","2026-04-02 07:00:00.000","40,731"
"400023485","2025-05-29 20:04:34.000","2026-04-02 07:06:00.000","112,944"
"400023486","2025-05-29 20:00:00.000","2026-04-02 07:05:00.000","40,812"
"400023490","1970-01-21 15:28:14.000","2026-04-02 07:05:01.000","78,400"
"400023493","2025-05-29 20:04:34.000","2026-04-02 07:06:06.000","109,241"
"400023495","2025-05-29 20:00:00.000","2026-04-02 07:00:00.000","40,624"
"400023499","2025-06-06 19:30:00.000","2026-04-02 07:05:00.000","40,749"
"400023501","2025-06-06 19:30:00.000","2026-04-02 06:45:00.000","29,770"
"400023502","2025-05-29 20:00:00.000","2026-04-02 06:45:00.000","29,689"
"400023503","2025-05-29 20:00:00.000","2026-04-02 06:45:00.000","29,682"
"400023505","2025-06-06 18:30:00.000","2026-04-02 07:05:00.000","40,839"
"400023508","2025-06-18 22:30:11.000","2026-04-02 06:55:52.000","26,985"
"400023509","2025-05-29 20:04:54.000","2026-04-02 07:05:53.000","103,542"
"400023510","2025-05-29 20:00:00.000","2026-04-02 07:00:00.000","40,775"
"400023512","2025-05-29 20:00:00.000","2026-04-02 07:05:00.000","40,737"
"400023515","2025-05-29 20:04:56.000","2026-04-02 07:05:33.000","106,833"
"400023517","2025-05-29 20:00:00.000","2026-04-02 07:05:00.000","40,776"
"400023519","2025-06-06 19:30:00.000","2026-04-02 07:05:00.000","40,774"
"400023520","2025-05-29 20:00:00.000","2026-04-02 07:05:00.000","40,787"
"400023521","2025-06-06 18:30:00.000","2026-04-02 07:00:00.000","40,296"
"400023523","2025-05-29 20:00:00.000","2026-04-02 07:05:00.000","40,739"
"400023524","2025-06-06 18:30:00.000","2026-04-02 07:00:00.000","40,708"
"400023526","2025-05-29 20:00:00.000","2026-04-02 07:00:00.000","40,699"
"400023528","2025-05-29 20:00:00.000","2026-04-02 07:05:00.000","40,620"
"400023532","2025-05-29 20:00:00.000","2026-04-02 07:00:00.000","40,731"
"400023533","2025-06-18 23:00:15.000","2026-04-02 04:07:08.000","6,657"
"400023535","2025-05-29 20:00:00.000","2026-04-02 07:00:00.000","40,712"
"400023536","2025-05-29 20:00:00.000","2026-04-02 07:00:00.000","38,679"
"400023537","2025-05-29 20:00:00.000","2026-04-02 07:00:00.000","40,655"
"400023538","2025-06-06 18:30:00.000","2026-04-02 07:00:00.000","40,771"
"400023539","2025-06-18 22:30:22.000","2026-04-02 06:55:28.000","29,130"
"400023541","2025-06-18 22:30:17.000","2026-04-02 06:53:35.000","29,399"
"400023544","2025-05-29 20:00:00.000","2026-04-02 07:05:00.000","40,674"
"400023545","2025-06-06 18:30:00.000","2026-04-02 07:00:00.000","40,644"
"400023546","2025-06-06 18:30:00.000","2026-04-02 07:05:00.000","40,737"
"400023547","2025-06-06 18:30:00.000","2026-04-02 07:00:00.000","40,656"
"400023548","2025-05-29 20:00:00.000","2026-04-02 07:05:00.000","40,769"
"400023549","2025-05-29 20:04:34.000","2026-04-02 07:05:49.000","109,557"
"400023550","2025-05-29 20:00:00.000","2026-04-02 07:00:00.000","40,678"
"400023551","2025-05-29 20:00:00.000","2026-04-02 07:05:00.000","40,788"
"400023553","2025-05-29 20:04:55.000","2026-04-02 07:05:20.000","105,964"
"400023554","2025-05-29 20:00:00.000","2026-04-02 06:45:00.000","29,538"
"400023557","2025-05-29 20:00:00.000","2026-04-02 07:00:00.000","40,699"
"400023558","2025-05-29 20:04:34.000","2026-04-02 07:05:09.000","105,869"
"400023559","2025-06-06 18:30:00.000","2026-04-02 07:05:00.000","40,640"
"400023560","2025-05-29 20:00:00.000","2026-04-02 07:05:00.000","40,813"
"400023562","2025-05-29 20:04:20.000","2026-04-02 07:05:19.000","105,781"
"400023563","2025-05-29 20:00:00.000","2026-04-02 07:00:00.000","40,519"
"400023564","2025-05-29 20:04:45.000","2026-04-02 07:05:47.000","107,139"
"400023565","2025-06-18 22:30:21.000","2026-04-02 04:25:05.000","7,822"
"400023566","2025-05-29 20:00:00.000","2026-04-02 06:50:00.000","29,612"
"400023567","2025-06-06 18:30:00.000","2026-04-02 07:00:00.000","40,737"
"400023568","2025-06-18 22:30:16.000","2026-04-02 06:55:16.000","29,781"
"400023572","2025-05-29 20:00:00.000","2026-04-02 07:00:00.000","40,781"
"400023575","2025-05-29 20:04:24.000","2026-04-02 07:05:25.000","104,427"
"400023578","2025-06-06 18:15:00.000","2026-04-02 07:00:00.000","40,673"
"400023579","2025-06-18 22:30:06.000","2026-04-02 06:53:08.000","29,896"
"400023580","2025-06-18 22:30:24.000","2026-04-02 06:54:46.000","29,546"
"400023581","2025-05-29 20:04:43.000","2026-04-02 07:05:30.000","107,982"
"400023582","2025-05-29 20:00:00.000","2026-04-02 07:05:00.000","40,753"
"400023587","2025-06-18 22:30:08.000","2026-04-02 06:55:48.000","29,661"
"400023588","2025-06-18 22:30:23.000","2026-04-02 04:52:14.000","8,953"
"400023589","2025-06-18 22:30:18.000","2026-04-02 04:02:04.000","12,047"
"400023595","2025-05-29 20:04:31.000","2026-04-02 07:05:26.000","99,734"
"400023596","2025-05-29 20:04:19.000","2026-04-02 07:05:45.000","108,204"
"400023597","2025-05-29 20:04:24.000","2026-04-02 07:05:58.000","105,897"
"400023598","2025-06-06 18:30:13.000","2026-04-02 06:52:36.000","31,636"
"400023600","2025-06-18 22:30:08.000","2026-04-02 04:27:51.000","6,869"
"400023607","2025-05-29 20:04:41.000","2026-04-02 07:05:40.000","106,457"
"400023611","2025-06-18 22:30:17.000","2026-04-02 06:54:01.000","30,426"
"400023616","2025-06-18 22:30:11.000","2026-04-02 06:55:50.000","28,758"
"400023618","2025-05-29 20:04:29.000","2026-04-02 07:05:20.000","101,052"
"400023626","2025-05-29 20:04:51.000","2026-04-02 07:06:03.000","105,683"
"400023627","2025-06-18 22:30:14.000","2026-04-02 06:52:43.000","29,832"
"400023628","2025-05-29 20:04:17.000","2026-04-02 07:05:21.000","106,786"
"400023632","2025-05-29 20:04:47.000","2026-04-02 07:05:57.000","107,868"
"400023633","2025-05-29 20:04:51.000","2026-04-02 07:04:48.000","103,329"
"400023637","2025-06-06 18:00:00.000","2026-04-02 07:00:00.000","40,728"
"400023639","2025-05-29 20:04:55.000","2026-04-02 07:05:28.000","104,575"
"400023640","2025-06-18 22:30:18.000","2026-04-02 04:30:08.000","16,618"
"400023663","2025-05-30 21:45:00.000","2026-04-02 07:00:00.000","40,613"
"400023665","2025-09-16 20:55:37.000","2026-04-02 07:05:01.000","51,885"
"400023670","2025-05-30 21:45:00.000","2026-04-02 07:05:00.000","40,674"
"400023671","2025-06-18 22:30:07.000","2026-04-02 06:54:09.000","29,922"
"400023672","2025-05-30 21:45:00.000","2026-04-02 06:45:00.000","39,283"
"400023673","2025-06-18 22:30:10.000","2026-04-02 06:54:06.000","29,605"
"400023676","2025-06-18 22:30:09.000","2026-04-02 06:58:02.000","29,653"
"400023678","2025-06-18 22:30:12.000","2026-04-02 04:56:54.000","6,443"
"400023681","1970-01-21 15:28:14.000","2026-04-02 07:05:00.000","59,477"
"400023684","2025-05-30 21:45:00.000","2026-04-02 07:00:00.000","40,756"
"400023686","2025-06-18 22:30:23.000","2026-04-02 04:40:36.000","29,443"
"400023690","2025-06-18 22:30:20.000","2026-04-02 04:25:13.000","18,348"
"400023694","2025-06-18 22:30:04.000","2026-04-02 06:52:29.000","29,893"
"400023697","2025-06-18 22:30:24.000","2026-04-02 06:56:09.000","28,985"
"400023699","2025-06-18 22:30:06.000","2026-04-02 06:57:04.000","29,716"
"400023703","2025-05-30 21:45:00.000","2026-04-02 07:05:00.000","40,762"
"400023704","2025-06-18 22:30:08.000","2026-04-02 06:51:55.000","29,193"
"400023706","2025-08-01 04:30:06.000","2026-04-02 04:45:30.000","6,054"
"400023709","2025-06-18 22:30:04.000","2026-04-02 04:44:26.000","11,778"
"400023717","2025-06-18 22:30:16.000","2026-04-02 06:55:30.000","29,265"
"400023721","2025-05-30 21:45:00.000","2026-04-02 07:00:00.000","39,716"
"400023723","2025-06-18 22:30:05.000","2026-04-02 04:54:30.000","6,057"
"400023730","2025-05-30 21:45:00.000","2026-04-02 07:00:00.000","40,740"
"400023731","2025-05-30 21:45:00.000","2026-04-02 07:00:00.000","40,705"
"400023732","2025-08-22 23:30:00.000","2026-04-02 07:05:00.000","63,943"
"400023738","2025-06-18 22:30:23.000","2026-04-02 06:55:11.000","28,979"
"400023743","2025-05-30 21:44:32.000","2026-04-02 07:05:32.000","98,553"
"400023747","2025-06-18 22:30:17.000","2026-04-02 04:35:53.000","26,228"
"400023749","2025-06-18 22:30:14.000","2026-04-02 04:00:10.000","6,253"
"400023757","2025-06-18 23:00:21.000","2026-04-02 04:18:10.000","6,303"
"400023766","2025-05-30 21:45:00.000","2026-04-02 07:05:00.000","40,649"
"400023768","1970-01-21 15:28:14.000","2026-04-02 07:05:00.000","79,941"
"400023770","2025-05-30 21:45:00.000","2026-04-02 07:00:00.000","40,781"
"400023771","2025-05-30 21:45:00.000","2026-04-02 07:05:00.000","40,844"
"400023776","2025-05-30 21:44:18.000","2026-04-02 07:05:53.000","106,595"
"400023780","2025-06-18 22:30:14.000","2026-04-02 06:53:20.000","29,662"
"400023784","2025-05-30 21:45:00.000","2026-04-02 07:00:00.000","40,779"
"400023785","2025-05-30 21:44:18.000","2026-04-02 07:05:32.000","105,708"
"400023789","2025-05-30 21:44:15.000","2026-04-02 07:05:00.000","86,601"
"400023791","2025-05-30 21:44:42.000","2026-04-02 06:45:37.000","107,142"
"400023792","2025-05-30 21:44:50.000","2026-04-02 07:05:52.000","86,850"
"400023793","2025-05-30 21:44:29.000","2026-04-02 07:05:33.000","99,115"
"400023798","2025-05-30 21:44:16.000","2026-04-02 07:05:18.000","102,970"
"400023799","1970-01-21 15:28:13.000","2026-04-02 07:05:00.000","79,812"
"400023801","2025-05-30 21:45:09.000","2026-04-02 04:43:01.000","22,802"
"400023803","2025-05-30 21:45:00.000","2026-04-02 07:05:00.000","40,694"
"400023807","2025-05-30 21:44:22.000","2026-04-02 07:05:59.000","79,125"
"400023809","2025-05-30 21:44:53.000","2026-04-02 07:05:13.000","99,817"
"400023816","2025-05-30 21:44:48.000","2026-04-02 07:05:47.000","106,201"
"400023818","2025-06-18 22:30:13.000","2026-04-02 06:55:52.000","30,027"
"400023838","2025-05-30 21:45:00.000","2026-04-02 07:06:02.000","98,068"
"400023840","2025-05-30 21:44:26.000","2026-04-02 07:05:32.000","103,901"
"400023846","2025-06-18 22:30:22.000","2026-04-02 04:06:54.000","6,162"
"400023850","2025-09-02 18:20:43.000","2026-04-02 07:05:01.000","60,765"
"400023855","2025-05-30 21:44:55.000","2026-04-02 07:05:56.000","112,752"
"400023859","2025-05-30 21:44:16.000","2026-04-02 07:05:46.000","106,943"
"400023864","2025-06-18 22:30:09.000","2026-04-02 06:57:13.000","19,128"
"400023866","2025-05-30 21:44:25.000","2026-04-02 07:06:03.000","106,557"
"400023867","2025-05-30 21:44:14.000","2026-04-02 07:05:11.000","100,329"
"400023870","2025-05-30 21:44:41.000","2026-03-31 12:11:59.000","83,886"
"400023872","2025-05-30 21:44:35.000","2026-04-02 07:03:49.000","104,677"
"400023879","2025-05-30 21:44:51.000","2026-04-02 07:05:40.000","108,137"
"400023880","2025-05-30 21:44:56.000","2026-04-02 07:05:55.000","110,820"
"400023887","2025-05-30 21:45:00.000","2026-04-02 07:00:00.000","41,081"
"400023888","2025-05-30 21:44:30.000","2026-04-02 07:05:47.000","104,673"
"400023889","2025-05-30 21:44:22.000","2026-04-02 07:05:52.000","104,511"
"400023892","2025-05-30 21:44:52.000","2026-04-02 07:05:24.000","54,459"
"400023899","2025-05-30 21:44:56.000","2026-04-02 07:05:42.000","110,806"
"400023942","2025-06-06 18:45:00.000","2026-04-02 07:00:00.000","40,699"
"400023950","2025-08-22 23:25:00.000","2026-04-02 07:05:01.000","61,856"
"400023958","2025-06-06 18:45:00.000","2026-04-02 07:00:00.000","40,560"
"400023962","2025-08-25 17:01:03.000","2026-04-02 07:00:56.000","9,641"
"400023963","2025-06-04 20:15:00.000","2026-04-02 07:00:00.000","38,753"
"400023969","2025-06-06 18:45:00.000","2026-04-02 06:55:00.000","40,631"
"400023978","2025-06-06 18:45:00.000","2026-04-02 07:05:00.000","40,726"
"400023979","2025-08-25 16:55:00.000","2026-04-02 07:05:00.000","62,794"
"400023988","2025-06-04 20:30:00.000","2026-04-02 07:00:00.000","39,989"
"400023994","2025-06-06 18:45:00.000","2026-04-02 07:00:00.000","40,776"
"400023998","2025-08-22 23:25:01.000","2026-04-02 07:05:00.000","61,787"
"400023999","2025-08-01 00:30:17.000","2026-04-02 06:52:52.000","24,611"
"400024009","2025-06-06 18:45:00.000","2026-04-02 07:05:00.000","40,834"
"400024014","2025-06-04 20:30:00.000","2026-04-02 07:00:00.000","40,626"
"400024018","2025-08-25 16:55:01.000","2026-02-12 20:50:01.000","48,921"
"400024025","2025-06-06 18:45:00.000","2026-04-02 07:00:00.000","40,742"
"400024027","2025-08-01 00:15:36.000","2026-04-02 06:52:14.000","25,339"
"400024034","2025-08-01 00:15:54.000","2026-04-02 06:52:34.000","25,272"
"400024040","1970-01-21 15:28:14.000","2026-04-02 07:05:01.000","90,771"
"400024048","2025-06-04 20:30:00.000","2026-04-02 07:00:00.000","40,678"
"400024051","2025-06-04 20:30:00.000","2026-04-02 07:00:00.000","40,737"
"400024059","2025-08-01 04:30:09.000","2026-04-02 04:26:07.000","5,651"
"400024063","2025-06-04 20:30:00.000","2026-04-02 07:00:00.000","40,734"
"400024064","2025-08-25 19:50:01.000","2026-04-02 07:05:01.000","62,986"
"400024066","2025-08-01 00:15:35.000","2026-04-02 06:56:56.000","22,165"
"400024068","2025-06-04 20:30:00.000","2026-04-02 07:00:00.000","40,056"
"400024069","2025-06-06 18:45:00.000","2026-04-02 07:05:00.000","40,818"
"400024070","2025-08-01 00:15:57.000","2026-04-02 06:57:08.000","25,819"
"400024075","2025-06-04 20:30:00.000","2026-04-02 06:45:00.000","29,655"
"400024076","2025-09-26 18:57:45.000","2026-04-02 07:05:02.000","27,432"
"400024078","2025-06-18 22:30:10.000","2026-04-02 06:52:45.000","29,908"
"400024080","2025-10-16 19:31:31.000","2026-04-02 07:05:00.000","47,872"
"400024085","2025-06-04 20:30:00.000","2026-04-02 07:05:00.000","40,158"
"400024086","2025-08-01 00:15:24.000","2026-04-02 06:55:38.000","26,461"
"400024087","2025-08-01 00:15:34.000","2026-04-02 06:54:48.000","25,064"
"400024090","2025-08-25 16:50:38.000","2026-04-02 07:05:38.000","51,390"
"400024094","2025-06-06 18:15:00.000","2026-04-02 07:05:00.000","40,768"
"400024100","2025-06-04 20:30:00.000","2026-04-02 07:05:00.000","40,752"
"400024112","2025-06-04 20:30:00.000","2026-04-02 07:00:00.000","40,560"
"400024113","1970-01-21 15:28:13.000","2026-04-02 07:05:01.000","52,574"
"400024117","2025-06-04 20:30:00.000","2026-04-02 07:00:00.000","40,750"
"400024118","2025-06-04 20:30:00.000","2026-04-02 07:00:00.000","40,741"
"400024120","2025-06-04 20:30:00.000","2026-04-02 07:00:00.000","40,538"
"400024126","2025-06-04 20:30:00.000","2026-04-02 06:45:00.000","40,010"
"400024134","2025-06-06 19:00:00.000","2026-04-02 07:00:00.000","40,884"
"400024135","2025-06-04 20:30:00.000","2026-04-02 07:05:00.000","40,184"
"400024141","2025-06-06 18:15:00.000","2026-04-02 07:05:00.000","40,793"
"400024145","1970-01-21 15:28:14.000","2026-04-02 07:05:00.000","68,986"
"400024147","2025-08-01 00:15:23.000","2026-04-02 03:04:31.000","25,860"
"400024150","2025-06-04 20:30:00.000","2026-04-02 07:05:00.000","40,703"
"400024151","2025-06-04 20:30:00.000","2026-04-02 06:45:00.000","29,498"
"400024157","2025-08-25 16:50:00.000","2026-04-02 07:05:01.000","61,217"
"400024163","2025-08-25 16:55:01.000","2026-04-02 07:05:00.000","62,992"
"400024167","2025-08-22 23:30:01.000","2026-04-02 07:05:01.000","61,976"
"400024168","2025-08-01 00:15:48.000","2026-04-02 04:17:30.000","23,221"
"400024172","2025-06-04 20:30:00.000","2026-04-02 07:00:00.000","40,645"
"400024173","2025-08-01 00:15:39.000","2026-04-02 06:54:51.000","26,588"
"400024176","2025-06-06 18:30:00.000","2026-04-02 07:00:00.000","40,285"
"400024178","2025-08-01 00:15:49.000","2026-04-02 06:56:08.000","26,185"
"400024184","2025-08-01 00:15:01.000","2026-04-02 06:56:20.000","26,834"
"400024226","2025-08-01 00:15:36.000","2026-04-02 06:56:54.000","26,498"
"400024243","2025-08-01 00:15:48.000","2026-04-02 06:56:37.000","26,376"
"400024250","2025-06-05 21:30:00.000","2026-04-02 06:50:00.000","40,692"
"400024257","2025-08-01 00:15:25.000","2026-04-02 06:53:59.000","26,104"
"400024260","2025-08-01 00:15:09.000","2026-04-02 06:56:19.000","26,422"
"400024265","2025-08-26 00:49:16.000","2026-04-02 07:04:16.000","62,795"
"400024269","2025-08-01 00:15:29.000","2026-04-02 06:55:42.000","26,178"
"400024270","2025-06-18 23:00:13.000","2026-04-02 04:27:49.000","5,360"
"400024274","2025-06-05 21:30:00.000","2026-04-02 07:00:00.000","40,746"
"400024275","2025-06-05 21:30:00.000","2026-04-02 07:05:00.000","40,779"
"400024276","2025-06-05 21:30:00.000","2026-04-02 07:00:00.000","40,751"
"400024281","2025-06-05 21:30:00.000","2026-04-02 07:05:00.000","40,882"
"400024289","2025-06-05 21:30:00.000","2026-04-02 06:50:00.000","39,732"
"400024301","2025-06-05 21:30:00.000","2026-04-02 07:00:00.000","40,661"
"400024313","2025-06-05 21:29:49.000","2026-04-02 07:05:57.000","93,405"
"400024317","2025-08-01 00:15:28.000","2026-04-02 06:54:07.000","26,545"
"400024326","2025-08-01 00:15:25.000","2026-04-02 06:50:48.000","26,565"
"400024332","2025-06-05 21:30:00.000","2026-04-02 07:05:00.000","40,704"
"400024338","2025-06-05 21:30:00.000","2026-04-02 06:55:00.000","40,754"
"400024357","2025-06-05 21:30:00.000","2026-04-02 07:00:00.000","40,445"
"400024362","2025-08-22 23:25:02.000","2026-04-02 07:05:01.000","61,692"
"400024365","2025-06-05 21:30:00.000","2026-04-02 07:05:00.000","40,646"
"400024375","2025-06-05 21:29:34.000","2026-04-02 07:05:17.000","96,205"
"400024379","2025-06-05 21:30:00.000","2026-04-02 07:05:00.000","40,701"
"400024385","2025-08-22 23:28:31.000","2026-04-02 06:58:32.000","62,400"
"400024386","2025-06-05 21:30:00.000","2026-04-02 07:00:00.000","40,605"
"400024391","2025-06-05 21:30:00.000","2026-04-02 07:00:00.000","40,872"
"400024408","2025-06-05 21:29:38.000","2025-07-29 09:17:13.000","14,305"
"400024409","2025-08-22 23:30:00.000","2026-04-02 07:05:00.000","63,208"
"400024412","2025-06-05 21:30:00.000","2026-04-02 07:05:51.000","97,543"
"400024421","2025-06-05 21:30:00.000","2026-04-02 07:00:00.000","40,613"
"400024423","2025-06-05 21:30:00.000","2026-04-02 07:00:00.000","40,656"
"400024472","2025-06-12 00:45:00.000","2026-04-02 07:05:00.000","40,225"
"400024475","2025-06-12 00:45:00.000","2026-04-02 07:00:00.000","40,191"
"400024478","2025-06-05 07:00:00.000","2026-04-02 07:05:01.000","86,419"
"400024479","2025-08-01 00:15:44.000","2026-04-02 06:53:13.000","26,686"
"400024490","2025-06-12 00:45:00.000","2026-04-02 07:05:00.000","40,253"
"400024498","2025-06-12 00:45:00.000","2026-04-02 07:00:00.000","39,955"
"400024499","2025-08-25 16:50:51.000","2026-04-02 07:05:51.000","62,183"
"400024508","2025-06-12 00:45:00.000","2026-04-02 07:05:00.000","40,243"
"400024509","2025-06-12 00:45:00.000","2026-04-02 07:00:00.000","40,186"
"400024511","2025-06-12 00:45:00.000","2026-04-02 06:45:00.000","33,614"
"400024514","2025-06-12 00:45:00.000","2026-04-02 07:00:00.000","40,121"
"400024521","2025-08-22 23:30:00.000","2026-04-02 07:05:00.000","63,622"
"400024573","2025-06-06 20:40:00.000","2026-04-02 07:06:07.000","103,536"
"400024575","2025-06-06 20:39:30.000","2026-04-02 07:05:31.000","98,690"
"400024576","2025-06-12 00:45:00.000","2026-04-02 07:00:00.000","40,018"
"400024585","2025-06-12 00:45:00.000","2026-04-02 07:00:00.000","40,159"
"400024586","2025-06-06 20:39:41.000","2026-04-02 07:05:38.000","99,484"
"400024588","2025-06-06 20:39:40.000","2026-04-02 07:05:40.000","95,323"
"400024612","2025-06-11 21:30:00.000","2026-04-02 07:05:00.000","39,981"
"400024615","2025-06-11 21:30:00.000","2026-04-02 07:00:00.000","40,219"
"400024621","2025-08-01 00:15:44.000","2026-04-02 06:44:33.000","26,096"
"400024626","2025-05-21 19:20:00.000","2026-04-02 07:05:00.000","90,849"
"400024628","2025-08-01 05:00:55.000","2026-04-02 04:25:04.000","5,831"
"400024635","2025-06-11 21:45:00.000","2026-04-02 07:00:00.000","39,988"
"400024641","2025-08-01 04:30:05.000","2026-04-02 06:56:24.000","26,383"
"400024647","2025-08-01 00:15:59.000","2026-04-02 06:54:27.000","25,489"
"400024649","2025-06-11 21:30:00.000","2026-04-02 07:05:00.000","40,244"
"400024663","2025-08-01 00:16:35.000","2026-04-02 06:52:41.000","25,911"
"400024664","2025-06-11 21:30:00.000","2026-04-02 07:00:00.000","40,268"
"400024666","2025-08-01 00:15:30.000","2026-04-02 06:55:03.000","25,635"
"400024668","2025-06-11 21:30:00.000","2026-04-02 07:00:00.000","39,978"
"400024669","2025-08-01 00:15:32.000","2026-04-02 06:56:48.000","26,745"
"400024673","2025-06-11 21:30:00.000","2026-04-02 07:05:00.000","40,215"
"400024674","2025-08-22 23:30:01.000","2026-04-02 07:05:01.000","63,925"
"400024680","2025-08-22 23:30:00.000","2026-04-02 07:05:01.000","61,677"
"400024687","2025-08-01 00:15:46.000","2026-04-02 06:56:00.000","26,184"
"400024691","2025-06-11 21:30:00.000","2026-04-02 07:00:00.000","40,347"
"400024696","2025-08-25 16:55:00.000","2026-04-02 07:05:01.000","62,739"
"400024698","2025-06-11 21:39:57.000","2026-04-02 07:03:59.000","98,631"
"400024700","2025-08-25 16:55:01.000","2026-04-02 07:05:01.000","62,029"
"400024715","2025-08-01 00:16:36.000","2026-04-02 06:55:36.000","26,430"
"400024721","2025-06-11 21:30:00.000","2026-04-02 07:05:00.000","40,285"
"400024723","2025-08-25 16:55:01.000","2026-03-12 04:15:00.000","53,728"
"400024724","2025-06-11 21:30:00.000","2026-04-02 07:00:00.000","40,220"
"400024731","2025-06-11 21:30:00.000","2026-04-02 07:05:00.000","39,793"
"400024733","2025-08-01 00:15:07.000","2026-04-02 06:52:29.000","25,641"
"400024734","2025-08-25 16:55:00.000","2026-04-02 07:05:00.000","62,779"
"400024737","2025-06-11 21:30:00.000","2026-04-02 07:00:00.000","39,761"
"400024742","2025-08-01 00:16:40.000","2026-04-02 06:56:22.000","26,299"
"400024743","2025-06-11 21:30:00.000","2026-04-02 07:00:00.000","40,184"
"400024744","2025-08-01 00:15:50.000","2026-04-02 06:57:51.000","26,385"
"400024750","2025-08-01 08:00:16.000","2026-04-01 22:00:53.000","7,013"
"400024752","2025-08-01 00:16:49.000","2026-04-02 06:55:27.000","26,563"
"400024754","2025-08-01 00:15:54.000","2026-04-02 03:58:24.000","13,814"
"400024755","2025-06-11 21:30:00.000","2026-04-02 07:05:00.000","39,399"
"400024761","2025-08-01 00:15:53.000","2026-04-02 06:57:02.000","25,921"
"400024764","2025-06-11 21:30:00.000","2026-04-02 07:00:00.000","32,878"
"400024768","2025-08-01 00:15:37.000","2026-04-02 06:55:21.000","26,303"
"400024771","2025-08-25 16:52:44.000","2026-04-02 07:02:43.000","57,487"
"400024780","2025-08-22 23:30:00.000","2026-04-02 07:05:00.000","61,689"
"400024784","2025-08-26 00:50:01.000","2026-04-02 07:05:00.000","61,914"
"400024786","2025-08-01 00:15:03.000","2026-04-02 06:53:10.000","26,272"
"400024789","2025-08-01 00:16:36.000","2026-04-02 06:56:20.000","25,860"
"400024793","2025-08-01 00:15:08.000","2026-03-18 05:55:20.000","24,348"
"400024794","2025-08-25 16:55:00.000","2026-04-02 07:05:01.000","61,514"
"400024803","2025-06-11 21:30:00.000","2026-04-02 07:00:00.000","40,163"
"400024808","2025-08-01 00:15:13.000","2026-04-02 06:56:31.000","27,146"
"400024810","2025-06-11 21:30:00.000","2026-04-02 07:00:00.000","40,095"
"400024814","2025-06-27 17:46:50.000","2026-03-09 14:21:50.000","41,596"
"400024815","2025-08-01 00:15:52.000","2026-04-02 06:54:27.000","27,142"
"400024818","2025-06-09 18:32:54.000","2026-04-02 07:03:01.000","14,311"
"400024821","2025-06-11 21:30:00.000","2026-04-02 07:00:00.000","40,169"
"400024822","2025-06-11 21:30:00.000","2026-04-02 06:45:00.000","32,958"
"400024833","2025-08-25 16:52:00.000","2026-03-10 23:17:01.000","50,437"
"400024839","2025-08-01 00:15:51.000","2026-04-02 06:50:46.000","26,138"
"400024840","2025-06-11 21:39:57.000","2026-04-02 07:05:35.000","98,852"
"400024847","2025-08-01 00:16:40.000","2026-04-02 06:57:37.000","26,770"
"400024854","2025-06-11 21:30:00.000","2026-04-02 07:05:00.000","39,956"
"400024855","2025-06-11 21:30:00.000","2026-04-02 07:00:00.000","40,251"
"400024857","2025-06-11 21:30:00.000","2026-04-02 07:00:00.000","40,214"
"400024860","2025-06-11 21:30:00.000","2026-04-02 07:05:00.000","40,243"
"400024866","2025-06-11 21:30:00.000","2026-04-02 07:00:00.000","40,172"
"400024867","2025-08-01 00:15:51.000","2026-04-02 06:55:59.000","26,017"
"400024869","2025-06-11 21:30:00.000","2026-04-02 07:00:00.000","40,069"
"400024870","2025-08-01 00:16:38.000","2026-04-02 06:54:06.000","26,372"
"400024872","2025-08-22 23:30:00.000","2026-04-02 07:05:00.000","63,412"
"400024873","2025-06-11 21:30:00.000","2026-04-02 07:00:00.000","40,215"
"400024874","2025-06-11 21:30:00.000","2026-04-02 06:45:00.000","29,193"
"400024885","2025-08-01 00:15:10.000","2026-04-02 06:43:47.000","26,158"
"400024893","2025-08-01 00:15:22.000","2026-04-02 04:06:06.000","10,688"
"400024900","2025-06-11 21:30:00.000","2026-04-02 07:05:00.000","40,337"
"400024901","2025-06-11 21:30:00.000","2026-04-02 07:00:00.000","40,226"
"400024904","2025-06-11 21:30:00.000","2026-04-02 07:05:00.000","40,376"
"400024906","2026-03-30 07:15:00.000","2026-04-02 07:05:01.000","863"
"400024916","2025-08-01 00:15:56.000","2026-04-02 06:57:44.000","26,359"
"400024925","2025-06-11 21:30:00.000","2026-04-02 07:00:00.000","40,238"
"400024936","2025-06-11 21:30:00.000","2026-04-02 07:00:00.000","40,149"
"400024938","2025-06-11 21:30:00.000","2026-04-02 06:50:00.000","40,188"
"400024940","2025-08-01 00:15:35.000","2026-04-02 06:53:48.000","25,721"
"400024943","2025-08-22 23:25:01.000","2026-04-02 07:05:01.000","63,501"
"400024947","2025-08-01 00:15:43.000","2026-04-02 06:52:38.000","25,525"
"400024948","2025-06-11 21:39:45.000","2026-04-02 07:05:29.000","97,475"
"400024950","2025-06-11 21:39:55.000","2026-04-02 07:05:38.000","98,363"
"400024956","2025-06-11 21:30:00.000","2026-04-02 07:00:00.000","40,219"
"400024960","2025-06-11 21:39:48.000","2026-04-02 07:05:40.000","100,510"
"400024965","2025-06-11 21:39:41.000","2026-04-02 07:05:37.000","99,203"
"400024968","2025-06-11 21:30:00.000","2026-04-02 07:05:00.000","40,238"
"400024971","2025-06-11 21:39:40.000","2026-04-02 07:05:25.000","96,438"
"400024976","2025-06-11 21:30:00.000","2026-04-02 07:00:00.000","40,232"
"400024978","2025-06-11 21:39:44.000","2026-04-02 07:05:54.000","99,298"
"400024979","2025-08-01 05:15:27.000","2026-04-02 04:27:07.000","5,843"
"400024988","2025-08-01 00:15:12.000","2026-04-02 02:50:16.000","26,990"
"400024993","2025-06-11 21:40:00.000","2026-04-02 07:05:00.000","99,124"
"400024996","2025-06-11 21:39:58.000","2026-04-02 07:03:10.000","97,487"
"400024997","2025-06-11 21:39:39.000","2026-04-02 07:05:35.000","96,128"
"400025003","2025-06-11 21:39:37.000","2026-04-02 07:05:00.000","107,617"
"400025004","2025-06-11 21:39:42.000","2026-04-02 07:04:25.000","98,570"
"400025005","2025-06-11 21:39:46.000","2026-04-02 07:05:55.000","96,609"
"400025008","2025-06-11 21:39:27.000","2026-04-02 07:05:24.000","101,523"
"400025018","2025-06-11 21:39:47.000","2026-04-02 07:05:36.000","98,458"
"400025021","2025-06-11 21:39:40.000","2026-04-02 07:05:58.000","98,438"
"400025028","2025-06-11 21:39:50.000","2026-04-02 07:06:01.000","98,641"
"400025030","2025-06-11 21:30:00.000","2026-04-02 07:05:00.000","40,210"
"400025034","2025-06-11 21:39:52.000","2026-04-02 07:05:52.000","99,312"
"400025038","2025-06-11 21:39:22.000","2026-04-02 07:03:33.000","92,684"
"400025041","2025-06-11 21:39:52.000","2026-04-02 07:05:25.000","92,389"
"400025043","2025-06-11 21:39:14.000","2026-04-02 07:05:00.000","97,837"
"400025044","2025-06-11 21:39:19.000","2026-04-02 07:05:25.000","99,989"
"400025047","2025-06-11 21:39:17.000","2026-04-02 07:06:00.000","96,343"
"400025052","2025-06-11 21:39:40.000","2026-04-02 07:05:45.000","98,542"
"400025054","2025-08-25 16:50:01.000","2026-04-02 07:05:00.000","62,653"
"400025092","2025-08-01 05:02:09.000","2026-04-02 04:29:33.000","5,702"
"400025096","2025-08-01 00:15:04.000","2026-04-02 06:54:28.000","26,425"
"400025145","2025-06-12 20:44:35.000","2026-04-02 07:05:22.000","95,585"
"400025146","2025-08-01 00:16:46.000","2026-04-02 06:53:58.000","26,704"
"400025167","2025-08-22 23:25:01.000","2026-04-02 07:05:01.000","32,272"
"400025174","2025-06-14 00:45:00.000","2026-04-02 07:00:00.000","39,978"
"400025177","2025-06-12 20:44:46.000","2026-04-02 07:05:41.000","96,542"
"400025180","2025-08-01 04:15:24.000","2026-04-02 04:26:13.000","5,739"
"400025182","2025-08-01 00:16:39.000","2026-04-02 06:53:09.000","25,722"
"400025187","2025-06-07 02:10:00.000","2026-04-02 07:05:42.000","86,310"
"400025206","2025-06-12 16:22:52.000","2026-04-02 07:02:52.000","84,542"
"400025214","2025-08-01 04:30:54.000","2026-04-02 04:38:48.000","5,886"
"400025216","2025-06-12 20:45:00.000","2026-04-02 07:05:00.000","40,007"
"400025221","2025-06-12 20:45:00.000","2026-04-02 07:00:00.000","40,037"
"400025224","2025-08-01 00:15:35.000","2026-04-02 06:56:33.000","24,045"
"400025230","2025-06-12 20:44:55.000","2026-04-02 07:05:47.000","94,670"
"400025234","2025-08-22 23:30:35.000","2026-04-02 07:05:36.000","63,770"
"400025237","2025-06-12 20:45:00.000","2026-04-02 06:55:00.000","39,994"
"400025241","2025-06-12 20:44:21.000","2026-04-02 07:05:52.000","96,438"
"400025244","2025-06-12 20:45:00.000","2026-04-02 07:00:00.000","39,680"
"400025246","2025-06-12 20:45:00.000","2026-04-02 07:00:00.000","40,034"
"400025260","2025-06-12 20:44:58.000","2026-04-02 07:05:27.000","94,910"
"400025262","2025-06-12 20:44:35.000","2026-04-02 07:06:01.000","96,030"
"400025271","2025-06-12 20:44:19.000","2026-04-02 07:05:27.000","96,904"
"400025300","2025-08-01 00:15:35.000","2026-03-23 16:01:56.000","14,901"
"400025301","2025-06-12 20:45:00.000","2026-04-02 07:00:00.000","40,031"
"400025318","2025-06-12 20:45:00.000","2026-04-02 07:05:39.000","95,227"
"400025322","2025-06-12 20:44:22.000","2026-04-02 07:05:50.000","97,497"
"400025325","2025-06-12 20:45:00.000","2026-04-02 07:05:00.000","39,378"
"400025329","2025-06-12 20:44:57.000","2026-04-02 07:06:03.000","98,120"
"400025335","2025-06-12 20:44:18.000","2026-04-02 07:05:46.000","95,858"
"400025338","2025-06-12 20:44:58.000","2026-04-02 07:05:37.000","97,842"
"400025340","2025-06-12 20:44:40.000","2026-04-02 07:05:46.000","99,199"
"400025342","2025-06-12 20:44:29.000","2026-04-02 07:05:54.000","99,980"
"400025344","2025-06-12 20:44:40.000","2026-04-02 07:06:05.000","92,750"
"400025349","2025-06-12 20:44:35.000","2026-04-02 07:04:02.000","97,142"
"400025351","2025-06-12 20:44:41.000","2026-04-02 07:05:42.000","97,131"
"400025361","2025-06-12 20:45:00.000","2026-04-02 07:05:40.000","99,693"
"400025367","2025-06-12 20:44:18.000","2026-04-02 07:05:30.000","96,893"
"400025369","2025-06-12 20:44:42.000","2026-04-02 07:05:58.000","98,022"
"400025371","2025-06-12 20:44:26.000","2026-04-02 07:03:59.000","100,347"
"400025372","2025-06-12 20:44:58.000","2026-04-02 07:05:34.000","95,051"
"400025373","2025-06-12 20:44:22.000","2026-04-02 07:05:49.000","96,168"
"400025381","2025-06-12 20:44:21.000","2026-04-02 07:05:00.000","97,393"
"400025390","2025-06-12 20:44:54.000","2026-04-02 07:06:00.000","98,258"
"400025392","2025-08-11 21:35:56.000","2026-04-02 06:45:36.000","63,363"
"400025393","2025-06-12 20:44:45.000","2026-04-02 07:04:01.000","98,631"
"400025398","2026-02-12 13:30:00.000","2026-04-02 05:17:19.000","4,432"
"400025399","2025-06-12 20:44:37.000","2026-04-02 07:05:45.000","95,430"
"400025400","2025-06-12 20:44:47.000","2026-04-02 07:05:31.000","95,611"
"400025401","2025-06-12 20:45:00.000","2026-04-02 07:05:47.000","90,625"
"400025408","2025-06-12 20:44:25.000","2026-04-02 07:05:26.000","90,262"
"400025412","2025-06-12 20:44:26.000","2026-04-02 07:05:57.000","96,971"
"400025416","2025-06-12 20:44:41.000","2026-04-02 07:05:44.000","94,937"
"400025418","2025-06-12 20:44:40.000","2026-04-02 07:05:50.000","97,105"
"400025420","2025-06-12 20:44:17.000","2026-04-02 07:05:33.000","97,204"
"400025421","2025-06-12 20:44:28.000","2026-02-27 19:25:00.000","82,729"
"400025422","2025-06-12 20:44:42.000","2026-04-02 07:05:35.000","98,137"
"400025426","2025-06-12 20:44:26.000","2026-04-02 07:05:38.000","97,430"
"400025427","2025-06-12 20:44:36.000","2026-04-02 07:05:22.000","99,351"
"400025428","2025-06-12 20:44:27.000","2026-04-02 07:05:22.000","95,713"
"400025429","2025-06-12 20:44:31.000","2026-04-02 07:05:47.000","95,255"
"400025432","2025-06-12 20:44:38.000","2026-04-02 07:05:24.000","95,474"
"400025433","2025-06-12 20:44:33.000","2026-04-02 07:05:24.000","95,997"
"400025434","2025-06-12 20:44:55.000","2026-04-02 07:05:57.000","95,878"
"400025436","2025-06-12 20:44:54.000","2026-04-02 07:05:36.000","96,866"
"400025437","2025-06-12 20:44:46.000","2026-04-02 07:05:22.000","95,054"
"400025439","2025-06-12 20:44:39.000","2026-04-02 07:05:34.000","92,554"
"400025441","2025-06-12 20:44:30.000","2026-04-02 07:05:00.000","96,443"
"400025442","2025-06-12 20:44:29.000","2026-04-02 07:05:24.000","95,504"
"400025443","2025-06-12 20:44:35.000","2026-04-02 07:05:35.000","87,955"
"400025445","2025-04-08 21:13:58.000","2026-04-02 07:05:25.000","94,787"
"400025446","2025-06-12 20:44:40.000","2026-04-02 07:05:28.000","91,343"
"400025453","2025-06-12 20:44:26.000","2026-04-02 07:05:55.000","94,603"
"400025459","2025-06-12 20:44:43.000","2026-04-02 07:05:00.000","97,148"
"400025495","2025-06-14 00:45:00.000","2026-04-02 07:00:00.000","39,990"
"400025497","2025-10-02 16:50:42.000","2025-12-07 05:30:42.000","19,225"
"400025504","2025-06-14 00:45:00.000","2026-04-02 07:00:00.000","40,014"
"400025505","2025-06-14 00:45:00.000","2026-04-02 06:45:00.000","39,532"
"400025510","2025-08-25 16:55:00.000","2026-04-02 07:05:01.000","62,990"
"400025511","2025-08-25 16:55:00.000","2026-04-02 07:05:02.000","62,899"
"400025516","2025-06-14 00:45:00.000","2026-04-02 07:00:00.000","40,092"
"400025517","2025-08-26 00:50:01.000","2025-12-10 23:25:00.000","30,207"
"400025518","2025-06-14 00:45:00.000","2026-04-02 07:00:00.000","39,882"
"400025519","2025-06-11 07:00:00.000","2026-04-02 07:05:00.000","84,598"
"400025520","2025-06-14 00:45:00.000","2026-04-02 07:05:00.000","39,946"
"400025521","2025-08-22 23:30:00.000","2026-04-02 07:05:00.000","62,920"
"400025525","2025-06-13 20:44:27.000","2026-04-02 07:05:29.000","97,084"
"400025527","2025-06-14 00:45:00.000","2026-04-02 07:05:00.000","40,088"
"400025528","2025-05-08 15:50:00.000","2026-04-02 07:05:00.000","93,935"
"400025529","2025-06-14 00:45:00.000","2026-04-02 07:00:00.000","39,924"
"400025540","2025-08-01 00:16:47.000","2026-04-02 04:10:18.000","14,790"
"400025549","2025-06-14 00:45:00.000","2026-04-02 07:00:00.000","40,064"
"400025551","2025-06-14 00:45:00.000","2026-04-02 07:05:00.000","40,010"
"400025559","2025-08-01 00:15:06.000","2026-04-02 05:03:32.000","10,594"
"400025563","2025-06-13 20:44:39.000","2026-04-02 07:05:45.000","97,253"
"400025565","2025-06-13 20:44:34.000","2026-04-02 07:06:01.000","100,982"
"400025571","2025-06-13 20:44:28.000","2026-04-02 07:05:55.000","100,027"
"400025584","2025-06-13 20:44:41.000","2026-04-02 07:05:37.000","95,556"
"400025585","2025-06-13 20:44:22.000","2026-04-02 07:05:37.000","93,808"
"400025590","2025-08-25 16:50:01.000","2026-04-02 07:05:00.000","61,731"
"400025591","2025-06-13 20:44:35.000","2026-04-02 07:05:21.000","96,293"
"400025594","2025-06-13 20:44:16.000","2026-04-02 07:05:57.000","98,707"
"400025598","2025-06-13 20:44:15.000","2026-04-02 07:05:48.000","96,753"
"400025600","2025-06-13 20:44:44.000","2026-04-02 07:05:53.000","101,174"
"400025623","2025-06-18 20:14:56.000","2026-04-02 07:05:24.000","94,548"
"400025626","2025-06-18 20:30:00.000","2026-04-02 06:45:00.000","28,647"
"400025633","2025-08-22 23:30:00.000","2026-03-06 15:20:00.000","28,387"
"400025638","2025-06-18 20:30:00.000","2026-04-02 07:00:00.000","39,573"
"400025642","2025-06-18 20:45:00.000","2026-04-02 07:00:00.000","39,630"
"400025663","2025-06-18 20:15:00.000","2026-04-02 06:45:00.000","31,742"
"400025671","2025-06-18 20:45:00.000","2026-04-02 07:05:00.000","39,540"
"400025680","2025-06-18 20:30:00.000","2026-04-02 07:05:00.000","39,614"
"400025683","2025-06-18 20:30:00.000","2026-04-02 07:05:00.000","39,541"
"400025708","2025-10-13 21:25:37.000","2026-04-02 07:03:10.000","48,663"
"400025725","2025-06-18 20:15:00.000","2026-04-02 07:05:00.000","39,528"
"400025732","2025-06-16 07:00:00.000","2026-04-02 07:05:01.000","83,680"
"400025738","2025-06-18 20:14:51.000","2026-04-02 07:05:36.000","95,666"
"400025757","2025-06-18 20:30:00.000","2026-04-02 06:45:00.000","39,232"
"400025762","2025-06-18 20:15:00.000","2026-04-02 07:05:00.000","39,634"
"400025771","2025-08-01 00:15:13.000","2026-04-02 06:56:06.000","26,089"
"400025775","2025-08-01 00:16:49.000","2026-04-02 06:53:54.000","26,267"
"400025786","2025-06-18 20:15:00.000","2026-04-02 07:05:27.000","95,763"
"400025788","2025-06-18 20:14:30.000","2026-04-02 07:05:52.000","95,860"
"400025801","2025-06-18 20:15:00.000","2026-04-02 07:05:00.000","39,290"
"400025808","2025-06-18 20:14:52.000","2026-04-02 07:05:38.000","94,890"
"400025810","2025-06-18 20:15:00.000","2026-04-02 07:00:00.000","39,469"
"400025815","2025-06-18 20:15:00.000","2026-04-02 07:05:00.000","39,716"
"400025816","2025-06-18 20:14:40.000","2026-04-02 07:05:56.000","93,095"
"400025822","2025-06-18 20:14:50.000","2026-04-02 07:05:42.000","93,716"
"400025828","2025-06-18 20:14:38.000","2025-10-03 16:25:21.000","25,146"
"400025831","2025-06-18 20:14:50.000","2026-04-02 07:05:45.000","95,279"
"400025838","2025-06-18 20:14:31.000","2026-04-02 07:03:32.000","98,580"
"400025839","2025-08-25 16:53:34.000","2026-04-02 07:03:34.000","62,565"
"400025849","2025-06-18 20:14:58.000","2026-04-02 07:05:00.000","92,892"
"400025854","2025-06-18 20:14:38.000","2026-04-02 07:03:38.000","92,277"
"400025857","2025-06-18 20:14:44.000","2026-04-02 07:05:33.000","94,272"
"400025868","2025-06-18 20:14:56.000","2026-04-02 07:05:38.000","88,668"
"400025873","2025-06-18 20:14:20.000","2026-04-02 07:06:00.000","92,257"
"400025877","2025-06-18 20:14:57.000","2026-04-02 07:06:00.000","84,237"
"400025900","2025-06-12 07:02:07.000","2026-04-02 07:07:07.000","74,815"
"400025907","2025-06-18 20:15:00.000","2026-04-02 07:05:00.000","39,262"
"400025908","2025-06-18 20:15:00.000","2026-04-02 07:05:00.000","39,652"
"400025914","2025-08-01 04:45:19.000","2026-04-02 04:17:52.000","5,905"
"400025930","2025-10-10 18:41:10.000","2026-04-02 07:05:00.000","49,609"
"400025931","2025-06-18 20:15:00.000","2026-04-02 07:00:00.000","39,622"
"400025937","2025-06-18 20:15:00.000","2026-04-02 07:05:00.000","39,641"
"400025941","2025-08-01 00:15:12.000","2026-04-02 04:08:06.000","25,069"
"400025953","2025-06-18 20:15:00.000","2026-04-02 07:05:00.000","39,290"
"400025969","2025-06-18 20:15:00.000","2026-04-02 07:00:00.000","39,712"
"400025980","2025-06-18 20:14:44.000","2026-04-02 07:05:00.000","91,808"
"400026009","2025-06-18 20:15:00.000","2026-04-02 07:00:00.000","39,136"
"400026032","2025-06-18 20:14:49.000","2026-04-02 07:05:54.000","97,810"
"400026054","2025-06-18 20:14:45.000","2026-04-02 07:05:54.000","94,677"
"400026061","2025-08-01 00:15:13.000","2026-04-02 06:54:41.000","26,115"
"400026065","2025-06-18 20:15:00.000","2026-04-02 07:00:00.000","39,469"
"400026073","2025-07-17 22:45:58.000","2026-04-02 07:05:00.000","85,365"
"400026074","2025-06-18 20:14:51.000","2026-04-02 07:06:03.000","93,538"
"400026076","2025-06-18 20:14:44.000","2026-04-02 07:05:42.000","94,032"
"400026106","2025-06-18 20:19:36.000","2026-04-02 07:05:30.000","96,163"
"400026112","2025-08-01 00:15:59.000","2026-04-02 06:54:26.000","26,768"
"400026120","2025-06-18 21:15:00.000","2026-04-02 07:05:00.000","39,621"
"400026125","2025-06-18 20:19:32.000","2026-04-02 07:04:09.000","95,924"
"400026129","2025-06-18 20:19:38.000","2026-04-02 07:05:38.000","93,501"
"400026131","2025-06-18 20:19:28.000","2026-04-02 07:06:02.000","96,736"
"400026132","2025-06-18 20:15:00.000","2026-04-02 07:05:00.000","38,850"
"400026133","2025-06-18 20:19:38.000","2026-04-02 07:05:51.000","91,641"
"400026134","2025-06-18 20:19:23.000","2026-04-02 07:05:41.000","87,730"
"400026135","2025-06-18 21:15:00.000","2026-04-02 06:45:00.000","28,442"
"400026138","2025-06-18 20:19:29.000","2026-04-02 07:05:55.000","95,840"
"400026151","2025-06-18 20:19:19.000","2026-03-02 21:55:46.000","82,744"
"400026197","2025-06-19 21:05:16.000","2026-04-02 07:05:44.000","87,463"
"400026203","2025-06-19 21:05:32.000","2026-04-02 07:05:19.000","94,451"
"400026208","2025-06-03 07:00:01.000","2026-04-02 07:05:01.000","80,786"
"400026216","2025-08-01 04:15:45.000","2026-04-02 04:44:19.000","5,794"
"400026227","2025-06-21 00:45:00.000","2026-04-02 07:05:00.000","39,560"
"400026234","2025-06-19 21:00:00.000","2026-04-02 07:05:00.000","39,616"
"400026235","2025-06-19 21:05:04.000","2026-04-02 07:05:55.000","92,061"
"400026237","2025-06-19 21:05:08.000","2026-04-02 07:05:43.000","83,866"
"400026241","2025-08-01 00:15:06.000","2026-04-01 22:01:14.000","25,741"
"400026253","2025-08-01 04:30:24.000","2026-04-02 04:19:35.000","5,797"
"400026257","2025-08-22 23:30:00.000","2026-04-02 07:05:00.000","57,838"
"400026259","2025-06-19 21:05:00.000","2026-04-02 07:04:15.000","95,045"
"400026263","2025-06-19 21:15:00.000","2026-04-02 06:50:00.000","39,062"
"400026266","2025-06-19 21:05:21.000","2026-04-02 07:04:31.000","100,220"
"400026268","2025-08-01 00:15:22.000","2026-04-02 06:54:57.000","26,310"
"400026277","2025-06-19 21:05:08.000","2025-09-05 20:58:49.000","22,326"
"400026278","2025-06-19 21:05:18.000","2026-04-02 07:05:41.000","94,658"
"400026279","2025-06-19 21:05:39.000","2026-04-02 07:06:01.000","97,022"
"400026280","2025-06-19 21:05:00.000","2026-04-02 07:04:10.000","93,667"
"400026281","2025-06-19 21:05:02.000","2026-04-02 07:05:42.000","96,899"
"400026285","2025-06-19 21:05:22.000","2026-04-02 07:05:34.000","95,286"
"400026286","2025-06-19 21:05:01.000","2026-04-02 07:05:21.000","92,643"
"400026292","2025-08-01 00:15:05.000","2026-03-31 22:22:32.000","21,718"
"400026293","2025-06-19 21:05:00.000","2026-04-02 07:05:20.000","95,360"
"400026298","2025-06-19 21:05:21.000","2026-04-02 07:05:36.000","92,510"
"400026299","2025-06-19 21:05:20.000","2026-04-02 07:05:48.000","98,005"
"400026300","2025-06-19 21:05:00.000","2026-04-02 07:05:36.000","94,474"
"400026301","2025-08-01 00:15:59.000","2026-04-02 06:54:59.000","27,006"
"400026306","2025-06-19 21:05:23.000","2026-04-02 07:05:22.000","92,361"
"400026312","2025-06-19 21:05:00.000","2026-04-02 07:06:01.000","94,795"
"400026315","2025-06-19 21:05:14.000","2026-04-02 07:05:51.000","95,356"
"400026316","2025-06-19 21:05:08.000","2026-04-02 07:05:32.000","95,390"
"400026317","2025-06-19 21:05:04.000","2026-04-02 07:05:27.000","93,313"
"400026321","2025-06-19 21:05:00.000","2026-04-02 07:05:25.000","98,084"
"400026323","2025-06-19 21:05:07.000","2026-04-02 07:05:33.000","93,505"
"400026324","2025-06-19 21:05:26.000","2026-04-02 07:05:41.000","91,668"
"400026329","2025-06-19 21:05:03.000","2026-04-02 07:05:34.000","72,612"
"400026330","2025-06-19 21:05:23.000","2026-04-02 07:05:34.000","92,609"
"400026332","2025-06-19 21:05:00.000","2026-04-02 07:05:49.000","95,081"
"400026333","2025-06-19 21:05:07.000","2026-04-02 07:04:49.000","94,493"
"400026335","2025-06-19 21:05:00.000","2026-04-02 07:05:36.000","89,423"
"400026337","2025-06-19 21:05:28.000","2026-04-02 07:05:53.000","95,050"
"400026338","2025-06-19 21:05:33.000","2026-04-02 07:05:30.000","94,097"
"400026343","2025-06-19 21:05:20.000","2026-04-02 07:05:30.000","46,033"
"400026346","2025-06-19 21:05:21.000","2026-04-02 07:04:00.000","99,307"
"400026348","2025-06-19 21:05:00.000","2026-04-02 07:06:03.000","92,637"
"400026350","2025-08-01 00:15:01.000","2026-04-02 06:57:49.000","26,168"
"400026354","2025-08-01 00:15:03.000","2026-04-02 06:57:02.000","26,777"
"400026355","2025-06-19 21:15:00.000","2026-04-02 07:05:00.000","39,441"
"400026356","2025-06-19 21:05:17.000","2026-04-02 07:06:01.000","92,372"
"400026358","2025-08-01 00:15:09.000","2026-04-02 06:54:51.000","26,862"
"400026359","2025-06-19 21:05:00.000","2026-04-02 07:05:32.000","94,522"
"400026360","2025-06-18 07:00:01.000","2026-04-02 07:05:00.000","80,765"
"400026362","2025-06-19 21:05:00.000","2026-04-02 07:05:36.000","94,019"
"400026364","2025-06-19 21:05:02.000","2026-04-02 07:05:21.000","88,627"
"400026370","2025-06-19 21:05:11.000","2026-04-02 07:05:52.000","94,590"
"400026372","2025-06-19 21:05:14.000","2026-04-02 07:05:44.000","94,545"
"400026373","2025-06-19 21:05:39.000","2026-04-02 07:06:03.000","95,017"
"400026374","2025-06-19 21:05:33.000","2026-04-02 07:05:43.000","89,226"
"400026384","2025-06-19 21:15:00.000","2026-04-02 07:00:00.000","39,483"
"400026386","2025-06-19 21:15:00.000","2026-04-02 07:05:00.000","39,480"
"400026387","2025-08-01 00:15:57.000","2026-04-02 06:55:04.000","27,180"
"400026388","2025-06-19 21:05:00.000","2026-04-02 07:05:31.000","94,024"
"400026394","2025-06-19 21:05:00.000","2026-04-02 07:05:27.000","88,791"
"400026396","2025-08-01 00:16:46.000","2026-04-02 06:52:37.000","26,590"
"400026398","2025-06-19 21:05:35.000","2026-04-02 07:06:04.000","94,406"
"400026400","2025-06-19 21:05:00.000","2026-04-02 07:05:00.000","90,371"
"400026401","2025-06-19 21:05:13.000","2026-04-02 07:05:28.000","95,263"
"400026406","2025-06-19 21:05:35.000","2026-04-02 07:05:32.000","94,734"
"400026407","2025-06-19 21:05:04.000","2026-04-02 07:05:43.000","96,670"
"400026409","2025-06-19 21:05:00.000","2026-04-02 07:05:54.000","93,132"
"400026410","2025-06-19 21:05:00.000","2026-04-02 07:05:50.000","92,557"
"400026412","2025-06-19 21:05:00.000","2026-04-02 07:05:40.000","94,634"
"400026413","2025-08-01 00:16:42.000","2026-04-02 06:55:03.000","25,873"
"400026415","2025-06-19 21:05:03.000","2026-04-02 07:05:46.000","94,111"
"400026421","2025-06-19 21:05:05.000","2026-04-02 07:05:35.000","94,915"
"400026441","1970-01-21 15:28:14.000","2025-09-30 22:15:01.000","28,266"
"400026442","2025-06-20 17:50:00.000","2026-04-02 07:05:01.000","48,349"
"400026443","2025-06-20 17:50:00.000","2025-08-01 05:25:00.000","11,834"
"400026444","1970-01-21 15:28:14.000","2026-04-02 07:05:01.000","81,983"
"400026445","1970-01-21 15:28:13.000","2026-04-02 07:05:00.000","78,876"
"400026448","2025-06-20 21:15:00.000","2026-04-02 07:00:00.000","39,465"
"400026449","2025-06-20 21:15:00.000","2026-04-02 07:00:00.000","39,397"
"400026451","2025-06-20 21:15:00.000","2026-04-02 07:00:00.000","39,427"
"400026456","2025-06-20 21:15:00.000","2026-04-02 07:00:00.000","40,177"
"400026459","2025-04-29 22:29:14.000","2026-04-02 07:05:38.000","53,108"
"400026474","2025-06-20 21:15:00.000","2026-04-02 07:00:00.000","39,385"
"400026482","2025-06-20 21:05:00.000","2026-04-02 07:05:51.000","94,286"
"400026484","2025-06-20 21:05:00.000","2026-04-02 07:05:56.000","94,052"
"400026488","2025-06-20 21:15:00.000","2026-04-02 07:05:00.000","39,432"
"400026490","2025-08-01 00:16:38.000","2026-04-02 06:55:05.000","27,389"
"400026491","2025-08-01 00:15:44.000","2026-04-02 06:51:29.000","26,537"
"400026499","2025-08-01 00:15:08.000","2026-04-02 06:59:06.000","26,856"
"400026500","2025-06-20 21:05:05.000","2026-04-02 07:05:20.000","93,977"
"400026506","2025-06-20 21:05:00.000","2026-04-02 07:05:47.000","94,376"
"400026508","2025-05-01 18:12:15.000","2026-04-02 07:02:16.000","96,949"
"400026511","2025-06-20 21:05:00.000","2026-04-02 07:05:22.000","96,426"
"400026523","2025-06-20 21:05:00.000","2026-04-02 07:05:25.000","92,471"
"400026524","2025-06-20 21:05:00.000","2026-04-02 07:05:38.000","98,816"
"400026525","2025-06-20 21:05:00.000","2026-04-02 07:05:56.000","92,283"
"400026535","2025-06-20 21:05:00.000","2026-04-02 07:05:51.000","94,251"
"400026542","2025-06-20 21:05:00.000","2026-04-02 07:05:34.000","98,993"
"400026965","2025-08-22 23:30:01.000","2026-04-02 07:05:01.000","63,750"
"400027006","2025-08-25 16:55:01.000","2026-04-02 07:05:00.000","62,426"
"400027051","2025-08-22 23:25:00.000","2026-04-02 07:05:00.000","62,892"
"400027153","2025-04-09 17:07:00.000","2026-04-02 07:05:00.000","94,087"
"400027175","2025-08-22 23:27:57.000","2026-03-31 22:17:56.000","15,130"
"400027192","2025-08-22 23:30:00.000","2026-04-02 07:00:01.000","63,319"
"400027199","2025-09-02 21:35:01.000","2026-04-02 07:05:00.000","60,861"
"400027213","2025-08-26 00:50:01.000","2026-04-02 07:05:01.000","61,697"
"400027239","2025-07-03 19:40:36.000","2026-04-02 07:05:45.000","95,842"
"400027243","2025-07-03 19:30:00.000","2026-04-02 07:00:00.000","38,522"
"400027254","2025-07-03 19:40:24.000","2026-04-02 07:05:33.000","94,883"
"400027263","2025-07-03 19:30:00.000","2026-04-02 07:05:00.000","38,474"
"400027301","2025-07-03 19:30:00.000","2026-04-02 07:00:00.000","38,484"
"400027318","2025-07-01 07:02:16.000","2026-04-02 07:07:15.000","78,588"
"400027338","2025-05-29 22:06:59.000","2026-04-02 07:07:00.000","88,293"
"400027353","2025-07-03 19:30:00.000","2026-04-02 06:45:00.000","38,419"
"400027354","2025-07-03 19:30:00.000","2026-04-02 07:00:00.000","38,468"
"400027372","2025-08-22 23:30:00.000","2026-04-02 07:05:01.000","63,636"
"400027373","2025-07-03 19:30:00.000","2026-04-02 07:00:00.000","38,407"
"400027379","2025-07-03 19:30:00.000","2026-04-02 07:00:00.000","38,375"
"400027380","2025-08-01 00:15:24.000","2026-04-02 06:56:09.000","26,037"
"400027384","2025-07-03 19:30:00.000","2026-04-02 07:00:00.000","38,693"
"400027390","2025-07-03 19:30:00.000","2026-04-02 07:00:00.000","38,367"
"400027398","2025-08-25 16:51:14.000","2026-04-02 07:06:15.000","62,593"
"400027405","2025-07-03 19:30:00.000","2026-04-02 07:00:00.000","38,446"
"400027406","2025-07-03 19:30:00.000","2026-04-02 07:00:00.000","38,501"
"400027414","2025-08-01 00:15:08.000","2026-04-02 06:53:50.000","26,347"
"400027416","2025-07-03 19:39:55.000","2026-04-02 07:05:22.000","90,851"
"400027449","2025-07-03 19:40:21.000","2026-04-02 07:05:55.000","90,112"
"400027452","2025-07-03 19:30:00.000","2026-04-02 06:45:00.000","36,427"
"400027453","2025-07-03 19:40:00.000","2026-04-02 07:05:41.000","91,625"
"400027456","2025-07-03 19:30:00.000","2026-04-02 07:05:00.000","38,513"
"400027503","2025-07-03 19:45:00.000","2026-04-02 07:00:00.000","38,543"
"400027512","2025-08-01 00:15:26.000","2026-04-02 06:53:12.000","26,505"
"400027537","2025-07-03 19:45:00.000","2026-04-02 07:05:00.000","37,916"
"400027538","2025-07-03 19:45:23.000","2026-04-02 07:05:23.000","89,892"
"400027550","2025-07-03 19:45:00.000","2026-04-02 07:05:00.000","37,893"
"400027570","2025-06-06 16:01:09.000","2026-04-02 07:05:01.000","86,252"
"400027574","2025-05-07 20:35:00.000","2026-04-02 07:06:07.000","94,682"
"400027593","2025-07-03 19:45:00.000","2026-04-02 06:45:00.000","28,519"
"400027668","2025-07-10 16:15:00.000","2026-04-02 07:05:00.000","35,754"
"400027679","2025-07-10 16:15:00.000","2026-04-02 07:05:00.000","37,644"
"400027686","2025-07-10 16:15:00.000","2026-04-02 07:00:00.000","37,602"
"400027692","2025-07-10 16:15:00.000","2026-04-02 07:00:00.000","37,691"
"400027697","2025-07-10 16:15:00.000","2026-04-02 07:05:00.000","32,760"
"400027717","2025-07-10 16:15:00.000","2026-04-02 07:00:00.000","37,620"
"400027721","2025-07-10 16:15:00.000","2026-04-02 07:00:00.000","37,596"
"400027729","2025-07-06 07:00:02.000","2026-04-02 07:05:01.000","77,784"
"400027730","2025-07-10 16:15:00.000","2026-04-02 07:00:00.000","37,619"
"400027735","2025-08-25 16:51:48.000","2026-04-02 07:06:48.000","62,975"
"400027741","2025-07-10 16:15:00.000","2026-04-02 07:00:00.000","37,678"
"400027747","2025-07-10 16:15:00.000","2026-04-02 07:00:00.000","37,660"
"400027750","2025-07-10 16:15:00.000","2026-04-02 07:05:00.000","37,577"
"400027770","2025-07-10 16:15:00.000","2026-04-02 07:05:00.000","37,725"
"400027773","2025-08-25 16:53:05.000","2026-04-02 07:03:05.000","62,148"
"400027775","2025-08-25 16:53:36.000","2026-04-02 07:03:37.000","63,033"
"400027783","2025-08-01 07:15:42.000","2026-04-02 04:19:45.000","5,749"
"400027791","2025-07-10 16:15:00.000","2026-04-02 07:00:00.000","37,675"
"400027794","2025-07-10 16:15:00.000","2026-04-02 06:55:00.000","37,808"
"400027796","2025-07-10 16:15:00.000","2026-04-02 07:00:00.000","37,758"
"400027797","2025-07-10 16:15:00.000","2026-04-02 07:05:00.000","37,648"
"400027807","2025-08-22 23:30:00.000","2026-04-02 07:05:00.000","62,758"
"400027814","2025-08-22 23:32:23.000","2026-04-02 07:02:23.000","61,712"
"400027815","2025-07-10 16:15:00.000","2026-04-02 07:00:00.000","37,258"
"400027817","2025-07-10 16:15:00.000","2026-04-02 07:00:00.000","37,636"
"400027823","2025-07-10 16:15:00.000","2026-04-02 07:05:00.000","37,789"
"400027825","2025-07-10 16:15:00.000","2026-04-02 07:00:00.000","37,126"
"400027826","2025-07-10 16:15:00.000","2026-04-02 07:05:00.000","37,444"
"400027829","2025-07-10 16:15:00.000","2026-04-02 07:00:00.000","37,830"
"400027830","2025-07-10 16:15:00.000","2026-04-02 07:00:00.000","37,556"
"400027864","2025-08-01 00:15:12.000","2026-04-02 06:55:19.000","26,056"
"400027872","2025-07-10 16:15:00.000","2026-04-02 07:05:00.000","36,167"
"400027879","2025-08-01 00:15:32.000","2026-04-02 06:53:51.000","26,045"
"400027885","2025-08-22 23:30:00.000","2026-04-02 07:05:00.000","63,858"
"400027896","2025-07-10 16:15:00.000","2026-04-02 07:00:00.000","37,852"
"400027898","2025-07-10 16:15:00.000","2026-04-02 07:00:00.000","37,684"
"400027907","2025-07-10 16:15:00.000","2026-04-02 07:00:00.000","37,609"
"400027910","2025-07-10 16:15:00.000","2026-04-02 07:00:00.000","37,667"
"400027916","2025-07-10 16:15:00.000","2026-04-02 07:00:00.000","37,832"
"400027935","2025-08-01 05:02:22.000","2026-04-02 04:11:44.000","5,795"
"400027940","2025-08-01 00:15:38.000","2026-04-02 06:56:20.000","27,089"
"400027942","2025-08-01 04:30:07.000","2026-04-02 04:58:22.000","6,033"
"400027951","2025-08-01 00:15:50.000","2026-04-02 06:55:28.000","25,910"
"400027994","2025-08-01 04:15:16.000","2026-04-02 04:30:41.000","6,043"
"400027995","2025-08-25 16:23:08.000","2026-04-02 05:30:34.000","8,724"
"400027999","2025-08-01 00:15:53.000","2026-04-02 06:55:09.000","26,398"
"400028000","2025-08-01 00:16:48.000","2026-04-02 06:58:05.000","24,579"
"400028002","2025-08-01 04:15:34.000","2026-04-02 04:22:28.000","2,289"
"400028003","2025-08-01 00:15:55.000","2026-04-02 06:53:12.000","26,390"
"400028006","2025-08-01 04:15:40.000","2026-04-02 04:32:56.000","5,868"
"400028008","2025-08-01 00:15:59.000","2026-04-02 06:54:18.000","25,963"
"400028011","2025-08-01 00:16:36.000","2026-04-02 06:55:23.000","25,602"
"400028012","2025-08-01 00:16:44.000","2026-04-02 06:55:25.000","26,238"
"400028015","2025-08-01 00:15:55.000","2026-04-02 06:54:40.000","26,774"
"400028016","2025-08-01 00:15:29.000","2026-04-02 03:57:39.000","13,787"
"400028017","2025-08-01 04:15:51.000","2026-04-02 04:46:06.000","6,186"
"400028024","2025-08-01 00:15:18.000","2026-04-02 06:57:04.000","26,449"
"400028030","2025-08-01 00:15:54.000","2026-04-02 06:53:34.000","26,201"
"400028034","2025-08-01 00:15:45.000","2026-04-02 06:58:04.000","26,242"
"400028040","2025-08-01 04:15:22.000","2026-04-02 04:00:49.000","5,880"
"400028042","2025-08-01 05:02:15.000","2026-04-02 04:52:21.000","5,986"
"400028053","2025-08-01 00:15:21.000","2026-04-02 06:57:46.000","26,259"
"400028054","2025-08-01 00:15:09.000","2026-04-02 06:17:47.000","5,855"
"400028055","2025-08-01 00:16:49.000","2026-04-02 06:54:06.000","22,787"
"400028058","2025-08-01 00:15:49.000","2026-04-02 06:54:23.000","26,003"
"400028059","2025-08-01 00:15:16.000","2026-04-02 06:58:37.000","26,069"
"400028061","2025-08-01 00:15:06.000","2026-04-02 06:17:59.000","9,807"
"400028069","2025-08-01 00:15:59.000","2026-04-02 06:54:08.000","23,130"
"400028071","2025-08-25 16:54:50.000","2026-04-02 07:04:49.000","63,140"
"400028073","2025-08-06 00:02:35.000","2026-04-02 06:56:04.000","25,995"
"400028082","2025-08-01 00:15:09.000","2026-04-02 06:58:24.000","26,816"
"400028085","2025-08-01 00:15:06.000","2026-04-02 04:04:37.000","17,675"
"400028086","2025-08-01 00:15:36.000","2026-04-02 06:54:38.000","26,073"
"400028091","2025-08-01 00:15:49.000","2026-04-02 07:00:22.000","26,088"
"400028092","2025-08-01 00:15:53.000","2026-04-02 06:59:17.000","14,416"
"400028096","2025-08-01 00:15:28.000","2026-04-02 03:58:10.000","9,523"
"400028099","2025-08-01 00:15:29.000","2026-04-02 06:52:07.000","26,603"
"400028101","2025-08-01 00:15:16.000","2026-04-02 06:52:09.000","27,133"
"400028103","2025-07-11 19:15:00.000","2026-04-02 07:05:00.000","37,725"
"400028105","2025-08-01 00:15:41.000","2026-04-02 06:58:24.000","26,621"
"400028110","2025-08-01 00:15:54.000","2026-04-02 04:14:56.000","17,358"
"400028111","2025-08-01 05:01:55.000","2026-04-02 04:01:12.000","5,808"
"400028115","2025-08-01 00:15:50.000","2026-04-02 06:56:47.000","26,822"
"400028120","2025-08-01 00:15:17.000","2026-04-02 04:45:24.000","25,923"
"400028121","2025-08-01 00:16:48.000","2026-04-02 06:57:22.000","26,513"
"400028122","2025-08-01 00:15:24.000","2026-04-02 06:58:01.000","26,683"
"400028123","2025-08-01 04:46:50.000","2026-04-02 04:36:12.000","5,895"
"400028124","2025-08-01 05:02:13.000","2026-04-02 06:59:08.000","24,242"
"400028127","2025-08-01 04:47:01.000","2026-04-02 04:44:51.000","5,899"
"400028129","2025-07-12 12:30:00.000","2026-04-02 07:00:00.000","37,641"
"400028130","2025-08-01 00:15:26.000","2026-04-02 06:57:24.000","26,280"
"400028132","2025-07-11 19:15:00.000","2026-04-02 07:05:00.000","37,773"
"400028133","2025-08-01 04:15:28.000","2026-04-02 04:19:09.000","5,719"
"400028135","2025-08-01 00:15:48.000","2026-04-02 06:56:06.000","26,389"
"400028137","2025-08-01 00:15:18.000","2026-04-02 06:55:35.000","26,434"
"400028138","2025-08-01 00:15:22.000","2026-04-02 06:57:04.000","26,726"
"400028139","2025-08-01 00:15:58.000","2026-04-02 06:56:16.000","23,298"
"400028140","2025-08-01 04:30:53.000","2026-04-02 04:28:16.000","5,799"
"400028141","2025-08-01 00:15:56.000","2026-04-02 04:24:23.000","17,887"
"400028142","2025-08-01 00:15:04.000","2026-04-02 06:53:00.000","26,376"
"400028143","2025-08-01 00:15:15.000","2026-04-02 06:52:43.000","23,583"
"400028144","2025-08-01 04:15:19.000","2026-04-02 04:25:13.000","5,875"
"400028145","2025-07-11 19:30:05.000","2026-04-02 04:00:25.000","25,528"
"400028146","2025-08-01 00:16:47.000","2026-04-02 06:51:44.000","25,645"
"400028147","2025-08-01 00:15:31.000","2026-04-02 06:55:47.000","26,322"
"400028148","2025-08-01 00:15:39.000","2026-04-02 06:57:06.000","26,097"
"400028150","2025-08-01 00:16:46.000","2026-04-02 06:56:43.000","26,647"
"400028152","2025-08-01 00:15:23.000","2026-04-02 06:26:07.000","11,103"
"400028153","2025-07-11 19:30:03.000","2026-04-02 06:59:13.000","28,128"
"400028159","2025-08-01 00:15:55.000","2026-04-02 06:55:33.000","25,001"
"400028160","2025-08-01 00:15:06.000","2026-04-02 06:57:30.000","26,105"
"400028161","2025-08-01 04:45:34.000","2026-04-02 03:57:33.000","5,748"
"400028162","2025-08-01 00:16:47.000","2026-04-02 06:53:11.000","26,203"
"400028165","2025-08-01 00:15:54.000","2026-04-02 05:13:10.000","6,847"
"400028166","2025-08-01 04:15:43.000","2026-04-02 04:29:00.000","5,938"
"400028169","2025-08-01 00:15:47.000","2026-04-02 04:21:08.000","10,932"
"400028170","2025-08-01 00:15:12.000","2026-04-02 06:56:22.000","26,555"
"400028171","2025-08-01 00:15:57.000","2026-04-02 04:12:07.000","24,837"
"400028172","2025-08-01 00:30:41.000","2026-04-02 04:12:19.000","6,094"
"400028174","2025-05-21 17:05:00.000","2026-04-02 07:05:00.000","94,975"
"400028177","2025-08-01 00:16:45.000","2026-04-02 06:55:10.000","25,840"
"400028178","2025-08-01 04:45:25.000","2026-04-02 04:26:15.000","5,699"
"400028180","2025-07-11 19:15:00.000","2026-04-02 07:05:00.000","37,808"
"400028185","2025-08-01 00:15:15.000","2026-04-02 06:52:11.000","25,119"
"400028186","2025-08-01 00:15:23.000","2026-04-02 06:51:59.000","26,896"
"400028187","2025-08-01 00:15:20.000","2026-04-02 06:54:43.000","25,132"
"400028192","2025-07-12 12:30:00.000","2026-04-02 07:05:00.000","37,689"
"400028194","2025-08-01 00:16:47.000","2026-04-02 06:51:53.000","26,116"
"400028195","2025-08-01 00:15:33.000","2026-04-02 06:54:35.000","26,699"
"400028197","2025-08-01 05:02:25.000","2026-04-02 03:57:17.000","5,138"
"400028200","2025-08-01 00:15:48.000","2026-04-02 06:47:53.000","26,173"
"400028201","2025-07-11 19:30:03.000","2026-04-02 06:54:06.000","28,575"
"400028204","2025-07-11 19:45:00.000","2026-04-02 07:05:00.000","37,807"
"400028205","2025-08-01 00:16:00.000","2026-04-02 06:54:39.000","25,876"
"400028206","2025-05-05 16:55:00.000","2026-04-02 07:05:01.000","71,364"
"400028207","2025-08-01 00:15:38.000","2026-04-02 06:53:09.000","26,421"
"400028208","2025-08-01 00:15:41.000","2026-04-02 06:55:34.000","26,571"
"400028209","2025-08-01 00:15:47.000","2026-04-02 06:51:23.000","26,345"
"400028210","2025-08-01 00:15:27.000","2026-04-02 06:58:05.000","26,238"
"400028211","2025-08-01 00:16:44.000","2026-04-02 06:55:05.000","26,983"
"400028212","2025-08-01 05:00:54.000","2026-04-02 04:40:39.000","6,000"
"400028213","2025-08-01 00:15:15.000","2026-04-02 06:55:56.000","26,437"
"400028214","2025-08-01 00:15:44.000","2026-04-02 06:57:07.000","26,272"
"400028215","2025-08-01 00:15:58.000","2026-04-02 06:54:31.000","21,904"
"400028217","2025-08-01 00:15:57.000","2026-04-02 06:57:52.000","26,467"
"400028218","2025-07-11 19:30:00.000","2026-04-02 07:00:00.000","37,685"
"400028219","2025-08-01 00:15:53.000","2026-04-02 06:58:19.000","26,663"
"400028220","2025-08-01 00:15:22.000","2026-04-02 04:18:51.000","26,722"
"400028221","2025-08-01 00:15:12.000","2026-04-02 06:59:15.000","26,427"
"400028222","2025-08-01 00:15:07.000","2026-04-02 05:50:15.000","25,540"
"400028223","2025-08-01 00:15:57.000","2026-04-02 06:52:04.000","25,948"
"400028225","2025-08-01 00:16:43.000","2026-04-02 06:51:58.000","25,939"
"400028226","2025-08-01 00:15:16.000","2026-04-02 06:54:42.000","25,542"
"400028227","2025-08-01 00:15:12.000","2026-04-02 06:53:43.000","26,691"
"400028228","2025-08-01 00:15:56.000","2026-04-02 04:40:16.000","24,864"
"400028229","2025-08-01 00:15:34.000","2026-04-02 04:04:14.000","6,737"
"400028230","2025-08-01 04:30:32.000","2026-04-02 04:43:16.000","6,119"
"400028231","2025-08-01 00:15:47.000","2026-04-02 06:52:17.000","26,775"
"400028233","2025-07-11 19:30:00.000","2026-04-02 07:00:00.000","37,736"
"400028234","2025-08-01 00:15:16.000","2026-04-02 06:55:28.000","26,467"
"400028236","2025-07-11 20:45:00.000","2026-04-02 07:05:00.000","37,678"
"400028237","2025-07-11 19:45:04.000","2026-04-02 06:55:45.000","28,575"
"400028238","2025-08-01 00:15:04.000","2026-04-02 06:54:37.000","25,705"
"400028239","2025-08-01 00:15:22.000","2026-04-02 06:53:58.000","26,557"
"400028240","2025-08-01 00:15:16.000","2026-04-02 06:52:10.000","26,439"
"400028241","2025-09-02 18:40:09.000","2026-04-02 04:01:39.000","4,729"
"400028243","2025-08-01 00:15:56.000","2026-04-02 06:58:07.000","26,157"
"400028245","2025-08-01 00:15:01.000","2026-03-22 20:09:24.000","24,608"
"400028247","2025-07-11 19:15:00.000","2026-04-02 07:05:00.000","37,505"
"400028250","2025-09-22 16:00:00.000","2026-04-02 07:05:00.000","54,556"
"400028252","2025-08-01 00:15:54.000","2026-04-02 06:54:23.000","26,624"
"400028254","2025-08-01 00:15:13.000","2026-04-02 06:54:30.000","26,876"
"400028255","2025-08-01 00:15:42.000","2026-04-02 04:46:37.000","18,451"
"400028258","2026-02-11 01:45:00.000","2026-04-02 07:00:00.000","14,099"
"400028260","2025-08-01 00:16:44.000","2026-04-02 06:51:52.000","26,343"
"400028261","2025-08-01 04:30:42.000","2026-04-02 04:22:24.000","5,850"
"400028262","2025-08-01 00:15:24.000","2026-04-02 06:55:30.000","25,718"
"400028269","2025-07-11 19:15:00.000","2026-04-02 07:00:00.000","37,681"
"400028276","2025-08-01 00:15:43.000","2026-04-02 06:58:55.000","25,548"
"400028277","2025-08-01 00:15:45.000","2026-04-02 04:22:27.000","19,775"
"400028283","2025-08-01 00:15:51.000","2026-04-02 06:56:03.000","20,612"
"400028288","2025-08-01 00:15:34.000","2026-04-02 06:54:17.000","25,145"
"400028295","2025-08-01 04:30:58.000","2026-04-02 03:59:41.000","8,405"
"400028299","2025-08-01 04:15:23.000","2026-04-02 04:08:18.000","6,032"
"400028302","2025-08-01 00:15:41.000","2026-04-02 06:54:33.000","26,381"
"400028304","2025-07-11 19:15:36.000","2026-04-02 07:05:38.000","89,081"
"400028326","2026-01-12 19:48:06.000","2026-04-02 07:03:36.000","22,138"
"400028335","2025-08-01 04:45:01.000","2026-04-02 04:47:35.000","5,334"
"400028350","2025-08-01 00:16:39.000","2026-04-02 06:58:57.000","25,022"
"400028355","2025-08-25 16:50:01.000","2026-04-02 07:05:00.000","52,666"
"400028362","2026-01-13 17:09:45.000","2026-04-02 07:05:00.000","22,532"
"400028404","2025-08-01 00:15:16.000","2026-04-02 06:53:20.000","25,616"
"400028406","2025-08-01 00:16:40.000","2026-04-02 06:54:52.000","26,057"
"400028412","2025-07-11 19:15:00.000","2026-04-02 07:00:00.000","37,734"
"400028726","2025-07-15 21:30:00.000","2026-04-02 07:05:00.000","34,867"
"400028980","2025-07-16 21:15:00.000","2026-04-02 07:00:00.000","37,286"
"400029051","2025-06-03 21:48:22.000","2026-03-17 20:20:00.000","78,692"
"400029223","2025-07-16 21:20:51.000","2026-04-02 07:03:48.000","93,090"
"400029280","1970-01-21 15:28:14.000","2026-04-02 07:05:00.000","74,268"
"400029281","2025-07-17 15:32:32.000","2026-04-02 07:02:32.000","70,406"
"400030839","2025-07-24 19:45:08.000","2026-04-02 07:05:31.000","79,195"
"400030994","2025-09-22 04:35:05.000","2026-04-02 01:06:43.000","5,997"
"400031437","2025-07-30 20:25:35.000","2026-04-02 07:05:57.000","78,713"
"400031964","2025-08-19 01:45:56.000","2026-04-02 06:57:42.000","24,895"
"400032432","2025-08-05 18:45:00.000","2026-04-02 07:05:00.000","34,961"
"400032927","2025-08-07 19:45:00.000","2026-04-02 07:00:00.000","35,138"
"400033874","2025-07-11 16:51:53.000","2026-04-02 07:02:15.000","15,126"
"400033929","2025-07-15 18:18:59.000","2026-01-12 20:34:00.000","52,165"
"400033965","2025-06-27 18:18:10.000","2026-04-02 07:05:00.000","80,003"
"400034718","2025-08-19 21:15:00.000","2026-04-02 07:00:00.000","31,798"
"400035624","2025-08-21 21:05:02.000","2026-04-02 07:05:00.000","59,273"
"400035625","2025-08-25 16:50:01.000","2026-04-02 07:05:00.000","62,421"
"400036323","2025-08-28 19:15:50.000","2026-04-02 07:05:46.000","77,967"
"400040232","2025-10-03 18:33:01.000","2026-04-02 07:03:01.000","51,690"