"site_id","event_id","command_group_id","command","command_type_group_id","command_type","command_start_time","command_start_time_discharge","command_start_time_charge","command_start_time_imported","command_start_time_exported","command_start_time_battery_power","command_end_time","command_end_time_discharge","command_end_time_charge","command_end_time_imported","command_end_time_exported","command_end_time_battery_power","command_battery_power_sum","event_start_time","rn","next_command_start_time","next_command_start_discharge","next_command_start_charge","next_command_start_imported","next_command_start_exported","next_command_start_battery_power","prev_command_end_battery_power","overall_command_start_time","overall_command_end_time","overall_command_discharge","overall_command_charge","overall_command_imported","overall_command_exported","latest_avg_battery_power","overall_command_time_seconds","overall_event_time_seconds","overall_command_battery_power"
"400062490","ca0c0d89-614d-4358-b31f-2cb27a29cf5f","1","DISCHARGE_TO_HOME_AND_GRID","1","discharge","2026-05-12 07:16:23.000","","","","","","2026-05-12 07:16:23.000","","","","","","0","","1","","","","","","","","2026-05-12 07:16:23.000","2026-05-12 07:16:23.000","","","","","","0","0",""
"400062467","ca0c0d89-614d-4358-b31f-2cb27a29cf5f","1","DISCHARGE_TO_HOME_AND_GRID","1","discharge","2026-05-12 07:15:57.000","600","0","0","0","7,896","2026-05-12 08:10:08.000","4,900","0","2,800","100","0","47,438","","2","2026-05-12 08:15:17.000","4,900","0","3,400","100","0","","2026-05-12 07:15:57.000","2026-05-12 08:15:17.000","4,900","0","3,400","100","0","3,560","3,560","0"
"400062467","ca0c0d89-614d-4358-b31f-2cb27a29cf5f","2","STOPDISPATCHCOMMANDDTO","2","stop","2026-05-12 08:15:17.000","4,900","0","3,400","100","0","2026-05-12 08:15:17.000","4,900","0","3,400","100","0","0","","3","","","","","","","0","2026-05-12 08:15:17.000","2026-05-12 08:15:17.000","0","0","0","0","0","0","3,560","NaN"
"400062434","ca0c0d89-614d-4358-b31f-2cb27a29cf5f","1","DISCHARGE_TO_HOME_AND_GRID","1","discharge","2026-05-12 07:16:23.000","23","3","2.25","1.5","93","2026-05-12 07:16:23.000","23","3","2.25","1.5","93","93","","4","","","","","","","","2026-05-12 07:16:23.000","2026-05-12 07:16:23.000","23","3","2.25","1.5","93","0","0","NaN"
"400062068","ca0c0d89-614d-4358-b31f-2cb27a29cf5f","1","DISCHARGE_TO_HOME_AND_GRID","1","discharge","2026-05-12 07:16:23.000","126","0","1","1","1,357","2026-05-12 07:16:23.000","126","0","1","1","1,357","1,357","","5","","","","","","","","2026-05-12 07:16:23.000","2026-05-12 07:16:23.000","126","0","1","1","1,357","0","0","NaN"
"400061937","ca0c0d89-614d-4358-b31f-2cb27a29cf5f","1","DISCHARGE_TO_HOME_AND_GRID","1","discharge","2026-05-12 07:15:57.000","0","0","100","0","0","2026-05-12 08:10:08.000","0","0","400","0","0","0","","6","2026-05-12 08:15:17.000","0","0","500","0","0","","2026-05-12 07:15:57.000","2026-05-12 08:15:17.000","0","0","500","0","0","3,560","3,560","0"
"400061937","ca0c0d89-614d-4358-b31f-2cb27a29cf5f","2","STOPDISPATCHCOMMANDDTO","2","stop","2026-05-12 08:15:17.000","0","0","500","0","0","2026-05-12 08:15:17.000","0","0","500","0","0","0","","7","","","","","","","0","2026-05-12 08:15:17.000","2026-05-12 08:15:17.000","0","0","0","0","0","0","3,560","NaN"
"400061929","ca0c0d89-614d-4358-b31f-2cb27a29cf5f","1","DISCHARGE_TO_HOME_AND_GRID","1","discharge","2026-05-12 07:17:50.000","103","0","1","61","3,912","2026-05-12 07:17:50.000","103","0","1","61","3,912","3,912","","8","","","","","","","","2026-05-12 07:17:50.000","2026-05-12 07:17:50.000","103","0","1","61","3,912","0","0","NaN"
"400061887","ca0c0d89-614d-4358-b31f-2cb27a29cf5f","1","DISCHARGE_TO_HOME_AND_GRID","1","discharge","2026-05-12 07:16:23.000","595","0","0","0","6,675","2026-05-12 07:16:23.000","595","0","0","0","6,675","6,675","","9","","","","","","","","2026-05-12 07:16:23.000","2026-05-12 07:16:23.000","595","0","0","0","6,675","0","0","NaN"
"400061841","ca0c0d89-614d-4358-b31f-2cb27a29cf5f","1","DISCHARGE_TO_HOME_AND_GRID","1","discharge","2026-05-12 07:16:22.000","78","1","7","0","","2026-05-12 07:16:22.000","78","1","7","0","","0","","10","","","","","","","","2026-05-12 07:16:22.000","2026-05-12 07:16:22.000","78","1","7","0","","0","0",""
"400061795","ca0c0d89-614d-4358-b31f-2cb27a29cf5f","1","DISCHARGE_TO_HOME_AND_GRID","1","discharge","2026-05-12 07:17:40.000","0","0","132","0","0","2026-05-12 07:17:40.000","0","0","132","0","0","0","","11","","","","","","","","2026-05-12 07:17:40.000","2026-05-12 07:17:40.000","0","0","132","0","0","0","0","NaN"
"400061751","ca0c0d89-614d-4358-b31f-2cb27a29cf5f","1","DISCHARGE_TO_HOME_AND_GRID","1","discharge","2026-05-12 07:17:11.000","152","0","0","102","5,000","2026-05-12 07:17:11.000","152","0","0","102","5,000","5,000","","12","","","","","","","","2026-05-12 07:17:11.000","2026-05-12 07:17:11.000","152","0","0","102","5,000","0","0","NaN"
"400061731","ca0c0d89-614d-4358-b31f-2cb27a29cf5f","1","DISCHARGE_TO_HOME_AND_GRID","1","discharge","2026-05-12 07:16:23.000","58","0","0","0","231","2026-05-12 07:16:23.000","58","0","0","0","231","231","","13","","","","","","","","2026-05-12 07:16:23.000","2026-05-12 07:16:23.000","58","0","0","0","231","0","0","NaN"
"400061538","ca0c0d89-614d-4358-b31f-2cb27a29cf5f","1","DISCHARGE_TO_HOME_AND_GRID","1","discharge","2026-05-12 07:16:23.000","","","","","","2026-05-12 07:16:23.000","","","","","","0","","14","","","","","","","","2026-05-12 07:16:23.000","2026-05-12 07:16:23.000","","","","","","0","0",""
"400061407","ca0c0d89-614d-4358-b31f-2cb27a29cf5f","1","DISCHARGE_TO_HOME_AND_GRID","1","discharge","2026-05-12 07:17:20.000","20","0","63","0","5,000","2026-05-12 07:17:20.000","20","0","63","0","5,000","5,000","","15","","","","","","","","2026-05-12 07:17:20.000","2026-05-12 07:17:20.000","20","0","63","0","5,000","0","0","NaN"
"400061394","ca0c0d89-614d-4358-b31f-2cb27a29cf5f","1","DISCHARGE_TO_HOME_AND_GRID","1","discharge","2026-05-12 07:16:23.000","2","0","86","0","0","2026-05-12 07:16:23.000","2","0","86","0","0","0","","16","","","","","","","","2026-05-12 07:16:23.000","2026-05-12 07:16:23.000","2","0","86","0","0","0","0","NaN"
"400061363","ca0c0d89-614d-4358-b31f-2cb27a29cf5f","1","DISCHARGE_TO_HOME_AND_GRID","1","discharge","2026-05-12 07:16:23.000","","","","","","2026-05-12 07:16:23.000","","","","","","0","","17","","","","","","","","2026-05-12 07:16:23.000","2026-05-12 07:16:23.000","","","","","","0","0",""
"400061332","ca0c0d89-614d-4358-b31f-2cb27a29cf5f","1","DISCHARGE_TO_HOME_AND_GRID","1","discharge","2026-05-12 07:16:22.000","74","0","6","0","","2026-05-12 07:16:22.000","74","0","6","0","","0","","18","","","","","","","","2026-05-12 07:16:22.000","2026-05-12 07:16:22.000","74","0","6","0","","0","0",""
"400061326","ca0c0d89-614d-4358-b31f-2cb27a29cf5f","1","DISCHARGE_TO_HOME_AND_GRID","1","discharge","2026-05-12 07:15:57.000","","","","","","2026-05-12 08:10:08.000","0","0","500","0","0","0","","19","2026-05-12 08:15:17.000","0","0","600","0","0","","2026-05-12 07:15:57.000","2026-05-12 08:15:17.000","0","0","600","0","0","3,560","3,560","0"
"400061326","ca0c0d89-614d-4358-b31f-2cb27a29cf5f","2","STOPDISPATCHCOMMANDDTO","2","stop","2026-05-12 08:15:17.000","0","0","600","0","0","2026-05-12 08:15:17.000","0","0","600","0","0","0","","20","","","","","","","0","2026-05-12 08:15:17.000","2026-05-12 08:15:17.000","0","0","0","0","0","0","3,560","NaN"
"400061317","ca0c0d89-614d-4358-b31f-2cb27a29cf5f","1","DISCHARGE_TO_HOME_AND_GRID","1","discharge","2026-05-12 07:16:23.000","42","0","0","0","365","2026-05-12 07:16:23.000","42","0","0","0","365","365","","21","","","","","","","","2026-05-12 07:16:23.000","2026-05-12 07:16:23.000","42","0","0","0","365","0","0","NaN"
"400061077","ca0c0d89-614d-4358-b31f-2cb27a29cf5f","1","DISCHARGE_TO_HOME_AND_GRID","1","discharge","2026-05-12 07:17:11.000","293","0","353","0","4,008","2026-05-12 07:17:11.000","293","0","353","0","4,008","4,008","","22","","","","","","","","2026-05-12 07:17:11.000","2026-05-12 07:17:11.000","293","0","353","0","4,008","0","0","NaN"
"400060937","ca0c0d89-614d-4358-b31f-2cb27a29cf5f","1","DISCHARGE_TO_HOME_AND_GRID","1","discharge","2026-05-12 07:16:22.000","0","0","290","0","0","2026-05-12 07:16:22.000","0","0","290","0","0","0","","23","","","","","","","","2026-05-12 07:16:22.000","2026-05-12 07:16:22.000","0","0","290","0","0","0","0","NaN"
"400060927","ca0c0d89-614d-4358-b31f-2cb27a29cf5f","1","DISCHARGE_TO_HOME_AND_GRID","1","discharge","2026-05-12 07:16:22.000","0","0","138","0","","2026-05-12 07:16:22.000","0","0","138","0","","0","","24","","","","","","","","2026-05-12 07:16:22.000","2026-05-12 07:16:22.000","0","0","138","0","","0","0",""
"400060723","ca0c0d89-614d-4358-b31f-2cb27a29cf5f","1","DISCHARGE_TO_HOME_AND_GRID","1","discharge","2026-05-12 07:17:11.000","0","0","57","0","0","2026-05-12 07:17:11.000","0","0","57","0","0","0","","25","","","","","","","","2026-05-12 07:17:11.000","2026-05-12 07:17:11.000","0","0","57","0","0","0","0","NaN"
"400060706","ca0c0d89-614d-4358-b31f-2cb27a29cf5f","1","DISCHARGE_TO_HOME_AND_GRID","1","discharge","2026-05-12 07:16:23.000","6","0","858","0","0","2026-05-12 07:16:23.000","6","0","858","0","0","0","","26","","","","","","","","2026-05-12 07:16:23.000","2026-05-12 07:16:23.000","6","0","858","0","0","0","0","NaN"
"400060705","ca0c0d89-614d-4358-b31f-2cb27a29cf5f","1","DISCHARGE_TO_HOME_AND_GRID","1","discharge","2026-05-12 07:16:23.000","4","0","992","0","0","2026-05-12 07:16:23.000","4","0","992","0","0","0","","27","","","","","","","","2026-05-12 07:16:23.000","2026-05-12 07:16:23.000","4","0","992","0","0","0","0","NaN"
"400060693","ca0c0d89-614d-4358-b31f-2cb27a29cf5f","1","DISCHARGE_TO_HOME_AND_GRID","1","discharge","2026-05-12 07:17:20.000","0","0","0","0","584","2026-05-12 07:17:20.000","0","0","0","0","584","584","","28","","","","","","","","2026-05-12 07:17:20.000","2026-05-12 07:17:20.000","0","0","0","0","584","0","0","NaN"
"400060584","ca0c0d89-614d-4358-b31f-2cb27a29cf5f","1","DISCHARGE_TO_HOME_AND_GRID","1","discharge","2026-05-12 07:17:11.000","180","0","0","138","3,800","2026-05-12 07:17:11.000","180","0","0","138","3,800","3,800","","29","","","","","","","","2026-05-12 07:17:11.000","2026-05-12 07:17:11.000","180","0","0","138","3,800","0","0","NaN"
"400060553","ca0c0d89-614d-4358-b31f-2cb27a29cf5f","1","DISCHARGE_TO_HOME_AND_GRID","1","discharge","2026-05-12 07:16:23.000","2","0","526","0","0","2026-05-12 07:16:23.000","2","0","526","0","0","0","","30","","","","","","","","2026-05-12 07:16:23.000","2026-05-12 07:16:23.000","2","0","526","0","0","0","0","NaN"
"400060507","ca0c0d89-614d-4358-b31f-2cb27a29cf5f","1","DISCHARGE_TO_HOME_AND_GRID","1","discharge","2026-05-12 07:16:22.000","","","","","","2026-05-12 07:16:22.000","","","","","","0","","31","","","","","","","","2026-05-12 07:16:22.000","2026-05-12 07:16:22.000","","","","","","0","0",""
"400060506","ca0c0d89-614d-4358-b31f-2cb27a29cf5f","1","DISCHARGE_TO_HOME_AND_GRID","1","discharge","2026-05-12 07:16:22.000","","","","","","2026-05-12 07:16:22.000","","","","","","0","","32","","","","","","","","2026-05-12 07:16:22.000","2026-05-12 07:16:22.000","","","","","","0","0",""
"400060411","ca0c0d89-614d-4358-b31f-2cb27a29cf5f","1","DISCHARGE_TO_HOME_AND_GRID","1","discharge","2026-05-12 07:17:10.000","57","0","0","14","3,820","2026-05-12 07:17:10.000","57","0","0","14","3,820","3,820","","33","","","","","","","","2026-05-12 07:17:10.000","2026-05-12 07:17:10.000","57","0","0","14","3,820","0","0","NaN"
"400060319","ca0c0d89-614d-4358-b31f-2cb27a29cf5f","1","DISCHARGE_TO_HOME_AND_GRID","1","discharge","2026-05-12 07:16:22.000","86","0","8","0","163","2026-05-12 07:16:22.000","86","0","8","0","163","163","","34","","","","","","","","2026-05-12 07:16:22.000","2026-05-12 07:16:22.000","86","0","8","0","163","0","0","NaN"
"400060260","ca0c0d89-614d-4358-b31f-2cb27a29cf5f","1","DISCHARGE_TO_HOME_AND_GRID","1","discharge","2026-05-12 07:17:11.000","0","0","34","0","0","2026-05-12 07:17:11.000","0","0","34","0","0","0","","35","","","","","","","","2026-05-12 07:17:11.000","2026-05-12 07:17:11.000","0","0","34","0","0","0","0","NaN"
"400060181","ca0c0d89-614d-4358-b31f-2cb27a29cf5f","1","DISCHARGE_TO_HOME_AND_GRID","1","discharge","2026-05-12 07:17:50.000","19","0","0","1","442","2026-05-12 07:17:50.000","19","0","0","1","442","442","","36","","","","","","","","2026-05-12 07:17:50.000","2026-05-12 07:17:50.000","19","0","0","1","442","0","0","NaN"
"400060151","ca0c0d89-614d-4358-b31f-2cb27a29cf5f","1","DISCHARGE_TO_HOME_AND_GRID","1","discharge","2026-05-12 07:17:20.000","73","0","1","0","432","2026-05-12 07:17:20.000","73","0","1","0","432","432","","37","","","","","","","","2026-05-12 07:17:20.000","2026-05-12 07:17:20.000","73","0","1","0","432","0","0","NaN"
"400060120","ca0c0d89-614d-4358-b31f-2cb27a29cf5f","1","DISCHARGE_TO_HOME_AND_GRID","1","discharge","2026-05-12 07:17:20.000","84","0","39","0","0","2026-05-12 07:17:20.000","84","0","39","0","0","0","","38","","","","","","","","2026-05-12 07:17:20.000","2026-05-12 07:17:20.000","84","0","39","0","0","0","0","NaN"
"400060065","ca0c0d89-614d-4358-b31f-2cb27a29cf5f","1","DISCHARGE_TO_HOME_AND_GRID","1","discharge","2026-05-12 07:17:20.000","0","0","47","0","0","2026-05-12 07:17:20.000","0","0","47","0","0","0","","39","","","","","","","","2026-05-12 07:17:20.000","2026-05-12 07:17:20.000","0","0","47","0","0","0","0","NaN"
"400060043","ca0c0d89-614d-4358-b31f-2cb27a29cf5f","1","DISCHARGE_TO_HOME_AND_GRID","1","discharge","2026-05-12 07:16:23.000","2","0","96","0","0","2026-05-12 07:16:23.000","2","0","96","0","0","0","","40","","","","","","","","2026-05-12 07:16:23.000","2026-05-12 07:16:23.000","2","0","96","0","0","0","0","NaN"
"400060013","ca0c0d89-614d-4358-b31f-2cb27a29cf5f","1","DISCHARGE_TO_HOME_AND_GRID","1","discharge","2026-05-12 07:16:22.000","109","0","6","0","","2026-05-12 07:16:22.000","109","0","6","0","","0","","41","","","","","","","","2026-05-12 07:16:22.000","2026-05-12 07:16:22.000","109","0","6","0","","0","0",""
"400059989","ca0c0d89-614d-4358-b31f-2cb27a29cf5f","1","DISCHARGE_TO_HOME_AND_GRID","1","discharge","2026-05-12 07:17:11.000","136","0","1","24","3,799","2026-05-12 07:17:11.000","136","0","1","24","3,799","3,799","","42","","","","","","","","2026-05-12 07:17:11.000","2026-05-12 07:17:11.000","136","0","1","24","3,799","0","0","NaN"
"400059958","ca0c0d89-614d-4358-b31f-2cb27a29cf5f","1","DISCHARGE_TO_HOME_AND_GRID","1","discharge","2026-05-12 07:19:56.000","","","","","","2026-05-12 08:13:55.000","","","","","","0","","43","2026-05-12 08:18:55.000","","","","","","","2026-05-12 07:19:56.000","2026-05-12 08:18:55.000","","","","","","3,539","3,539",""
"400059958","ca0c0d89-614d-4358-b31f-2cb27a29cf5f","2","STOPDISPATCHCOMMANDDTO","2","stop","2026-05-12 08:18:55.000","","","","","","2026-05-12 08:18:55.000","","","","","","0","","44","","","","","","","","2026-05-12 08:18:55.000","2026-05-12 08:18:55.000","","","","","","0","3,539",""
"400059957","ca0c0d89-614d-4358-b31f-2cb27a29cf5f","1","DISCHARGE_TO_HOME_AND_GRID","1","discharge","2026-05-12 07:17:50.000","73","0","0","1","488","2026-05-12 07:17:50.000","73","0","0","1","488","488","","45","","","","","","","","2026-05-12 07:17:50.000","2026-05-12 07:17:50.000","73","0","0","1","488","0","0","NaN"
"400059931","ca0c0d89-614d-4358-b31f-2cb27a29cf5f","1","DISCHARGE_TO_HOME_AND_GRID","1","discharge","2026-05-12 07:17:20.000","37","0","1","0","268","2026-05-12 07:17:20.000","37","0","1","0","268","268","","46","","","","","","","","2026-05-12 07:17:20.000","2026-05-12 07:17:20.000","37","0","1","0","268","0","0","NaN"
"400059832","ca0c0d89-614d-4358-b31f-2cb27a29cf5f","1","DISCHARGE_TO_HOME_AND_GRID","1","discharge","2026-05-12 07:16:22.000","","","","","","2026-05-12 07:16:22.000","","","","","","0","","47","","","","","","","","2026-05-12 07:16:22.000","2026-05-12 07:16:22.000","","","","","","0","0",""
"400059727","ca0c0d89-614d-4358-b31f-2cb27a29cf5f","1","DISCHARGE_TO_HOME_AND_GRID","1","discharge","2026-05-12 07:16:22.000","","","","","","2026-05-12 07:16:22.000","","","","","","0","","48","","","","","","","","2026-05-12 07:16:22.000","2026-05-12 07:16:22.000","","","","","","0","0",""
"400059572","ca0c0d89-614d-4358-b31f-2cb27a29cf5f","1","DISCHARGE_TO_HOME_AND_GRID","1","discharge","2026-05-12 07:16:23.000","","","","","","2026-05-12 07:16:23.000","","","","","","0","","49","","","","","","","","2026-05-12 07:16:23.000","2026-05-12 07:16:23.000","","","","","","0","0",""
"400059569","ca0c0d89-614d-4358-b31f-2cb27a29cf5f","1","DISCHARGE_TO_HOME_AND_GRID","1","discharge","2026-05-12 07:16:23.000","","","","","","2026-05-12 07:16:23.000","","","","","","0","","50","","","","","","","","2026-05-12 07:16:23.000","2026-05-12 07:16:23.000","","","","","","0","0",""
"400059566","ca0c0d89-614d-4358-b31f-2cb27a29cf5f","1","DISCHARGE_TO_HOME_AND_GRID","1","discharge","2026-05-12 07:17:11.000","","","","","","2026-05-12 07:17:11.000","","","","","","0","","51","","","","","","","","2026-05-12 07:17:11.000","2026-05-12 07:17:11.000","","","","","","0","0",""
"400059540","ca0c0d89-614d-4358-b31f-2cb27a29cf5f","1","DISCHARGE_TO_HOME_AND_GRID","1","discharge","2026-05-12 07:17:11.000","","","","","","2026-05-12 07:17:11.000","","","","","","0","","52","","","","","","","","2026-05-12 07:17:11.000","2026-05-12 07:17:11.000","","","","","","0","0",""
"400059467","ca0c0d89-614d-4358-b31f-2cb27a29cf5f","1","DISCHARGE_TO_HOME_AND_GRID","1","discharge","2026-05-12 07:17:11.000","","","","","","2026-05-12 07:17:11.000","","","","","","0","","53","","","","","","","","2026-05-12 07:17:11.000","2026-05-12 07:17:11.000","","","","","","0","0",""
"400059401","ca0c0d89-614d-4358-b31f-2cb27a29cf5f","1","DISCHARGE_TO_HOME_AND_GRID","1","discharge","2026-05-12 07:17:20.000","","","","","","2026-05-12 07:17:20.000","","","","","","0","","54","","","","","","","","2026-05-12 07:17:20.000","2026-05-12 07:17:20.000","","","","","","0","0",""
"400059372","ca0c0d89-614d-4358-b31f-2cb27a29cf5f","1","DISCHARGE_TO_HOME_AND_GRID","1","discharge","2026-05-12 07:17:10.000","","","","","","2026-05-12 07:17:10.000","","","","","","0","","55","","","","","","","","2026-05-12 07:17:10.000","2026-05-12 07:17:10.000","","","","","","0","0",""
"400059333","ca0c0d89-614d-4358-b31f-2cb27a29cf5f","1","DISCHARGE_TO_HOME_AND_GRID","1","discharge","2026-05-12 07:17:50.000","","","","","","2026-05-12 07:17:50.000","","","","","","0","","56","","","","","","","","2026-05-12 07:17:50.000","2026-05-12 07:17:50.000","","","","","","0","0",""
"400059331","ca0c0d89-614d-4358-b31f-2cb27a29cf5f","1","DISCHARGE_TO_HOME_AND_GRID","1","discharge","2026-05-12 07:17:20.000","","","","","","2026-05-12 07:17:20.000","","","","","","0","","57","","","","","","","","2026-05-12 07:17:20.000","2026-05-12 07:17:20.000","","","","","","0","0",""
"400059295","ca0c0d89-614d-4358-b31f-2cb27a29cf5f","1","DISCHARGE_TO_HOME_AND_GRID","1","discharge","2026-05-12 07:17:11.000","","","","","","2026-05-12 07:17:11.000","","","","","","0","","58","","","","","","","","2026-05-12 07:17:11.000","2026-05-12 07:17:11.000","","","","","","0","0",""
"400059294","ca0c0d89-614d-4358-b31f-2cb27a29cf5f","1","DISCHARGE_TO_HOME_AND_GRID","1","discharge","2026-05-12 07:16:22.000","","","","","","2026-05-12 07:16:22.000","","","","","","0","","59","","","","","","","","2026-05-12 07:16:22.000","2026-05-12 07:16:22.000","","","","","","0","0",""
"400059280","ca0c0d89-614d-4358-b31f-2cb27a29cf5f","1","DISCHARGE_TO_HOME_AND_GRID","1","discharge","2026-05-12 07:16:23.000","","","","","","2026-05-12 07:16:23.000","","","","","","0","","60","","","","","","","","2026-05-12 07:16:23.000","2026-05-12 07:16:23.000","","","","","","0","0",""
"400059225","ca0c0d89-614d-4358-b31f-2cb27a29cf5f","1","DISCHARGE_TO_HOME_AND_GRID","1","discharge","2026-05-12 07:17:11.000","2","0","2","1","327","2026-05-12 07:17:11.000","2","0","2","1","327","327","","61","","","","","","","","2026-05-12 07:17:11.000","2026-05-12 07:17:11.000","2","0","2","1","327","0","0","NaN"
"400059224","ca0c0d89-614d-4358-b31f-2cb27a29cf5f","1","DISCHARGE_TO_HOME_AND_GRID","1","discharge","2026-05-12 07:17:20.000","0","0","72","0","0","2026-05-12 07:17:20.000","0","0","72","0","0","0","","62","","","","","","","","2026-05-12 07:17:20.000","2026-05-12 07:17:20.000","0","0","72","0","0","0","0","NaN"
"400059214","ca0c0d89-614d-4358-b31f-2cb27a29cf5f","1","DISCHARGE_TO_HOME_AND_GRID","1","discharge","2026-05-12 07:16:22.000","34","0","8","0","","2026-05-12 07:16:22.000","34","0","8","0","","0","","63","","","","","","","","2026-05-12 07:16:22.000","2026-05-12 07:16:22.000","34","0","8","0","","0","0",""
"400059136","ca0c0d89-614d-4358-b31f-2cb27a29cf5f","1","DISCHARGE_TO_HOME_AND_GRID","1","discharge","2026-05-12 07:16:23.000","","","","","","2026-05-12 07:16:23.000","","","","","","0","","64","","","","","","","","2026-05-12 07:16:23.000","2026-05-12 07:16:23.000","","","","","","0","0",""
"400059031","ca0c0d89-614d-4358-b31f-2cb27a29cf5f","1","DISCHARGE_TO_HOME_AND_GRID","1","discharge","2026-05-12 07:16:22.000","0","10","349","0","","2026-05-12 07:16:22.000","0","10","349","0","","0","","65","","","","","","","","2026-05-12 07:16:22.000","2026-05-12 07:16:22.000","0","10","349","0","","0","0",""
"400058998","ca0c0d89-614d-4358-b31f-2cb27a29cf5f","1","DISCHARGE_TO_HOME_AND_GRID","1","discharge","2026-05-12 07:16:23.000","","","","","","2026-05-12 07:16:23.000","","","","","","0","","66","","","","","","","","2026-05-12 07:16:23.000","2026-05-12 07:16:23.000","","","","","","0","0",""
"400058943","ca0c0d89-614d-4358-b31f-2cb27a29cf5f","1","DISCHARGE_TO_HOME_AND_GRID","1","discharge","2026-05-12 07:16:22.000","151","0","6","0","","2026-05-12 07:16:22.000","151","0","6","0","","0","","67","","","","","","","","2026-05-12 07:16:22.000","2026-05-12 07:16:22.000","151","0","6","0","","0","0",""
"400058769","ca0c0d89-614d-4358-b31f-2cb27a29cf5f","1","DISCHARGE_TO_HOME_AND_GRID","1","discharge","2026-05-12 07:16:22.000","38","0","7","0","140","2026-05-12 07:16:22.000","38","0","7","0","140","140","","68","","","","","","","","2026-05-12 07:16:22.000","2026-05-12 07:16:22.000","38","0","7","0","140","0","0","NaN"
"400058533","ca0c0d89-614d-4358-b31f-2cb27a29cf5f","1","DISCHARGE_TO_HOME_AND_GRID","1","discharge","2026-05-12 07:16:23.000","","","","","","2026-05-12 07:16:23.000","","","","","","0","","69","","","","","","","","2026-05-12 07:16:23.000","2026-05-12 07:16:23.000","","","","","","0","0",""
"400058524","ca0c0d89-614d-4358-b31f-2cb27a29cf5f","1","DISCHARGE_TO_HOME_AND_GRID","1","discharge","2026-05-12 07:16:22.000","0","1","102","0","","2026-05-12 07:16:22.000","0","1","102","0","","0","","70","","","","","","","","2026-05-12 07:16:22.000","2026-05-12 07:16:22.000","0","1","102","0","","0","0",""
"400058294","ca0c0d89-614d-4358-b31f-2cb27a29cf5f","1","DISCHARGE_TO_HOME_AND_GRID","1","discharge","2026-05-12 07:16:23.000","85","0","1","0","868","2026-05-12 07:16:23.000","85","0","1","0","868","868","","71","","","","","","","","2026-05-12 07:16:23.000","2026-05-12 07:16:23.000","85","0","1","0","868","0","0","NaN"
"400058068","ca0c0d89-614d-4358-b31f-2cb27a29cf5f","1","DISCHARGE_TO_HOME_AND_GRID","1","discharge","2026-05-12 07:16:23.000","42","0","6","6.125","200","2026-05-12 07:16:23.000","42","0","6","6.125","200","200","","72","","","","","","","","2026-05-12 07:16:23.000","2026-05-12 07:16:23.000","42","0","6","6.125","200","0","0","NaN"
"400058013","ca0c0d89-614d-4358-b31f-2cb27a29cf5f","1","DISCHARGE_TO_HOME_AND_GRID","1","discharge","2026-05-12 07:17:11.000","0","0","49","0","0","2026-05-12 07:17:11.000","0","0","49","0","0","0","","73","","","","","","","","2026-05-12 07:17:11.000","2026-05-12 07:17:11.000","0","0","49","0","0","0","0","NaN"
"400057903","ca0c0d89-614d-4358-b31f-2cb27a29cf5f","1","DISCHARGE_TO_HOME_AND_GRID","1","discharge","2026-05-12 07:16:23.000","","","","","","2026-05-12 07:16:23.000","","","","","","0","","74","","","","","","","","2026-05-12 07:16:23.000","2026-05-12 07:16:23.000","","","","","","0","0",""
"400057885","ca0c0d89-614d-4358-b31f-2cb27a29cf5f","1","DISCHARGE_TO_HOME_AND_GRID","1","discharge","2026-05-12 07:17:11.000","0","0","56","0","-0","2026-05-12 07:17:11.000","0","0","56","0","-0","0","","75","","","","","","","","2026-05-12 07:17:11.000","2026-05-12 07:17:11.000","0","0","56","0","-0","0","0","NaN"
"400057833","ca0c0d89-614d-4358-b31f-2cb27a29cf5f","1","DISCHARGE_TO_HOME_AND_GRID","1","discharge","2026-05-12 07:16:23.000","","","","","","2026-05-12 07:16:23.000","","","","","","0","","76","","","","","","","","2026-05-12 07:16:23.000","2026-05-12 07:16:23.000","","","","","","0","0",""
"400057341","ca0c0d89-614d-4358-b31f-2cb27a29cf5f","1","DISCHARGE_TO_HOME_AND_GRID","1","discharge","2026-05-12 07:16:23.000","","","","","","2026-05-12 07:16:23.000","","","","","","0","","77","","","","","","","","2026-05-12 07:16:23.000","2026-05-12 07:16:23.000","","","","","","0","0",""
"400057286","ca0c0d89-614d-4358-b31f-2cb27a29cf5f","1","DISCHARGE_TO_HOME_AND_GRID","1","discharge","2026-05-12 07:17:11.000","0","0","33","0","0","2026-05-12 07:17:11.000","0","0","33","0","0","0","","78","","","","","","","","2026-05-12 07:17:11.000","2026-05-12 07:17:11.000","0","0","33","0","0","0","0","NaN"
"400056755","ca0c0d89-614d-4358-b31f-2cb27a29cf5f","1","DISCHARGE_TO_HOME_AND_GRID","1","discharge","2026-05-12 07:16:22.000","0","0","200","0","","2026-05-12 07:16:22.000","0","0","200","0","","0","","79","","","","","","","","2026-05-12 07:16:22.000","2026-05-12 07:16:22.000","0","0","200","0","","0","0",""
"400056735","ca0c0d89-614d-4358-b31f-2cb27a29cf5f","1","DISCHARGE_TO_HOME_AND_GRID","1","discharge","2026-05-12 07:16:22.000","126","0","4","0","","2026-05-12 07:16:22.000","126","0","4","0","","0","","80","","","","","","","","2026-05-12 07:16:22.000","2026-05-12 07:16:22.000","126","0","4","0","","0","0",""
"400056667","ca0c0d89-614d-4358-b31f-2cb27a29cf5f","1","DISCHARGE_TO_HOME_AND_GRID","1","discharge","2026-05-12 07:16:22.000","","","","","","2026-05-12 07:16:22.000","","","","","","0","","81","","","","","","","","2026-05-12 07:16:22.000","2026-05-12 07:16:22.000","","","","","","0","0",""
"400056641","ca0c0d89-614d-4358-b31f-2cb27a29cf5f","1","DISCHARGE_TO_HOME_AND_GRID","1","discharge","2026-05-12 07:16:22.000","49","0","6","0","","2026-05-12 07:16:22.000","49","0","6","0","","0","","82","","","","","","","","2026-05-12 07:16:22.000","2026-05-12 07:16:22.000","49","0","6","0","","0","0",""
"400056606","ca0c0d89-614d-4358-b31f-2cb27a29cf5f","1","DISCHARGE_TO_HOME_AND_GRID","1","discharge","2026-05-12 07:17:11.000","19","0","28","6","3,812","2026-05-12 07:17:11.000","19","0","28","6","3,812","3,812","","83","","","","","","","","2026-05-12 07:17:11.000","2026-05-12 07:17:11.000","19","0","28","6","3,812","0","0","NaN"
"400056597","ca0c0d89-614d-4358-b31f-2cb27a29cf5f","1","DISCHARGE_TO_HOME_AND_GRID","1","discharge","2026-05-12 07:16:22.000","0","0","328","0","15","2026-05-12 07:16:22.000","0","0","328","0","15","15","","84","","","","","","","","2026-05-12 07:16:22.000","2026-05-12 07:16:22.000","0","0","328","0","15","0","0","NaN"
"400056568","ca0c0d89-614d-4358-b31f-2cb27a29cf5f","1","DISCHARGE_TO_HOME_AND_GRID","1","discharge","2026-05-12 07:16:23.000","","","","","","2026-05-12 07:16:23.000","","","","","","0","","85","","","","","","","","2026-05-12 07:16:23.000","2026-05-12 07:16:23.000","","","","","","0","0",""
"400056513","ca0c0d89-614d-4358-b31f-2cb27a29cf5f","1","DISCHARGE_TO_HOME_AND_GRID","1","discharge","2026-05-12 07:16:22.000","","","","","","2026-05-12 07:16:22.000","","","","","","0","","86","","","","","","","","2026-05-12 07:16:22.000","2026-05-12 07:16:22.000","","","","","","0","0",""
"400056450","ca0c0d89-614d-4358-b31f-2cb27a29cf5f","1","DISCHARGE_TO_HOME_AND_GRID","1","discharge","2026-05-12 07:15:57.000","0","0","200","0","0","2026-05-12 08:10:08.000","0","0","1,500","0","0","0","","87","2026-05-12 08:15:17.000","0","0","1,600","0","0","","2026-05-12 07:15:57.000","2026-05-12 08:15:17.000","0","0","1,600","0","0","3,560","3,560","0"
"400056450","ca0c0d89-614d-4358-b31f-2cb27a29cf5f","2","STOPDISPATCHCOMMANDDTO","2","stop","2026-05-12 08:15:17.000","0","0","1,600","0","0","2026-05-12 08:15:17.000","0","0","1,600","0","0","0","","88","","","","","","","0","2026-05-12 08:15:17.000","2026-05-12 08:15:17.000","0","0","0","0","0","0","3,560","NaN"
"400056443","ca0c0d89-614d-4358-b31f-2cb27a29cf5f","1","DISCHARGE_TO_HOME_AND_GRID","1","discharge","2026-05-12 07:17:40.000","0","0","1","0","511","2026-05-12 07:17:40.000","0","0","1","0","511","511","","89","","","","","","","","2026-05-12 07:17:40.000","2026-05-12 07:17:40.000","0","0","1","0","511","0","0","NaN"
"400056322","ca0c0d89-614d-4358-b31f-2cb27a29cf5f","1","DISCHARGE_TO_HOME_AND_GRID","1","discharge","2026-05-12 07:17:11.000","136","0","67","104","9,999","2026-05-12 07:17:11.000","136","0","67","104","9,999","9,999","","90","","","","","","","","2026-05-12 07:17:11.000","2026-05-12 07:17:11.000","136","0","67","104","9,999","0","0","NaN"
"400055917","ca0c0d89-614d-4358-b31f-2cb27a29cf5f","1","DISCHARGE_TO_HOME_AND_GRID","1","discharge","2026-05-12 07:17:11.000","0","0","65","0","0","2026-05-12 07:17:11.000","0","0","65","0","0","0","","91","","","","","","","","2026-05-12 07:17:11.000","2026-05-12 07:17:11.000","0","0","65","0","0","0","0","NaN"
"400055000","ca0c0d89-614d-4358-b31f-2cb27a29cf5f","1","DISCHARGE_TO_HOME_AND_GRID","1","discharge","2026-05-12 07:17:20.000","74","0","1","65","3,800","2026-05-12 07:17:20.000","74","0","1","65","3,800","3,800","","92","","","","","","","","2026-05-12 07:17:20.000","2026-05-12 07:17:20.000","74","0","1","65","3,800","0","0","NaN"
"400054505","ca0c0d89-614d-4358-b31f-2cb27a29cf5f","1","DISCHARGE_TO_HOME_AND_GRID","1","discharge","2026-05-12 07:16:23.000","","","","","","2026-05-12 07:16:23.000","","","","","","0","","93","","","","","","","","2026-05-12 07:16:23.000","2026-05-12 07:16:23.000","","","","","","0","0",""
"400054375","ca0c0d89-614d-4358-b31f-2cb27a29cf5f","1","DISCHARGE_TO_HOME_AND_GRID","1","discharge","2026-05-12 07:17:11.000","0","0","80","0","0","2026-05-12 07:17:11.000","0","0","80","0","0","0","","94","","","","","","","","2026-05-12 07:17:11.000","2026-05-12 07:17:11.000","0","0","80","0","0","0","0","NaN"
"400054200","ca0c0d89-614d-4358-b31f-2cb27a29cf5f","1","DISCHARGE_TO_HOME_AND_GRID","1","discharge","2026-05-12 07:16:23.000","","","","","","2026-05-12 07:16:23.000","","","","","","0","","95","","","","","","","","2026-05-12 07:16:23.000","2026-05-12 07:16:23.000","","","","","","0","0",""
"400054126","ca0c0d89-614d-4358-b31f-2cb27a29cf5f","1","DISCHARGE_TO_HOME_AND_GRID","1","discharge","2026-05-12 07:16:23.000","","","","","","2026-05-12 07:16:23.000","","","","","","0","","96","","","","","","","","2026-05-12 07:16:23.000","2026-05-12 07:16:23.000","","","","","","0","0",""
"400054024","ca0c0d89-614d-4358-b31f-2cb27a29cf5f","1","DISCHARGE_TO_HOME_AND_GRID","1","discharge","2026-05-12 07:16:23.000","","","","","","2026-05-12 07:16:23.000","","","","","","0","","97","","","","","","","","2026-05-12 07:16:23.000","2026-05-12 07:16:23.000","","","","","","0","0",""
"400052994","ca0c0d89-614d-4358-b31f-2cb27a29cf5f","1","DISCHARGE_TO_HOME_AND_GRID","1","discharge","2026-05-12 07:16:22.000","0","0","804","0","","2026-05-12 07:16:22.000","0","0","804","0","","0","","98","","","","","","","","2026-05-12 07:16:22.000","2026-05-12 07:16:22.000","0","0","804","0","","0","0",""
"400052828","ca0c0d89-614d-4358-b31f-2cb27a29cf5f","1","DISCHARGE_TO_HOME_AND_GRID","1","discharge","2026-05-12 07:16:23.000","","","","","","2026-05-12 07:16:23.000","","","","","","0","","99","","","","","","","","2026-05-12 07:16:23.000","2026-05-12 07:16:23.000","","","","","","0","0",""
"400052747","ca0c0d89-614d-4358-b31f-2cb27a29cf5f","1","DISCHARGE_TO_HOME_AND_GRID","1","discharge","2026-05-12 07:16:23.000","","","","","","2026-05-12 07:16:23.000","","","","","","0","","100","","","","","","","","2026-05-12 07:16:23.000","2026-05-12 07:16:23.000","","","","","","0","0",""
"400052710","ca0c0d89-614d-4358-b31f-2cb27a29cf5f","1","DISCHARGE_TO_HOME_AND_GRID","1","discharge","2026-05-12 07:16:23.000","","","","","","2026-05-12 07:16:23.000","","","","","","0","","101","","","","","","","","2026-05-12 07:16:23.000","2026-05-12 07:16:23.000","","","","","","0","0",""
"400052472","ca0c0d89-614d-4358-b31f-2cb27a29cf5f","1","DISCHARGE_TO_HOME_AND_GRID","1","discharge","2026-05-12 07:17:11.000","194","0","44","172","7,598","2026-05-12 07:17:11.000","194","0","44","172","7,598","7,598","","102","","","","","","","","2026-05-12 07:17:11.000","2026-05-12 07:17:11.000","194","0","44","172","7,598","0","0","NaN"
"400052197","ca0c0d89-614d-4358-b31f-2cb27a29cf5f","1","DISCHARGE_TO_HOME_AND_GRID","1","discharge","2026-05-12 07:16:23.000","","","","","","2026-05-12 07:16:23.000","","","","","","0","","103","","","","","","","","2026-05-12 07:16:23.000","2026-05-12 07:16:23.000","","","","","","0","0",""
"400052108","ca0c0d89-614d-4358-b31f-2cb27a29cf5f","1","DISCHARGE_TO_HOME_AND_GRID","1","discharge","2026-05-12 07:16:22.000","0","0","368","0","","2026-05-12 07:16:22.000","0","0","368","0","","0","","104","","","","","","","","2026-05-12 07:16:22.000","2026-05-12 07:16:22.000","0","0","368","0","","0","0",""
"400051937","ca0c0d89-614d-4358-b31f-2cb27a29cf5f","1","DISCHARGE_TO_HOME_AND_GRID","1","discharge","2026-05-12 07:16:22.000","340","0","7","0","","2026-05-12 07:16:22.000","340","0","7","0","","0","","105","","","","","","","","2026-05-12 07:16:22.000","2026-05-12 07:16:22.000","340","0","7","0","","0","0",""
"400051877","ca0c0d89-614d-4358-b31f-2cb27a29cf5f","1","DISCHARGE_TO_HOME_AND_GRID","1","discharge","2026-05-12 07:16:23.000","","","","","","2026-05-12 07:16:23.000","","","","","","0","","106","","","","","","","","2026-05-12 07:16:23.000","2026-05-12 07:16:23.000","","","","","","0","0",""
"400051485","ca0c0d89-614d-4358-b31f-2cb27a29cf5f","1","DISCHARGE_TO_HOME_AND_GRID","1","discharge","2026-05-12 07:15:57.000","","","","","","2026-05-12 08:10:08.000","1,900","0","200","300","1,993","20,988","","107","2026-05-12 08:15:17.000","2,000","0","300","300","2,150","","2026-05-12 07:15:57.000","2026-05-12 08:15:17.000","2,000","0","300","300","2,150","3,560","3,560","2,150"
"400051485","ca0c0d89-614d-4358-b31f-2cb27a29cf5f","2","STOPDISPATCHCOMMANDDTO","2","stop","2026-05-12 08:15:17.000","2,000","0","300","300","2,150","2026-05-12 08:15:17.000","2,000","0","300","300","2,150","2,150","","108","","","","","","","1,993","2026-05-12 08:15:17.000","2026-05-12 08:15:17.000","0","0","0","0","0","0","3,560","-∞"
"400051446","ca0c0d89-614d-4358-b31f-2cb27a29cf5f","1","DISCHARGE_TO_HOME_AND_GRID","1","discharge","2026-05-12 07:16:22.000","28","2","2","2","","2026-05-12 07:16:22.000","28","2","2","2","","0","","109","","","","","","","","2026-05-12 07:16:22.000","2026-05-12 07:16:22.000","28","2","2","2","","0","0",""
"400051141","ca0c0d89-614d-4358-b31f-2cb27a29cf5f","1","DISCHARGE_TO_HOME_AND_GRID","1","discharge","2026-05-12 07:17:20.000","0","0","0","0","404","2026-05-12 07:17:20.000","0","0","0","0","404","404","","110","","","","","","","","2026-05-12 07:17:20.000","2026-05-12 07:17:20.000","0","0","0","0","404","0","0","NaN"
"400050796","ca0c0d89-614d-4358-b31f-2cb27a29cf5f","1","DISCHARGE_TO_HOME_AND_GRID","1","discharge","2026-05-12 07:16:23.000","83","0","5.5","5.375","742","2026-05-12 07:16:23.000","83","0","5.5","5.375","742","742","","111","","","","","","","","2026-05-12 07:16:23.000","2026-05-12 07:16:23.000","83","0","5.5","5.375","742","0","0","NaN"
"400050662","ca0c0d89-614d-4358-b31f-2cb27a29cf5f","1","DISCHARGE_TO_HOME_AND_GRID","1","discharge","2026-05-12 07:16:23.000","","","","","","2026-05-12 07:16:23.000","","","","","","0","","112","","","","","","","","2026-05-12 07:16:23.000","2026-05-12 07:16:23.000","","","","","","0","0",""
"400050660","ca0c0d89-614d-4358-b31f-2cb27a29cf5f","1","DISCHARGE_TO_HOME_AND_GRID","1","discharge","2026-05-12 07:16:22.000","","","","","","2026-05-12 07:16:22.000","","","","","","0","","113","","","","","","","","2026-05-12 07:16:22.000","2026-05-12 07:16:22.000","","","","","","0","0",""
"400050447","ca0c0d89-614d-4358-b31f-2cb27a29cf5f","1","DISCHARGE_TO_HOME_AND_GRID","1","discharge","2026-05-12 07:16:22.000","0","0","158","0","","2026-05-12 07:16:22.000","0","0","158","0","","0","","114","","","","","","","","2026-05-12 07:16:22.000","2026-05-12 07:16:22.000","0","0","158","0","","0","0",""
"400050079","ca0c0d89-614d-4358-b31f-2cb27a29cf5f","1","DISCHARGE_TO_HOME_AND_GRID","1","discharge","2026-05-12 07:17:11.000","21","0","1","22","7,652","2026-05-12 07:17:11.000","21","0","1","22","7,652","7,652","","115","","","","","","","","2026-05-12 07:17:11.000","2026-05-12 07:17:11.000","21","0","1","22","7,652","0","0","NaN"
"400050065","ca0c0d89-614d-4358-b31f-2cb27a29cf5f","1","DISCHARGE_TO_HOME_AND_GRID","1","discharge","2026-05-12 07:17:40.000","0","0","0","0","638","2026-05-12 07:17:40.000","0","0","0","0","638","638","","116","","","","","","","","2026-05-12 07:17:40.000","2026-05-12 07:17:40.000","0","0","0","0","638","0","0","NaN"
"400050028","ca0c0d89-614d-4358-b31f-2cb27a29cf5f","1","DISCHARGE_TO_HOME_AND_GRID","1","discharge","2026-05-12 07:16:23.000","","","","","","2026-05-12 07:16:23.000","","","","","","0","","117","","","","","","","","2026-05-12 07:16:23.000","2026-05-12 07:16:23.000","","","","","","0","0",""
"400049943","ca0c0d89-614d-4358-b31f-2cb27a29cf5f","1","DISCHARGE_TO_HOME_AND_GRID","1","discharge","2026-05-12 07:17:11.000","590","0","72","0","7,599","2026-05-12 07:17:11.000","590","0","72","0","7,599","7,599","","118","","","","","","","","2026-05-12 07:17:11.000","2026-05-12 07:17:11.000","590","0","72","0","7,599","0","0","NaN"
"400049927","ca0c0d89-614d-4358-b31f-2cb27a29cf5f","1","DISCHARGE_TO_HOME_AND_GRID","1","discharge","2026-05-12 07:16:23.000","","","","","","2026-05-12 07:16:23.000","","","","","","0","","119","","","","","","","","2026-05-12 07:16:23.000","2026-05-12 07:16:23.000","","","","","","0","0",""
"400049669","ca0c0d89-614d-4358-b31f-2cb27a29cf5f","1","DISCHARGE_TO_HOME_AND_GRID","1","discharge","2026-05-12 07:16:23.000","","","","","","2026-05-12 07:16:23.000","","","","","","0","","120","","","","","","","","2026-05-12 07:16:23.000","2026-05-12 07:16:23.000","","","","","","0","0",""
"400049629","ca0c0d89-614d-4358-b31f-2cb27a29cf5f","1","DISCHARGE_TO_HOME_AND_GRID","1","discharge","2026-05-12 07:16:22.000","91","0","10","0","","2026-05-12 07:16:22.000","91","0","10","0","","0","","121","","","","","","","","2026-05-12 07:16:22.000","2026-05-12 07:16:22.000","91","0","10","0","","0","0",""
"400049621","ca0c0d89-614d-4358-b31f-2cb27a29cf5f","1","DISCHARGE_TO_HOME_AND_GRID","1","discharge","2026-05-12 07:17:30.000","42","0","0","32","3,799","2026-05-12 07:17:30.000","42","0","0","32","3,799","3,799","","122","","","","","","","","2026-05-12 07:17:30.000","2026-05-12 07:17:30.000","42","0","0","32","3,799","0","0","NaN"
"400049538","ca0c0d89-614d-4358-b31f-2cb27a29cf5f","1","DISCHARGE_TO_HOME_AND_GRID","1","discharge","2026-05-12 07:17:20.000","37","0","0","0","311","2026-05-12 07:17:20.000","37","0","0","0","311","311","","123","","","","","","","","2026-05-12 07:17:20.000","2026-05-12 07:17:20.000","37","0","0","0","311","0","0","NaN"
"400049457","ca0c0d89-614d-4358-b31f-2cb27a29cf5f","1","DISCHARGE_TO_HOME_AND_GRID","1","discharge","2026-05-12 07:17:40.000","0","0","1","1","590","2026-05-12 07:17:40.000","0","0","1","1","590","590","","124","","","","","","","","2026-05-12 07:17:40.000","2026-05-12 07:17:40.000","0","0","1","1","590","0","0","NaN"
"400049426","ca0c0d89-614d-4358-b31f-2cb27a29cf5f","1","DISCHARGE_TO_HOME_AND_GRID","1","discharge","2026-05-12 07:17:40.000","0","0","51","0","0","2026-05-12 07:17:40.000","0","0","51","0","0","0","","125","","","","","","","","2026-05-12 07:17:40.000","2026-05-12 07:17:40.000","0","0","51","0","0","0","0","NaN"
"400049176","ca0c0d89-614d-4358-b31f-2cb27a29cf5f","1","DISCHARGE_TO_HOME_AND_GRID","1","discharge","2026-05-12 07:17:20.000","52","0","24","2","0","2026-05-12 07:17:20.000","52","0","24","2","0","0","","126","","","","","","","","2026-05-12 07:17:20.000","2026-05-12 07:17:20.000","52","0","24","2","0","0","0","NaN"
"400048991","ca0c0d89-614d-4358-b31f-2cb27a29cf5f","1","DISCHARGE_TO_HOME_AND_GRID","1","discharge","2026-05-12 07:17:40.000","0","0","0","0","154","2026-05-12 07:17:40.000","0","0","0","0","154","154","","127","","","","","","","","2026-05-12 07:17:40.000","2026-05-12 07:17:40.000","0","0","0","0","154","0","0","NaN"
"400048970","ca0c0d89-614d-4358-b31f-2cb27a29cf5f","1","DISCHARGE_TO_HOME_AND_GRID","1","discharge","2026-05-12 07:17:20.000","219","0","40","0","7,598","2026-05-12 07:17:20.000","219","0","40","0","7,598","7,598","","128","","","","","","","","2026-05-12 07:17:20.000","2026-05-12 07:17:20.000","219","0","40","0","7,598","0","0","NaN"
"400048962","ca0c0d89-614d-4358-b31f-2cb27a29cf5f","1","DISCHARGE_TO_HOME_AND_GRID","1","discharge","2026-05-12 07:16:22.000","","","","","","2026-05-12 07:16:22.000","","","","","","0","","129","","","","","","","","2026-05-12 07:16:22.000","2026-05-12 07:16:22.000","","","","","","0","0",""
"400048943","ca0c0d89-614d-4358-b31f-2cb27a29cf5f","1","DISCHARGE_TO_HOME_AND_GRID","1","discharge","2026-05-12 07:17:11.000","147","0","0","85","5,000","2026-05-12 07:17:11.000","147","0","0","85","5,000","5,000","","130","","","","","","","","2026-05-12 07:17:11.000","2026-05-12 07:17:11.000","147","0","0","85","5,000","0","0","NaN"
"400048892","ca0c0d89-614d-4358-b31f-2cb27a29cf5f","1","DISCHARGE_TO_HOME_AND_GRID","1","discharge","2026-05-12 07:17:11.000","66","0","59","37","5,000","2026-05-12 07:17:11.000","66","0","59","37","5,000","5,000","","131","","","","","","","","2026-05-12 07:17:11.000","2026-05-12 07:17:11.000","66","0","59","37","5,000","0","0","NaN"
"400048847","ca0c0d89-614d-4358-b31f-2cb27a29cf5f","1","DISCHARGE_TO_HOME_AND_GRID","1","discharge","2026-05-12 07:17:11.000","0","0","14","0","0","2026-05-12 07:17:11.000","0","0","14","0","0","0","","132","","","","","","","","2026-05-12 07:17:11.000","2026-05-12 07:17:11.000","0","0","14","0","0","0","0","NaN"
"400048823","ca0c0d89-614d-4358-b31f-2cb27a29cf5f","1","DISCHARGE_TO_HOME_AND_GRID","1","discharge","2026-05-12 07:17:11.000","0","0","1","0","254","2026-05-12 07:17:11.000","0","0","1","0","254","254","","133","","","","","","","","2026-05-12 07:17:11.000","2026-05-12 07:17:11.000","0","0","1","0","254","0","0","NaN"
"400048657","ca0c0d89-614d-4358-b31f-2cb27a29cf5f","1","DISCHARGE_TO_HOME_AND_GRID","1","discharge","2026-05-12 07:16:23.000","","","","","","2026-05-12 07:16:23.000","","","","","","0","","134","","","","","","","","2026-05-12 07:16:23.000","2026-05-12 07:16:23.000","","","","","","0","0",""
"400048648","ca0c0d89-614d-4358-b31f-2cb27a29cf5f","1","DISCHARGE_TO_HOME_AND_GRID","1","discharge","2026-05-12 07:17:30.000","278","0","1","253","7,597","2026-05-12 07:17:30.000","278","0","1","253","7,597","7,597","","135","","","","","","","","2026-05-12 07:17:30.000","2026-05-12 07:17:30.000","278","0","1","253","7,597","0","0","NaN"
"400048643","ca0c0d89-614d-4358-b31f-2cb27a29cf5f","1","DISCHARGE_TO_HOME_AND_GRID","1","discharge","2026-05-12 07:17:20.000","406","0","1","319","9,998","2026-05-12 07:17:20.000","406","0","1","319","9,998","9,998","","136","","","","","","","","2026-05-12 07:17:20.000","2026-05-12 07:17:20.000","406","0","1","319","9,998","0","0","NaN"
"400048387","ca0c0d89-614d-4358-b31f-2cb27a29cf5f","1","DISCHARGE_TO_HOME_AND_GRID","1","discharge","2026-05-12 07:16:23.000","1","0","14","0","0","2026-05-12 07:16:23.000","1","0","14","0","0","0","","137","","","","","","","","2026-05-12 07:16:23.000","2026-05-12 07:16:23.000","1","0","14","0","0","0","0","NaN"
"400048385","ca0c0d89-614d-4358-b31f-2cb27a29cf5f","1","DISCHARGE_TO_HOME_AND_GRID","1","discharge","2026-05-12 07:16:23.000","154","0","0","2","780","2026-05-12 07:16:23.000","154","0","0","2","780","780","","138","","","","","","","","2026-05-12 07:16:23.000","2026-05-12 07:16:23.000","154","0","0","2","780","0","0","NaN"
"400048336","ca0c0d89-614d-4358-b31f-2cb27a29cf5f","1","DISCHARGE_TO_HOME_AND_GRID","1","discharge","2026-05-12 07:16:23.000","4","0","1,442","0","0","2026-05-12 07:16:23.000","4","0","1,442","0","0","0","","139","","","","","","","","2026-05-12 07:16:23.000","2026-05-12 07:16:23.000","4","0","1,442","0","0","0","0","NaN"
"400048257","ca0c0d89-614d-4358-b31f-2cb27a29cf5f","1","DISCHARGE_TO_HOME_AND_GRID","1","discharge","2026-05-12 07:16:23.000","34","0","0","0","342","2026-05-12 07:16:23.000","34","0","0","0","342","342","","140","","","","","","","","2026-05-12 07:16:23.000","2026-05-12 07:16:23.000","34","0","0","0","342","0","0","NaN"
"400048162","ca0c0d89-614d-4358-b31f-2cb27a29cf5f","1","DISCHARGE_TO_HOME_AND_GRID","1","discharge","2026-05-12 07:17:30.000","0","0","30","0","0","2026-05-12 07:17:30.000","0","0","30","0","0","0","","141","","","","","","","","2026-05-12 07:17:30.000","2026-05-12 07:17:30.000","0","0","30","0","0","0","0","NaN"
"400048111","ca0c0d89-614d-4358-b31f-2cb27a29cf5f","1","DISCHARGE_TO_HOME_AND_GRID","1","discharge","2026-05-12 07:16:22.000","0","0","155","0","","2026-05-12 07:16:22.000","0","0","155","0","","0","","142","","","","","","","","2026-05-12 07:16:22.000","2026-05-12 07:16:22.000","0","0","155","0","","0","0",""
"400048065","ca0c0d89-614d-4358-b31f-2cb27a29cf5f","1","DISCHARGE_TO_HOME_AND_GRID","1","discharge","2026-05-12 07:16:23.000","2","0","421","0","0","2026-05-12 07:16:23.000","2","0","421","0","0","0","","143","","","","","","","","2026-05-12 07:16:23.000","2026-05-12 07:16:23.000","2","0","421","0","0","0","0","NaN"
"400048063","ca0c0d89-614d-4358-b31f-2cb27a29cf5f","1","DISCHARGE_TO_HOME_AND_GRID","1","discharge","2026-05-12 07:16:23.000","4","0","2","0","0","2026-05-12 07:16:23.000","4","0","2","0","0","0","","144","","","","","","","","2026-05-12 07:16:23.000","2026-05-12 07:16:23.000","4","0","2","0","0","0","0","NaN"
"400047700","ca0c0d89-614d-4358-b31f-2cb27a29cf5f","1","DISCHARGE_TO_HOME_AND_GRID","1","discharge","2026-05-12 07:17:11.000","0","0","0","0","457","2026-05-12 07:17:11.000","0","0","0","0","457","457","","145","","","","","","","","2026-05-12 07:17:11.000","2026-05-12 07:17:11.000","0","0","0","0","457","0","0","NaN"
"400047431","ca0c0d89-614d-4358-b31f-2cb27a29cf5f","1","DISCHARGE_TO_HOME_AND_GRID","1","discharge","2026-05-12 07:17:10.000","0","0","0","0","472","2026-05-12 07:17:10.000","0","0","0","0","472","472","","146","","","","","","","","2026-05-12 07:17:10.000","2026-05-12 07:17:10.000","0","0","0","0","472","0","0","NaN"
"400046437","ca0c0d89-614d-4358-b31f-2cb27a29cf5f","1","DISCHARGE_TO_HOME_AND_GRID","1","discharge","2026-05-12 07:17:11.000","95","0","42","70","4,999","2026-05-12 07:17:11.000","95","0","42","70","4,999","4,999","","147","","","","","","","","2026-05-12 07:17:11.000","2026-05-12 07:17:11.000","95","0","42","70","4,999","0","0","NaN"
"400046429","ca0c0d89-614d-4358-b31f-2cb27a29cf5f","1","DISCHARGE_TO_HOME_AND_GRID","1","discharge","2026-05-12 07:16:23.000","59","0","0","0","483","2026-05-12 07:16:23.000","59","0","0","0","483","483","","148","","","","","","","","2026-05-12 07:16:23.000","2026-05-12 07:16:23.000","59","0","0","0","483","0","0","NaN"
"400046342","ca0c0d89-614d-4358-b31f-2cb27a29cf5f","1","DISCHARGE_TO_HOME_AND_GRID","1","discharge","2026-05-12 07:17:10.000","223","0","1","178","4,999","2026-05-12 07:17:10.000","223","0","1","178","4,999","4,999","","149","","","","","","","","2026-05-12 07:17:10.000","2026-05-12 07:17:10.000","223","0","1","178","4,999","0","0","NaN"
"400046334","ca0c0d89-614d-4358-b31f-2cb27a29cf5f","1","DISCHARGE_TO_HOME_AND_GRID","1","discharge","2026-05-12 07:16:22.000","93","0","5","0","","2026-05-12 07:16:22.000","93","0","5","0","","0","","150","","","","","","","","2026-05-12 07:16:22.000","2026-05-12 07:16:22.000","93","0","5","0","","0","0",""
"400046306","ca0c0d89-614d-4358-b31f-2cb27a29cf5f","1","DISCHARGE_TO_HOME_AND_GRID","1","discharge","2026-05-12 07:16:23.000","249","0","0","0","2,772","2026-05-12 07:16:23.000","249","0","0","0","2,772","2,772","","151","","","","","","","","2026-05-12 07:16:23.000","2026-05-12 07:16:23.000","249","0","0","0","2,772","0","0","NaN"
"400046234","ca0c0d89-614d-4358-b31f-2cb27a29cf5f","1","DISCHARGE_TO_HOME_AND_GRID","1","discharge","2026-05-12 07:16:22.000","182","0","6","0","","2026-05-12 07:16:22.000","182","0","6","0","","0","","152","","","","","","","","2026-05-12 07:16:22.000","2026-05-12 07:16:22.000","182","0","6","0","","0","0",""
"400046224","ca0c0d89-614d-4358-b31f-2cb27a29cf5f","1","DISCHARGE_TO_HOME_AND_GRID","1","discharge","2026-05-12 07:16:23.000","92","0","0","0","363","2026-05-12 07:16:23.000","92","0","0","0","363","363","","153","","","","","","","","2026-05-12 07:16:23.000","2026-05-12 07:16:23.000","92","0","0","0","363","0","0","NaN"
"400046218","ca0c0d89-614d-4358-b31f-2cb27a29cf5f","1","DISCHARGE_TO_HOME_AND_GRID","1","discharge","2026-05-12 07:17:11.000","125","0","0","114","3,855","2026-05-12 07:17:11.000","125","0","0","114","3,855","3,855","","154","","","","","","","","2026-05-12 07:17:11.000","2026-05-12 07:17:11.000","125","0","0","114","3,855","0","0","NaN"
"400045999","ca0c0d89-614d-4358-b31f-2cb27a29cf5f","1","DISCHARGE_TO_HOME_AND_GRID","1","discharge","2026-05-12 07:17:11.000","280","0","3","195","5,759","2026-05-12 07:17:11.000","280","0","3","195","5,759","5,759","","155","","","","","","","","2026-05-12 07:17:11.000","2026-05-12 07:17:11.000","280","0","3","195","5,759","0","0","NaN"
"400045961","ca0c0d89-614d-4358-b31f-2cb27a29cf5f","1","DISCHARGE_TO_HOME_AND_GRID","1","discharge","2026-05-12 07:16:22.000","0","0","152","0","","2026-05-12 07:16:22.000","0","0","152","0","","0","","156","","","","","","","","2026-05-12 07:16:22.000","2026-05-12 07:16:22.000","0","0","152","0","","0","0",""
"400045661","ca0c0d89-614d-4358-b31f-2cb27a29cf5f","1","DISCHARGE_TO_HOME_AND_GRID","1","discharge","2026-05-12 07:17:20.000","0","0","24","0","0","2026-05-12 07:17:20.000","0","0","24","0","0","0","","157","","","","","","","","2026-05-12 07:17:20.000","2026-05-12 07:17:20.000","0","0","24","0","0","0","0","NaN"
"400045570","ca0c0d89-614d-4358-b31f-2cb27a29cf5f","1","DISCHARGE_TO_HOME_AND_GRID","1","discharge","2026-05-12 07:16:23.000","352","0","0","0","1,800","2026-05-12 07:16:23.000","352","0","0","0","1,800","1,800","","158","","","","","","","","2026-05-12 07:16:23.000","2026-05-12 07:16:23.000","352","0","0","0","1,800","0","0","NaN"
"400045410","ca0c0d89-614d-4358-b31f-2cb27a29cf5f","1","DISCHARGE_TO_HOME_AND_GRID","1","discharge","2026-05-12 07:17:20.000","0","0","0","1","559","2026-05-12 07:17:20.000","0","0","0","1","559","559","","159","","","","","","","","2026-05-12 07:17:20.000","2026-05-12 07:17:20.000","0","0","0","1","559","0","0","NaN"
"400045390","ca0c0d89-614d-4358-b31f-2cb27a29cf5f","1","DISCHARGE_TO_HOME_AND_GRID","1","discharge","2026-05-12 07:17:11.000","0","0","0","1","312","2026-05-12 07:17:11.000","0","0","0","1","312","312","","160","","","","","","","","2026-05-12 07:17:11.000","2026-05-12 07:17:11.000","0","0","0","1","312","0","0","NaN"
"400045346","ca0c0d89-614d-4358-b31f-2cb27a29cf5f","1","DISCHARGE_TO_HOME_AND_GRID","1","discharge","2026-05-12 07:17:11.000","0","0","1","0","748","2026-05-12 07:17:11.000","0","0","1","0","748","748","","161","","","","","","","","2026-05-12 07:17:11.000","2026-05-12 07:17:11.000","0","0","1","0","748","0","0","NaN"
"400045313","ca0c0d89-614d-4358-b31f-2cb27a29cf5f","1","DISCHARGE_TO_HOME_AND_GRID","1","discharge","2026-05-12 07:17:11.000","12","0","0","1","429","2026-05-12 07:17:11.000","12","0","0","1","429","429","","162","","","","","","","","2026-05-12 07:17:11.000","2026-05-12 07:17:11.000","12","0","0","1","429","0","0","NaN"
"400045300","ca0c0d89-614d-4358-b31f-2cb27a29cf5f","1","DISCHARGE_TO_HOME_AND_GRID","1","discharge","2026-05-12 07:17:40.000","66","0","0","61","3,799","2026-05-12 07:17:40.000","66","0","0","61","3,799","3,799","","163","","","","","","","","2026-05-12 07:17:40.000","2026-05-12 07:17:40.000","66","0","0","61","3,799","0","0","NaN"
"400045207","ca0c0d89-614d-4358-b31f-2cb27a29cf5f","1","DISCHARGE_TO_HOME_AND_GRID","1","discharge","2026-05-12 07:16:22.000","204","0","18","0","430","2026-05-12 07:16:22.000","204","0","18","0","430","430","","164","","","","","","","","2026-05-12 07:16:22.000","2026-05-12 07:16:22.000","204","0","18","0","430","0","0","NaN"
"400044806","ca0c0d89-614d-4358-b31f-2cb27a29cf5f","1","DISCHARGE_TO_HOME_AND_GRID","1","discharge","2026-05-12 07:16:22.000","0","0","158","0","","2026-05-12 07:16:22.000","0","0","158","0","","0","","165","","","","","","","","2026-05-12 07:16:22.000","2026-05-12 07:16:22.000","0","0","158","0","","0","0",""
"400044606","ca0c0d89-614d-4358-b31f-2cb27a29cf5f","1","DISCHARGE_TO_HOME_AND_GRID","1","discharge","2026-05-12 07:15:57.000","","","","","","2026-05-12 08:10:08.000","","","","","","0","","166","2026-05-12 08:15:17.000","","","","","","","2026-05-12 07:15:57.000","2026-05-12 08:15:17.000","","","","","","3,560","3,560",""
"400044606","ca0c0d89-614d-4358-b31f-2cb27a29cf5f","2","STOPDISPATCHCOMMANDDTO","2","stop","2026-05-12 08:15:17.000","","","","","","2026-05-12 08:15:17.000","","","","","","0","","167","","","","","","","","2026-05-12 08:15:17.000","2026-05-12 08:15:17.000","","","","","","0","3,560",""
"400044529","ca0c0d89-614d-4358-b31f-2cb27a29cf5f","1","DISCHARGE_TO_HOME_AND_GRID","1","discharge","2026-05-12 07:15:58.000","100","0","0","0","1,142","2026-05-12 08:10:09.000","2,500","0","600","1,900","0","22,023","","168","2026-05-12 08:15:17.000","2,500","0","700","1,900","0","","2026-05-12 07:15:58.000","2026-05-12 08:15:17.000","2,500","0","700","1,900","0","3,559","3,559","0"
"400044529","ca0c0d89-614d-4358-b31f-2cb27a29cf5f","2","STOPDISPATCHCOMMANDDTO","2","stop","2026-05-12 08:15:17.000","2,500","0","700","1,900","0","2026-05-12 08:15:17.000","2,500","0","700","1,900","0","0","","169","","","","","","","0","2026-05-12 08:15:17.000","2026-05-12 08:15:17.000","0","0","0","0","0","0","3,559","NaN"
"400044475","ca0c0d89-614d-4358-b31f-2cb27a29cf5f","1","DISCHARGE_TO_HOME_AND_GRID","1","discharge","2026-05-12 07:16:23.000","68","1","0","0","573","2026-05-12 07:16:23.000","68","1","0","0","573","573","","170","","","","","","","","2026-05-12 07:16:23.000","2026-05-12 07:16:23.000","68","1","0","0","573","0","0","NaN"
"400044452","ca0c0d89-614d-4358-b31f-2cb27a29cf5f","1","DISCHARGE_TO_HOME_AND_GRID","1","discharge","2026-05-12 07:16:22.000","0","0","68","0","","2026-05-12 07:16:22.000","0","0","68","0","","0","","171","","","","","","","","2026-05-12 07:16:22.000","2026-05-12 07:16:22.000","0","0","68","0","","0","0",""
"400044448","ca0c0d89-614d-4358-b31f-2cb27a29cf5f","1","DISCHARGE_TO_HOME_AND_GRID","1","discharge","2026-05-12 07:17:10.000","0","0","36","0","0","2026-05-12 07:17:10.000","0","0","36","0","0","0","","172","","","","","","","","2026-05-12 07:17:10.000","2026-05-12 07:17:10.000","0","0","36","0","0","0","0","NaN"
"400044435","ca0c0d89-614d-4358-b31f-2cb27a29cf5f","1","DISCHARGE_TO_HOME_AND_GRID","1","discharge","2026-05-12 07:15:57.000","","","","","","2026-05-12 08:10:08.000","","","","","","0","","173","2026-05-12 08:15:17.000","","","","","","","2026-05-12 07:15:57.000","2026-05-12 08:15:17.000","","","","","","3,560","3,560",""
"400044435","ca0c0d89-614d-4358-b31f-2cb27a29cf5f","2","STOPDISPATCHCOMMANDDTO","2","stop","2026-05-12 08:15:17.000","","","","","","2026-05-12 08:15:17.000","","","","","","0","","174","","","","","","","","2026-05-12 08:15:17.000","2026-05-12 08:15:17.000","","","","","","0","3,560",""
"400044434","ca0c0d89-614d-4358-b31f-2cb27a29cf5f","1","DISCHARGE_TO_HOME_AND_GRID","1","discharge","2026-05-12 07:15:57.000","","","","","","2026-05-12 08:10:08.000","","","","","","0","","175","2026-05-12 08:15:17.000","","","","","","","2026-05-12 07:15:57.000","2026-05-12 08:15:17.000","","","","","","3,560","3,560",""
"400044434","ca0c0d89-614d-4358-b31f-2cb27a29cf5f","2","STOPDISPATCHCOMMANDDTO","2","stop","2026-05-12 08:15:17.000","","","","","","2026-05-12 08:15:17.000","","","","","","0","","176","","","","","","","","2026-05-12 08:15:17.000","2026-05-12 08:15:17.000","","","","","","0","3,560",""
"400044038","ca0c0d89-614d-4358-b31f-2cb27a29cf5f","1","DISCHARGE_TO_HOME_AND_GRID","1","discharge","2026-05-12 07:15:57.000","","","","","","2026-05-12 08:10:08.000","","","","","","0","","177","2026-05-12 08:15:18.000","","","","","","","2026-05-12 07:15:57.000","2026-05-12 08:15:18.000","","","","","","3,561","3,561",""
"400044038","ca0c0d89-614d-4358-b31f-2cb27a29cf5f","2","STOPDISPATCHCOMMANDDTO","2","stop","2026-05-12 08:15:18.000","","","","","","2026-05-12 08:15:18.000","","","","","","0","","178","","","","","","","","2026-05-12 08:15:18.000","2026-05-12 08:15:18.000","","","","","","0","3,561",""
"400043898","ca0c0d89-614d-4358-b31f-2cb27a29cf5f","1","DISCHARGE_TO_HOME_AND_GRID","1","discharge","2026-05-12 07:16:22.000","0","0","703","0","","2026-05-12 07:16:22.000","0","0","703","0","","0","","179","","","","","","","","2026-05-12 07:16:22.000","2026-05-12 07:16:22.000","0","0","703","0","","0","0",""
"400043852","ca0c0d89-614d-4358-b31f-2cb27a29cf5f","1","DISCHARGE_TO_HOME_AND_GRID","1","discharge","2026-05-12 07:19:56.000","","","","","","2026-05-12 08:13:55.000","","","","","","0","","180","2026-05-12 08:18:55.000","","","","","","","2026-05-12 07:19:56.000","2026-05-12 08:18:55.000","","","","","","3,539","3,539",""
"400043852","ca0c0d89-614d-4358-b31f-2cb27a29cf5f","2","STOPDISPATCHCOMMANDDTO","2","stop","2026-05-12 08:18:55.000","","","","","","2026-05-12 08:18:55.000","","","","","","0","","181","","","","","","","","2026-05-12 08:18:55.000","2026-05-12 08:18:55.000","","","","","","0","3,539",""
"400043672","ca0c0d89-614d-4358-b31f-2cb27a29cf5f","1","DISCHARGE_TO_HOME_AND_GRID","1","discharge","2026-05-12 07:16:23.000","41","0","6.1875","5.625","367","2026-05-12 07:16:23.000","41","0","6.1875","5.625","367","367","","182","","","","","","","","2026-05-12 07:16:23.000","2026-05-12 07:16:23.000","41","0","6.1875","5.625","367","0","0","NaN"
"400043574","ca0c0d89-614d-4358-b31f-2cb27a29cf5f","1","DISCHARGE_TO_HOME_AND_GRID","1","discharge","2026-05-12 07:16:22.000","","","","","","2026-05-12 07:16:22.000","","","","","","0","","183","","","","","","","","2026-05-12 07:16:22.000","2026-05-12 07:16:22.000","","","","","","0","0",""
"400043550","ca0c0d89-614d-4358-b31f-2cb27a29cf5f","1","DISCHARGE_TO_HOME_AND_GRID","1","discharge","2026-05-12 07:16:23.000","68","0","2","2","261","2026-05-12 07:16:23.000","68","0","2","2","261","261","","184","","","","","","","","2026-05-12 07:16:23.000","2026-05-12 07:16:23.000","68","0","2","2","261","0","0","NaN"
"400043507","ca0c0d89-614d-4358-b31f-2cb27a29cf5f","1","DISCHARGE_TO_HOME_AND_GRID","1","discharge","2026-05-12 07:15:57.000","","","","","","2026-05-12 08:10:08.000","","","","","","0","","185","2026-05-12 08:15:17.000","","","","","","","2026-05-12 07:15:57.000","2026-05-12 08:15:17.000","","","","","","3,560","3,560",""
"400043507","ca0c0d89-614d-4358-b31f-2cb27a29cf5f","2","STOPDISPATCHCOMMANDDTO","2","stop","2026-05-12 08:15:17.000","","","","","","2026-05-12 08:15:17.000","","","","","","0","","186","","","","","","","","2026-05-12 08:15:17.000","2026-05-12 08:15:17.000","","","","","","0","3,560",""
"400043439","ca0c0d89-614d-4358-b31f-2cb27a29cf5f","1","DISCHARGE_TO_HOME_AND_GRID","1","discharge","2026-05-12 07:16:23.000","","","","","","2026-05-12 07:16:23.000","","","","","","0","","187","","","","","","","","2026-05-12 07:16:23.000","2026-05-12 07:16:23.000","","","","","","0","0",""
"400043420","ca0c0d89-614d-4358-b31f-2cb27a29cf5f","1","DISCHARGE_TO_HOME_AND_GRID","1","discharge","2026-05-12 07:16:22.000","82","0","4","0","","2026-05-12 07:16:22.000","82","0","4","0","","0","","188","","","","","","","","2026-05-12 07:16:22.000","2026-05-12 07:16:22.000","82","0","4","0","","0","0",""
"400043361","ca0c0d89-614d-4358-b31f-2cb27a29cf5f","1","DISCHARGE_TO_HOME_AND_GRID","1","discharge","2026-05-12 07:16:23.000","2","0","1,151","0","0","2026-05-12 07:16:23.000","2","0","1,151","0","0","0","","189","","","","","","","","2026-05-12 07:16:23.000","2026-05-12 07:16:23.000","2","0","1,151","0","0","0","0","NaN"
"400043168","ca0c0d89-614d-4358-b31f-2cb27a29cf5f","1","DISCHARGE_TO_HOME_AND_GRID","1","discharge","2026-05-12 07:17:11.000","149","0","4","89","3,799","2026-05-12 07:17:11.000","149","0","4","89","3,799","3,799","","190","","","","","","","","2026-05-12 07:17:11.000","2026-05-12 07:17:11.000","149","0","4","89","3,799","0","0","NaN"
"400043159","ca0c0d89-614d-4358-b31f-2cb27a29cf5f","1","DISCHARGE_TO_HOME_AND_GRID","1","discharge","2026-05-12 07:16:22.000","99","0","6","0","","2026-05-12 07:16:22.000","99","0","6","0","","0","","191","","","","","","","","2026-05-12 07:16:22.000","2026-05-12 07:16:22.000","99","0","6","0","","0","0",""
"400043117","ca0c0d89-614d-4358-b31f-2cb27a29cf5f","1","DISCHARGE_TO_HOME_AND_GRID","1","discharge","2026-05-12 07:16:22.000","52","4","576","0","30","2026-05-12 07:16:22.000","52","4","576","0","30","30","","192","","","","","","","","2026-05-12 07:16:22.000","2026-05-12 07:16:22.000","52","4","576","0","30","0","0","NaN"
"400043116","ca0c0d89-614d-4358-b31f-2cb27a29cf5f","1","DISCHARGE_TO_HOME_AND_GRID","1","discharge","2026-05-12 07:16:22.000","0","0","164","0","","2026-05-12 07:16:22.000","0","0","164","0","","0","","193","","","","","","","","2026-05-12 07:16:22.000","2026-05-12 07:16:22.000","0","0","164","0","","0","0",""
"400042946","ca0c0d89-614d-4358-b31f-2cb27a29cf5f","1","DISCHARGE_TO_HOME_AND_GRID","1","discharge","2026-05-12 07:16:23.000","63","0","1","1","612","2026-05-12 07:16:23.000","63","0","1","1","612","612","","194","","","","","","","","2026-05-12 07:16:23.000","2026-05-12 07:16:23.000","63","0","1","1","612","0","0","NaN"
"400042909","ca0c0d89-614d-4358-b31f-2cb27a29cf5f","1","DISCHARGE_TO_HOME_AND_GRID","1","discharge","2026-05-12 07:16:23.000","49","0","0","1","458","2026-05-12 07:16:23.000","49","0","0","1","458","458","","195","","","","","","","","2026-05-12 07:16:23.000","2026-05-12 07:16:23.000","49","0","0","1","458","0","0","NaN"
"400042755","ca0c0d89-614d-4358-b31f-2cb27a29cf5f","1","DISCHARGE_TO_HOME_AND_GRID","1","discharge","2026-05-12 07:17:11.000","11","0","141","0","4,999","2026-05-12 07:17:11.000","11","0","141","0","4,999","4,999","","196","","","","","","","","2026-05-12 07:17:11.000","2026-05-12 07:17:11.000","11","0","141","0","4,999","0","0","NaN"
"400042738","ca0c0d89-614d-4358-b31f-2cb27a29cf5f","1","DISCHARGE_TO_HOME_AND_GRID","1","discharge","2026-05-12 07:17:11.000","85","0","882","0","5,000","2026-05-12 07:17:11.000","85","0","882","0","5,000","5,000","","197","","","","","","","","2026-05-12 07:17:11.000","2026-05-12 07:17:11.000","85","0","882","0","5,000","0","0","NaN"
"400042683","ca0c0d89-614d-4358-b31f-2cb27a29cf5f","1","DISCHARGE_TO_HOME_AND_GRID","1","discharge","2026-05-12 07:16:23.000","4","0","84","0","0","2026-05-12 07:16:23.000","4","0","84","0","0","0","","198","","","","","","","","2026-05-12 07:16:23.000","2026-05-12 07:16:23.000","4","0","84","0","0","0","0","NaN"
"400042639","ca0c0d89-614d-4358-b31f-2cb27a29cf5f","1","DISCHARGE_TO_HOME_AND_GRID","1","discharge","2026-05-12 07:16:22.000","0","0","735","0","","2026-05-12 07:16:22.000","0","0","735","0","","0","","199","","","","","","","","2026-05-12 07:16:22.000","2026-05-12 07:16:22.000","0","0","735","0","","0","0",""
"400042629","ca0c0d89-614d-4358-b31f-2cb27a29cf5f","1","DISCHARGE_TO_HOME_AND_GRID","1","discharge","2026-05-12 07:17:40.000","0","0","13","0","0","2026-05-12 07:17:40.000","0","0","13","0","0","0","","200","","","","","","","","2026-05-12 07:17:40.000","2026-05-12 07:17:40.000","0","0","13","0","0","0","0","NaN"
"400042604","ca0c0d89-614d-4358-b31f-2cb27a29cf5f","1","DISCHARGE_TO_HOME_AND_GRID","1","discharge","2026-05-12 07:17:20.000","0","0","0","0","274","2026-05-12 07:17:20.000","0","0","0","0","274","274","","201","","","","","","","","2026-05-12 07:17:20.000","2026-05-12 07:17:20.000","0","0","0","0","274","0","0","NaN"
"400042529","ca0c0d89-614d-4358-b31f-2cb27a29cf5f","1","DISCHARGE_TO_HOME_AND_GRID","1","discharge","2026-05-12 07:17:20.000","0","0","136","0","0","2026-05-12 07:17:20.000","0","0","136","0","0","0","","202","","","","","","","","2026-05-12 07:17:20.000","2026-05-12 07:17:20.000","0","0","136","0","0","0","0","NaN"
"400042499","ca0c0d89-614d-4358-b31f-2cb27a29cf5f","1","DISCHARGE_TO_HOME_AND_GRID","1","discharge","2026-05-12 07:16:22.000","185","0","5","0","","2026-05-12 07:16:22.000","185","0","5","0","","0","","203","","","","","","","","2026-05-12 07:16:22.000","2026-05-12 07:16:22.000","185","0","5","0","","0","0",""
"400042465","ca0c0d89-614d-4358-b31f-2cb27a29cf5f","1","DISCHARGE_TO_HOME_AND_GRID","1","discharge","2026-05-12 07:17:20.000","80","0","1","1","792","2026-05-12 07:17:20.000","80","0","1","1","792","792","","204","","","","","","","","2026-05-12 07:17:20.000","2026-05-12 07:17:20.000","80","0","1","1","792","0","0","NaN"
"400042419","ca0c0d89-614d-4358-b31f-2cb27a29cf5f","1","DISCHARGE_TO_HOME_AND_GRID","1","discharge","2026-05-12 07:16:23.000","11","3","55","0","63","2026-05-12 07:16:23.000","11","3","55","0","63","63","","205","","","","","","","","2026-05-12 07:16:23.000","2026-05-12 07:16:23.000","11","3","55","0","63","0","0","NaN"
"400042379","ca0c0d89-614d-4358-b31f-2cb27a29cf5f","1","DISCHARGE_TO_HOME_AND_GRID","1","discharge","2026-05-12 07:16:22.000","0","0","105","0","","2026-05-12 07:16:22.000","0","0","105","0","","0","","206","","","","","","","","2026-05-12 07:16:22.000","2026-05-12 07:16:22.000","0","0","105","0","","0","0",""
"400042341","ca0c0d89-614d-4358-b31f-2cb27a29cf5f","1","DISCHARGE_TO_HOME_AND_GRID","1","discharge","2026-05-12 07:17:20.000","0","0","1","1","595","2026-05-12 07:17:20.000","0","0","1","1","595","595","","207","","","","","","","","2026-05-12 07:17:20.000","2026-05-12 07:17:20.000","0","0","1","1","595","0","0","NaN"
"400042327","ca0c0d89-614d-4358-b31f-2cb27a29cf5f","1","DISCHARGE_TO_HOME_AND_GRID","1","discharge","2026-05-12 07:17:11.000","187","0","0","132","3,799","2026-05-12 07:17:11.000","187","0","0","132","3,799","3,799","","208","","","","","","","","2026-05-12 07:17:11.000","2026-05-12 07:17:11.000","187","0","0","132","3,799","0","0","NaN"
"400042325","ca0c0d89-614d-4358-b31f-2cb27a29cf5f","1","DISCHARGE_TO_HOME_AND_GRID","1","discharge","2026-05-12 07:16:22.000","0","0","86","0","","2026-05-12 07:16:22.000","0","0","86","0","","0","","209","","","","","","","","2026-05-12 07:16:22.000","2026-05-12 07:16:22.000","0","0","86","0","","0","0",""
"400041877","ca0c0d89-614d-4358-b31f-2cb27a29cf5f","1","DISCHARGE_TO_HOME_AND_GRID","1","discharge","2026-05-12 07:17:20.000","72","0","0","0","417","2026-05-12 07:17:20.000","72","0","0","0","417","417","","210","","","","","","","","2026-05-12 07:17:20.000","2026-05-12 07:17:20.000","72","0","0","0","417","0","0","NaN"
"400041785","ca0c0d89-614d-4358-b31f-2cb27a29cf5f","1","DISCHARGE_TO_HOME_AND_GRID","1","discharge","2026-05-12 07:16:22.000","247","0","7","0","","2026-05-12 07:16:22.000","247","0","7","0","","0","","211","","","","","","","","2026-05-12 07:16:22.000","2026-05-12 07:16:22.000","247","0","7","0","","0","0",""
"400041764","ca0c0d89-614d-4358-b31f-2cb27a29cf5f","1","DISCHARGE_TO_HOME_AND_GRID","1","discharge","2026-05-12 07:16:23.000","0","6","1","0","169","2026-05-12 07:16:23.000","0","6","1","0","169","169","","212","","","","","","","","2026-05-12 07:16:23.000","2026-05-12 07:16:23.000","0","6","1","0","169","0","0","NaN"
"400041739","ca0c0d89-614d-4358-b31f-2cb27a29cf5f","1","DISCHARGE_TO_HOME_AND_GRID","1","discharge","2026-05-12 07:16:22.000","0","0","146","0","","2026-05-12 07:16:22.000","0","0","146","0","","0","","213","","","","","","","","2026-05-12 07:16:22.000","2026-05-12 07:16:22.000","0","0","146","0","","0","0",""
"400041679","ca0c0d89-614d-4358-b31f-2cb27a29cf5f","1","DISCHARGE_TO_HOME_AND_GRID","1","discharge","2026-05-12 07:15:57.000","","","","","","2026-05-12 08:10:08.000","","","","","","0","","214","2026-05-12 08:15:18.000","","","","","","","2026-05-12 07:15:57.000","2026-05-12 08:15:18.000","","","","","","3,561","3,561",""
"400041679","ca0c0d89-614d-4358-b31f-2cb27a29cf5f","2","STOPDISPATCHCOMMANDDTO","2","stop","2026-05-12 08:15:18.000","","","","","","2026-05-12 08:15:18.000","","","","","","0","","215","","","","","","","","2026-05-12 08:15:18.000","2026-05-12 08:15:18.000","","","","","","0","3,561",""
"400041641","ca0c0d89-614d-4358-b31f-2cb27a29cf5f","1","DISCHARGE_TO_HOME_AND_GRID","1","discharge","2026-05-12 07:16:22.000","0","0","155","0","","2026-05-12 07:16:22.000","0","0","155","0","","0","","216","","","","","","","","2026-05-12 07:16:22.000","2026-05-12 07:16:22.000","0","0","155","0","","0","0",""
"400041614","ca0c0d89-614d-4358-b31f-2cb27a29cf5f","1","DISCHARGE_TO_HOME_AND_GRID","1","discharge","2026-05-12 07:17:11.000","0","0","89","0","0","2026-05-12 07:17:11.000","0","0","89","0","0","0","","217","","","","","","","","2026-05-12 07:17:11.000","2026-05-12 07:17:11.000","0","0","89","0","0","0","0","NaN"
"400041528","ca0c0d89-614d-4358-b31f-2cb27a29cf5f","1","DISCHARGE_TO_HOME_AND_GRID","1","discharge","2026-05-12 07:17:40.000","2","0","73","0","20","2026-05-12 07:17:40.000","2","0","73","0","20","20","","218","","","","","","","","2026-05-12 07:17:40.000","2026-05-12 07:17:40.000","2","0","73","0","20","0","0","NaN"
"400041482","ca0c0d89-614d-4358-b31f-2cb27a29cf5f","1","DISCHARGE_TO_HOME_AND_GRID","1","discharge","2026-05-12 07:17:11.000","66","0","30","40","5,000","2026-05-12 07:17:11.000","66","0","30","40","5,000","5,000","","219","","","","","","","","2026-05-12 07:17:11.000","2026-05-12 07:17:11.000","66","0","30","40","5,000","0","0","NaN"
"400041240","ca0c0d89-614d-4358-b31f-2cb27a29cf5f","1","DISCHARGE_TO_HOME_AND_GRID","1","discharge","2026-05-12 07:16:22.000","154","0","4","0","","2026-05-12 07:16:22.000","154","0","4","0","","0","","220","","","","","","","","2026-05-12 07:16:22.000","2026-05-12 07:16:22.000","154","0","4","0","","0","0",""
"400041224","ca0c0d89-614d-4358-b31f-2cb27a29cf5f","1","DISCHARGE_TO_HOME_AND_GRID","1","discharge","2026-05-12 07:16:22.000","98","0","6","0","","2026-05-12 07:16:22.000","98","0","6","0","","0","","221","","","","","","","","2026-05-12 07:16:22.000","2026-05-12 07:16:22.000","98","0","6","0","","0","0",""
"400041097","ca0c0d89-614d-4358-b31f-2cb27a29cf5f","1","DISCHARGE_TO_HOME_AND_GRID","1","discharge","2026-05-12 07:16:22.000","0","0","231","0","","2026-05-12 07:16:22.000","0","0","231","0","","0","","222","","","","","","","","2026-05-12 07:16:22.000","2026-05-12 07:16:22.000","0","0","231","0","","0","0",""
"400040894","ca0c0d89-614d-4358-b31f-2cb27a29cf5f","1","DISCHARGE_TO_HOME_AND_GRID","1","discharge","2026-05-12 07:17:11.000","148","0","0","140","3,799","2026-05-12 07:17:11.000","148","0","0","140","3,799","3,799","","223","","","","","","","","2026-05-12 07:17:11.000","2026-05-12 07:17:11.000","148","0","0","140","3,799","0","0","NaN"
"400040679","ca0c0d89-614d-4358-b31f-2cb27a29cf5f","1","DISCHARGE_TO_HOME_AND_GRID","1","discharge","2026-05-12 07:17:11.000","0","0","0","0","0","2026-05-12 07:17:11.000","0","0","0","0","0","0","","224","","","","","","","","2026-05-12 07:17:11.000","2026-05-12 07:17:11.000","0","0","0","0","0","0","0","NaN"
"400040568","ca0c0d89-614d-4358-b31f-2cb27a29cf5f","1","DISCHARGE_TO_HOME_AND_GRID","1","discharge","2026-05-12 07:17:20.000","0","0","176","0","0","2026-05-12 07:17:20.000","0","0","176","0","0","0","","225","","","","","","","","2026-05-12 07:17:20.000","2026-05-12 07:17:20.000","0","0","176","0","0","0","0","NaN"
"400040464","ca0c0d89-614d-4358-b31f-2cb27a29cf5f","1","DISCHARGE_TO_HOME_AND_GRID","1","discharge","2026-05-12 07:16:23.000","47","1","0","0","418","2026-05-12 07:16:23.000","47","1","0","0","418","418","","226","","","","","","","","2026-05-12 07:16:23.000","2026-05-12 07:16:23.000","47","1","0","0","418","0","0","NaN"
"400040376","ca0c0d89-614d-4358-b31f-2cb27a29cf5f","1","DISCHARGE_TO_HOME_AND_GRID","1","discharge","2026-05-12 07:17:11.000","228","0","30","3","0","2026-05-12 07:17:11.000","228","0","30","3","0","0","","227","","","","","","","","2026-05-12 07:17:11.000","2026-05-12 07:17:11.000","228","0","30","3","0","0","0","NaN"
"400040297","ca0c0d89-614d-4358-b31f-2cb27a29cf5f","1","DISCHARGE_TO_HOME_AND_GRID","1","discharge","2026-05-12 07:17:11.000","0","0","234","0","0","2026-05-12 07:17:11.000","0","0","234","0","0","0","","228","","","","","","","","2026-05-12 07:17:11.000","2026-05-12 07:17:11.000","0","0","234","0","0","0","0","NaN"
"400040287","ca0c0d89-614d-4358-b31f-2cb27a29cf5f","1","DISCHARGE_TO_HOME_AND_GRID","1","discharge","2026-05-12 07:16:23.000","6","0","874","0","0","2026-05-12 07:16:23.000","6","0","874","0","0","0","","229","","","","","","","","2026-05-12 07:16:23.000","2026-05-12 07:16:23.000","6","0","874","0","0","0","0","NaN"
"400040252","ca0c0d89-614d-4358-b31f-2cb27a29cf5f","1","DISCHARGE_TO_HOME_AND_GRID","1","discharge","2026-05-12 07:16:22.000","138","0","6","0","","2026-05-12 07:16:22.000","138","0","6","0","","0","","230","","","","","","","","2026-05-12 07:16:22.000","2026-05-12 07:16:22.000","138","0","6","0","","0","0",""
"400040187","ca0c0d89-614d-4358-b31f-2cb27a29cf5f","1","DISCHARGE_TO_HOME_AND_GRID","1","discharge","2026-05-12 07:16:23.000","3,393,502","3,435,048","0","0","542","2026-05-12 07:16:23.000","3,393,502","3,435,048","0","0","542","542","","231","","","","","","","","2026-05-12 07:16:23.000","2026-05-12 07:16:23.000","3,393,502","3,435,048","0","0","542","0","0","NaN"
"400040182","ca0c0d89-614d-4358-b31f-2cb27a29cf5f","1","DISCHARGE_TO_HOME_AND_GRID","1","discharge","2026-05-12 07:16:23.000","866","0","0","2","2,384","2026-05-12 07:16:23.000","866","0","0","2","2,384","2,384","","232","","","","","","","","2026-05-12 07:16:23.000","2026-05-12 07:16:23.000","866","0","0","2","2,384","0","0","NaN"
"400040155","ca0c0d89-614d-4358-b31f-2cb27a29cf5f","1","DISCHARGE_TO_HOME_AND_GRID","1","discharge","2026-05-12 07:16:23.000","28","8","156","0","12","2026-05-12 07:16:23.000","28","8","156","0","12","12","","233","","","","","","","","2026-05-12 07:16:23.000","2026-05-12 07:16:23.000","28","8","156","0","12","0","0","NaN"
"400040135","ca0c0d89-614d-4358-b31f-2cb27a29cf5f","1","DISCHARGE_TO_HOME_AND_GRID","1","discharge","2026-05-12 07:17:20.000","0","0","0","0","","2026-05-12 07:17:20.000","0","0","0","0","","0","","234","","","","","","","","2026-05-12 07:17:20.000","2026-05-12 07:17:20.000","0","0","0","0","","0","0",""
"400040120","ca0c0d89-614d-4358-b31f-2cb27a29cf5f","1","DISCHARGE_TO_HOME_AND_GRID","1","discharge","2026-05-12 07:17:10.000","0","0","72","0","0","2026-05-12 07:17:10.000","0","0","72","0","0","0","","235","","","","","","","","2026-05-12 07:17:10.000","2026-05-12 07:17:10.000","0","0","72","0","0","0","0","NaN"
"400040115","ca0c0d89-614d-4358-b31f-2cb27a29cf5f","1","DISCHARGE_TO_HOME_AND_GRID","1","discharge","2026-05-12 07:16:22.000","0","0","191","0","","2026-05-12 07:16:22.000","0","0","191","0","","0","","236","","","","","","","","2026-05-12 07:16:22.000","2026-05-12 07:16:22.000","0","0","191","0","","0","0",""
"400040097","ca0c0d89-614d-4358-b31f-2cb27a29cf5f","1","DISCHARGE_TO_HOME_AND_GRID","1","discharge","2026-05-12 07:16:22.000","0","0","211","0","","2026-05-12 07:16:22.000","0","0","211","0","","0","","237","","","","","","","","2026-05-12 07:16:22.000","2026-05-12 07:16:22.000","0","0","211","0","","0","0",""
"400039834","ca0c0d89-614d-4358-b31f-2cb27a29cf5f","1","DISCHARGE_TO_HOME_AND_GRID","1","discharge","2026-05-12 07:16:23.000","163","0","0","0","1,683","2026-05-12 07:16:23.000","163","0","0","0","1,683","1,683","","238","","","","","","","","2026-05-12 07:16:23.000","2026-05-12 07:16:23.000","163","0","0","0","1,683","0","0","NaN"
"400039742","ca0c0d89-614d-4358-b31f-2cb27a29cf5f","1","DISCHARGE_TO_HOME_AND_GRID","1","discharge","2026-05-12 07:17:11.000","278","0","53","217","9,999","2026-05-12 07:17:11.000","278","0","53","217","9,999","9,999","","239","","","","","","","","2026-05-12 07:17:11.000","2026-05-12 07:17:11.000","278","0","53","217","9,999","0","0","NaN"
"400039568","ca0c0d89-614d-4358-b31f-2cb27a29cf5f","1","DISCHARGE_TO_HOME_AND_GRID","1","discharge","2026-05-12 07:16:22.000","74","0","5","0","","2026-05-12 07:16:22.000","74","0","5","0","","0","","240","","","","","","","","2026-05-12 07:16:22.000","2026-05-12 07:16:22.000","74","0","5","0","","0","0",""
"400039556","ca0c0d89-614d-4358-b31f-2cb27a29cf5f","1","DISCHARGE_TO_HOME_AND_GRID","1","discharge","2026-05-12 07:16:22.000","53","0","6","0","","2026-05-12 07:16:22.000","53","0","6","0","","0","","241","","","","","","","","2026-05-12 07:16:22.000","2026-05-12 07:16:22.000","53","0","6","0","","0","0",""
"400039550","ca0c0d89-614d-4358-b31f-2cb27a29cf5f","1","DISCHARGE_TO_HOME_AND_GRID","1","discharge","2026-05-12 07:16:22.000","60","0","3","0","","2026-05-12 07:16:22.000","60","0","3","0","","0","","242","","","","","","","","2026-05-12 07:16:22.000","2026-05-12 07:16:22.000","60","0","3","0","","0","0",""
"400039523","ca0c0d89-614d-4358-b31f-2cb27a29cf5f","1","DISCHARGE_TO_HOME_AND_GRID","1","discharge","2026-05-12 07:16:22.000","","","","","","2026-05-12 07:16:22.000","","","","","","0","","243","","","","","","","","2026-05-12 07:16:22.000","2026-05-12 07:16:22.000","","","","","","0","0",""
"400039509","ca0c0d89-614d-4358-b31f-2cb27a29cf5f","1","DISCHARGE_TO_HOME_AND_GRID","1","discharge","2026-05-12 07:16:23.000","72","0","11","11","750","2026-05-12 07:16:23.000","72","0","11","11","750","750","","244","","","","","","","","2026-05-12 07:16:23.000","2026-05-12 07:16:23.000","72","0","11","11","750","0","0","NaN"
"400039504","ca0c0d89-614d-4358-b31f-2cb27a29cf5f","1","DISCHARGE_TO_HOME_AND_GRID","1","discharge","2026-05-12 07:16:23.000","2","0","115","0","0","2026-05-12 07:16:23.000","2","0","115","0","0","0","","245","","","","","","","","2026-05-12 07:16:23.000","2026-05-12 07:16:23.000","2","0","115","0","0","0","0","NaN"
"400039494","ca0c0d89-614d-4358-b31f-2cb27a29cf5f","1","DISCHARGE_TO_HOME_AND_GRID","1","discharge","2026-05-12 07:16:22.000","72","0","5","0","","2026-05-12 07:16:22.000","72","0","5","0","","0","","246","","","","","","","","2026-05-12 07:16:22.000","2026-05-12 07:16:22.000","72","0","5","0","","0","0",""
"400039483","ca0c0d89-614d-4358-b31f-2cb27a29cf5f","1","DISCHARGE_TO_HOME_AND_GRID","1","discharge","2026-05-12 07:17:10.000","0","0","0","0","51","2026-05-12 07:17:10.000","0","0","0","0","51","51","","247","","","","","","","","2026-05-12 07:17:10.000","2026-05-12 07:17:10.000","0","0","0","0","51","0","0","NaN"
"400039436","ca0c0d89-614d-4358-b31f-2cb27a29cf5f","1","DISCHARGE_TO_HOME_AND_GRID","1","discharge","2026-05-12 07:16:22.000","36","0","10","0","87","2026-05-12 07:16:22.000","36","0","10","0","87","87","","248","","","","","","","","2026-05-12 07:16:22.000","2026-05-12 07:16:22.000","36","0","10","0","87","0","0","NaN"
"400039294","ca0c0d89-614d-4358-b31f-2cb27a29cf5f","1","DISCHARGE_TO_HOME_AND_GRID","1","discharge","2026-05-12 07:16:22.000","0","0","113","0","","2026-05-12 07:16:22.000","0","0","113","0","","0","","249","","","","","","","","2026-05-12 07:16:22.000","2026-05-12 07:16:22.000","0","0","113","0","","0","0",""
"400039269","ca0c0d89-614d-4358-b31f-2cb27a29cf5f","1","DISCHARGE_TO_HOME_AND_GRID","1","discharge","2026-05-12 07:16:22.000","113","0","41","0","","2026-05-12 07:16:22.000","113","0","41","0","","0","","250","","","","","","","","2026-05-12 07:16:22.000","2026-05-12 07:16:22.000","113","0","41","0","","0","0",""
"400039250","ca0c0d89-614d-4358-b31f-2cb27a29cf5f","1","DISCHARGE_TO_HOME_AND_GRID","1","discharge","2026-05-12 07:17:11.000","0","0","141","0","0","2026-05-12 07:17:11.000","0","0","141","0","0","0","","251","","","","","","","","2026-05-12 07:17:11.000","2026-05-12 07:17:11.000","0","0","141","0","0","0","0","NaN"
"400039240","ca0c0d89-614d-4358-b31f-2cb27a29cf5f","1","DISCHARGE_TO_HOME_AND_GRID","1","discharge","2026-05-12 07:17:20.000","95","0","0","71","5,000","2026-05-12 07:17:20.000","95","0","0","71","5,000","5,000","","252","","","","","","","","2026-05-12 07:17:20.000","2026-05-12 07:17:20.000","95","0","0","71","5,000","0","0","NaN"
"400039175","ca0c0d89-614d-4358-b31f-2cb27a29cf5f","1","DISCHARGE_TO_HOME_AND_GRID","1","discharge","2026-05-12 07:16:23.000","78","0","0","0","872","2026-05-12 07:16:23.000","78","0","0","0","872","872","","253","","","","","","","","2026-05-12 07:16:23.000","2026-05-12 07:16:23.000","78","0","0","0","872","0","0","NaN"
"400039153","ca0c0d89-614d-4358-b31f-2cb27a29cf5f","1","DISCHARGE_TO_HOME_AND_GRID","1","discharge","2026-05-12 07:16:23.000","","","","","","2026-05-12 07:16:23.000","","","","","","0","","254","","","","","","","","2026-05-12 07:16:23.000","2026-05-12 07:16:23.000","","","","","","0","0",""
"400039129","ca0c0d89-614d-4358-b31f-2cb27a29cf5f","1","DISCHARGE_TO_HOME_AND_GRID","1","discharge","2026-05-12 07:16:23.000","2","0","108","0","0","2026-05-12 07:16:23.000","2","0","108","0","0","0","","255","","","","","","","","2026-05-12 07:16:23.000","2026-05-12 07:16:23.000","2","0","108","0","0","0","0","NaN"
"400038901","ca0c0d89-614d-4358-b31f-2cb27a29cf5f","1","DISCHARGE_TO_HOME_AND_GRID","1","discharge","2026-05-12 07:16:23.000","152","2","0","0","477","2026-05-12 07:16:23.000","152","2","0","0","477","477","","256","","","","","","","","2026-05-12 07:16:23.000","2026-05-12 07:16:23.000","152","2","0","0","477","0","0","NaN"
"400038672","ca0c0d89-614d-4358-b31f-2cb27a29cf5f","1","DISCHARGE_TO_HOME_AND_GRID","1","discharge","2026-05-12 07:16:22.000","108","0","8","0","","2026-05-12 07:16:22.000","108","0","8","0","","0","","257","","","","","","","","2026-05-12 07:16:22.000","2026-05-12 07:16:22.000","108","0","8","0","","0","0",""
"400038564","ca0c0d89-614d-4358-b31f-2cb27a29cf5f","1","DISCHARGE_TO_HOME_AND_GRID","1","discharge","2026-05-12 07:16:23.000","2","0","312","0","0","2026-05-12 07:16:23.000","2","0","312","0","0","0","","258","","","","","","","","2026-05-12 07:16:23.000","2026-05-12 07:16:23.000","2","0","312","0","0","0","0","NaN"
"400038522","ca0c0d89-614d-4358-b31f-2cb27a29cf5f","1","DISCHARGE_TO_HOME_AND_GRID","1","discharge","2026-05-12 07:16:23.000","43","0","0","0","372","2026-05-12 07:16:23.000","43","0","0","0","372","372","","259","","","","","","","","2026-05-12 07:16:23.000","2026-05-12 07:16:23.000","43","0","0","0","372","0","0","NaN"
"400038500","ca0c0d89-614d-4358-b31f-2cb27a29cf5f","1","DISCHARGE_TO_HOME_AND_GRID","1","discharge","2026-05-12 07:16:22.000","208","0","16","0","544","2026-05-12 07:16:22.000","208","0","16","0","544","544","","260","","","","","","","","2026-05-12 07:16:22.000","2026-05-12 07:16:22.000","208","0","16","0","544","0","0","NaN"
"400038425","ca0c0d89-614d-4358-b31f-2cb27a29cf5f","1","DISCHARGE_TO_HOME_AND_GRID","1","discharge","2026-05-12 07:16:22.000","81","0","0","56","","2026-05-12 07:16:22.000","81","0","0","56","","0","","261","","","","","","","","2026-05-12 07:16:22.000","2026-05-12 07:16:22.000","81","0","0","56","","0","0",""
"400038393","ca0c0d89-614d-4358-b31f-2cb27a29cf5f","1","DISCHARGE_TO_HOME_AND_GRID","1","discharge","2026-05-12 07:16:23.000","76","0","0","0","734","2026-05-12 07:16:23.000","76","0","0","0","734","734","","262","","","","","","","","2026-05-12 07:16:23.000","2026-05-12 07:16:23.000","76","0","0","0","734","0","0","NaN"
"400038267","ca0c0d89-614d-4358-b31f-2cb27a29cf5f","1","DISCHARGE_TO_HOME_AND_GRID","1","discharge","2026-05-12 07:17:11.000","290","0","5","2","800","2026-05-12 07:17:11.000","290","0","5","2","800","800","","263","","","","","","","","2026-05-12 07:17:11.000","2026-05-12 07:17:11.000","290","0","5","2","800","0","0","NaN"
"400038259","ca0c0d89-614d-4358-b31f-2cb27a29cf5f","1","DISCHARGE_TO_HOME_AND_GRID","1","discharge","2026-05-12 07:16:22.000","","","","","","2026-05-12 07:16:22.000","","","","","","0","","264","","","","","","","","2026-05-12 07:16:22.000","2026-05-12 07:16:22.000","","","","","","0","0",""
"400038254","ca0c0d89-614d-4358-b31f-2cb27a29cf5f","1","DISCHARGE_TO_HOME_AND_GRID","1","discharge","2026-05-12 07:17:20.000","0","0","0","0","340","2026-05-12 07:17:20.000","0","0","0","0","340","340","","265","","","","","","","","2026-05-12 07:17:20.000","2026-05-12 07:17:20.000","0","0","0","0","340","0","0","NaN"
"400038171","ca0c0d89-614d-4358-b31f-2cb27a29cf5f","1","DISCHARGE_TO_HOME_AND_GRID","1","discharge","2026-05-12 07:16:22.000","406","0","8","0","906","2026-05-12 07:16:22.000","406","0","8","0","906","906","","266","","","","","","","","2026-05-12 07:16:22.000","2026-05-12 07:16:22.000","406","0","8","0","906","0","0","NaN"
"400038116","ca0c0d89-614d-4358-b31f-2cb27a29cf5f","1","DISCHARGE_TO_HOME_AND_GRID","1","discharge","2026-05-12 07:15:57.000","","","","","","2026-05-12 08:10:08.000","0","0","600","0","0","0","","267","2026-05-12 08:15:17.000","0","0","600","0","0","","2026-05-12 07:15:57.000","2026-05-12 08:15:17.000","0","0","600","0","0","3,560","3,560","0"
"400038116","ca0c0d89-614d-4358-b31f-2cb27a29cf5f","2","STOPDISPATCHCOMMANDDTO","2","stop","2026-05-12 08:15:17.000","0","0","600","0","0","2026-05-12 08:15:17.000","0","0","600","0","0","0","","268","","","","","","","0","2026-05-12 08:15:17.000","2026-05-12 08:15:17.000","0","0","0","0","0","0","3,560","NaN"
"400038014","ca0c0d89-614d-4358-b31f-2cb27a29cf5f","1","DISCHARGE_TO_HOME_AND_GRID","1","discharge","2026-05-12 07:16:23.000","66","0","0","0","675","2026-05-12 07:16:23.000","66","0","0","0","675","675","","269","","","","","","","","2026-05-12 07:16:23.000","2026-05-12 07:16:23.000","66","0","0","0","675","0","0","NaN"
"400037998","ca0c0d89-614d-4358-b31f-2cb27a29cf5f","1","DISCHARGE_TO_HOME_AND_GRID","1","discharge","2026-05-12 07:16:23.000","2","0","63","0","0","2026-05-12 07:16:23.000","2","0","63","0","0","0","","270","","","","","","","","2026-05-12 07:16:23.000","2026-05-12 07:16:23.000","2","0","63","0","0","0","0","NaN"
"400037986","ca0c0d89-614d-4358-b31f-2cb27a29cf5f","1","DISCHARGE_TO_HOME_AND_GRID","1","discharge","2026-05-12 07:17:10.000","0","0","97","0","0","2026-05-12 07:17:10.000","0","0","97","0","0","0","","271","","","","","","","","2026-05-12 07:17:10.000","2026-05-12 07:17:10.000","0","0","97","0","0","0","0","NaN"
"400037903","ca0c0d89-614d-4358-b31f-2cb27a29cf5f","1","DISCHARGE_TO_HOME_AND_GRID","1","discharge","2026-05-12 07:17:10.000","136","0","1","91","3,799","2026-05-12 07:17:10.000","136","0","1","91","3,799","3,799","","272","","","","","","","","2026-05-12 07:17:10.000","2026-05-12 07:17:10.000","136","0","1","91","3,799","0","0","NaN"
"400037870","ca0c0d89-614d-4358-b31f-2cb27a29cf5f","1","DISCHARGE_TO_HOME_AND_GRID","1","discharge","2026-05-12 07:17:10.000","30","0","28","16","3,796","2026-05-12 07:17:10.000","30","0","28","16","3,796","3,796","","273","","","","","","","","2026-05-12 07:17:10.000","2026-05-12 07:17:10.000","30","0","28","16","3,796","0","0","NaN"
"400037750","ca0c0d89-614d-4358-b31f-2cb27a29cf5f","1","DISCHARGE_TO_HOME_AND_GRID","1","discharge","2026-05-12 07:16:23.000","1","0","229","0","0","2026-05-12 07:16:23.000","1","0","229","0","0","0","","274","","","","","","","","2026-05-12 07:16:23.000","2026-05-12 07:16:23.000","1","0","229","0","0","0","0","NaN"
"400037728","ca0c0d89-614d-4358-b31f-2cb27a29cf5f","1","DISCHARGE_TO_HOME_AND_GRID","1","discharge","2026-05-12 07:16:23.000","36","6","8.5","7","226","2026-05-12 07:16:23.000","36","6","8.5","7","226","226","","275","","","","","","","","2026-05-12 07:16:23.000","2026-05-12 07:16:23.000","36","6","8.5","7","226","0","0","NaN"
"400037567","ca0c0d89-614d-4358-b31f-2cb27a29cf5f","1","DISCHARGE_TO_HOME_AND_GRID","1","discharge","2026-05-12 07:16:22.000","0","0","300","0","","2026-05-12 07:16:22.000","0","0","300","0","","0","","276","","","","","","","","2026-05-12 07:16:22.000","2026-05-12 07:16:22.000","0","0","300","0","","0","0",""
"400037560","ca0c0d89-614d-4358-b31f-2cb27a29cf5f","1","DISCHARGE_TO_HOME_AND_GRID","1","discharge","2026-05-12 07:16:22.000","0","0","10","0","","2026-05-12 07:16:22.000","0","0","10","0","","0","","277","","","","","","","","2026-05-12 07:16:22.000","2026-05-12 07:16:22.000","0","0","10","0","","0","0",""
"400037550","ca0c0d89-614d-4358-b31f-2cb27a29cf5f","1","DISCHARGE_TO_HOME_AND_GRID","1","discharge","2026-05-12 07:17:20.000","0","0","1","0","628","2026-05-12 07:17:20.000","0","0","1","0","628","628","","278","","","","","","","","2026-05-12 07:17:20.000","2026-05-12 07:17:20.000","0","0","1","0","628","0","0","NaN"
"400037472","ca0c0d89-614d-4358-b31f-2cb27a29cf5f","1","DISCHARGE_TO_HOME_AND_GRID","1","discharge","2026-05-12 07:16:22.000","99","0","9","0","","2026-05-12 07:16:22.000","99","0","9","0","","0","","279","","","","","","","","2026-05-12 07:16:22.000","2026-05-12 07:16:22.000","99","0","9","0","","0","0",""
"400037215","ca0c0d89-614d-4358-b31f-2cb27a29cf5f","1","DISCHARGE_TO_HOME_AND_GRID","1","discharge","2026-05-12 07:17:20.000","0","0","45","0","0","2026-05-12 07:17:20.000","0","0","45","0","0","0","","280","","","","","","","","2026-05-12 07:17:20.000","2026-05-12 07:17:20.000","0","0","45","0","0","0","0","NaN"
"400037198","ca0c0d89-614d-4358-b31f-2cb27a29cf5f","1","DISCHARGE_TO_HOME_AND_GRID","1","discharge","2026-05-12 07:17:10.000","136","0","0","66","3,953","2026-05-12 07:17:10.000","136","0","0","66","3,953","3,953","","281","","","","","","","","2026-05-12 07:17:10.000","2026-05-12 07:17:10.000","136","0","0","66","3,953","0","0","NaN"
"400036994","ca0c0d89-614d-4358-b31f-2cb27a29cf5f","1","DISCHARGE_TO_HOME_AND_GRID","1","discharge","2026-05-12 07:16:22.000","216","0","7","0","","2026-05-12 07:16:22.000","216","0","7","0","","0","","282","","","","","","","","2026-05-12 07:16:22.000","2026-05-12 07:16:22.000","216","0","7","0","","0","0",""
"400036805","ca0c0d89-614d-4358-b31f-2cb27a29cf5f","1","DISCHARGE_TO_HOME_AND_GRID","1","discharge","2026-05-12 07:17:11.000","0","0","51","0","0","2026-05-12 07:17:11.000","0","0","51","0","0","0","","283","","","","","","","","2026-05-12 07:17:11.000","2026-05-12 07:17:11.000","0","0","51","0","0","0","0","NaN"
"400036470","ca0c0d89-614d-4358-b31f-2cb27a29cf5f","1","DISCHARGE_TO_HOME_AND_GRID","1","discharge","2026-05-12 07:16:23.000","27","5","1","1","168","2026-05-12 07:16:23.000","27","5","1","1","168","168","","284","","","","","","","","2026-05-12 07:16:23.000","2026-05-12 07:16:23.000","27","5","1","1","168","0","0","NaN"
"400036436","ca0c0d89-614d-4358-b31f-2cb27a29cf5f","1","DISCHARGE_TO_HOME_AND_GRID","1","discharge","2026-05-12 07:16:22.000","","","","","","2026-05-12 07:16:22.000","","","","","","0","","285","","","","","","","","2026-05-12 07:16:22.000","2026-05-12 07:16:22.000","","","","","","0","0",""
"400036434","ca0c0d89-614d-4358-b31f-2cb27a29cf5f","1","DISCHARGE_TO_HOME_AND_GRID","1","discharge","2026-05-12 07:16:23.000","49","1","11.375","11","473","2026-05-12 07:16:23.000","49","1","11.375","11","473","473","","286","","","","","","","","2026-05-12 07:16:23.000","2026-05-12 07:16:23.000","49","1","11.375","11","473","0","0","NaN"
"400036323","ca0c0d89-614d-4358-b31f-2cb27a29cf5f","1","DISCHARGE_TO_HOME_AND_GRID","1","discharge","2026-05-12 07:16:23.000","93","0","17","16","824","2026-05-12 07:16:23.000","93","0","17","16","824","824","","287","","","","","","","","2026-05-12 07:16:23.000","2026-05-12 07:16:23.000","93","0","17","16","824","0","0","NaN"
"400036235","ca0c0d89-614d-4358-b31f-2cb27a29cf5f","1","DISCHARGE_TO_HOME_AND_GRID","1","discharge","2026-05-12 07:16:22.000","0","0","23","0","","2026-05-12 07:16:22.000","0","0","23","0","","0","","288","","","","","","","","2026-05-12 07:16:22.000","2026-05-12 07:16:22.000","0","0","23","0","","0","0",""
"400036179","ca0c0d89-614d-4358-b31f-2cb27a29cf5f","1","DISCHARGE_TO_HOME_AND_GRID","1","discharge","2026-05-12 07:16:22.000","122","0","12","0","395","2026-05-12 07:16:22.000","122","0","12","0","395","395","","289","","","","","","","","2026-05-12 07:16:22.000","2026-05-12 07:16:22.000","122","0","12","0","395","0","0","NaN"
"400036093","ca0c0d89-614d-4358-b31f-2cb27a29cf5f","1","DISCHARGE_TO_HOME_AND_GRID","1","discharge","2026-05-12 07:17:10.000","0","0","50","0","0","2026-05-12 07:17:10.000","0","0","50","0","0","0","","290","","","","","","","","2026-05-12 07:17:10.000","2026-05-12 07:17:10.000","0","0","50","0","0","0","0","NaN"
"400035873","ca0c0d89-614d-4358-b31f-2cb27a29cf5f","1","DISCHARGE_TO_HOME_AND_GRID","1","discharge","2026-05-12 07:16:22.000","53","0","8","0","","2026-05-12 07:16:22.000","53","0","8","0","","0","","291","","","","","","","","2026-05-12 07:16:22.000","2026-05-12 07:16:22.000","53","0","8","0","","0","0",""
"400035820","ca0c0d89-614d-4358-b31f-2cb27a29cf5f","1","DISCHARGE_TO_HOME_AND_GRID","1","discharge","2026-05-12 07:17:11.000","0","0","151","0","0","2026-05-12 07:17:11.000","0","0","151","0","0","0","","292","","","","","","","","2026-05-12 07:17:11.000","2026-05-12 07:17:11.000","0","0","151","0","0","0","0","NaN"
"400035782","ca0c0d89-614d-4358-b31f-2cb27a29cf5f","1","DISCHARGE_TO_HOME_AND_GRID","1","discharge","2026-05-12 07:16:23.000","4","0","542","0","0","2026-05-12 07:16:23.000","4","0","542","0","0","0","","293","","","","","","","","2026-05-12 07:16:23.000","2026-05-12 07:16:23.000","4","0","542","0","0","0","0","NaN"
"400035681","ca0c0d89-614d-4358-b31f-2cb27a29cf5f","1","DISCHARGE_TO_HOME_AND_GRID","1","discharge","2026-05-12 07:17:50.000","0","0","0","0","440","2026-05-12 07:17:50.000","0","0","0","0","440","440","","294","","","","","","","","2026-05-12 07:17:50.000","2026-05-12 07:17:50.000","0","0","0","0","440","0","0","NaN"
"400035675","ca0c0d89-614d-4358-b31f-2cb27a29cf5f","1","DISCHARGE_TO_HOME_AND_GRID","1","discharge","2026-05-12 07:17:30.000","0","0","0","1","631","2026-05-12 07:17:30.000","0","0","0","1","631","631","","295","","","","","","","","2026-05-12 07:17:30.000","2026-05-12 07:17:30.000","0","0","0","1","631","0","0","NaN"
"400035624","ca0c0d89-614d-4358-b31f-2cb27a29cf5f","1","DISCHARGE_TO_HOME_AND_GRID","1","discharge","2026-05-12 07:15:57.000","0","0","0","0","393","2026-05-12 08:10:08.000","2,100","0","500","2,000","0","18,371","","296","2026-05-12 08:15:17.000","2,100","0","600","2,000","0","","2026-05-12 07:15:57.000","2026-05-12 08:15:17.000","2,100","0","600","2,000","0","3,560","3,560","0"
"400035624","ca0c0d89-614d-4358-b31f-2cb27a29cf5f","2","STOPDISPATCHCOMMANDDTO","2","stop","2026-05-12 08:15:17.000","2,100","0","600","2,000","0","2026-05-12 08:15:17.000","2,100","0","600","2,000","0","0","","297","","","","","","","0","2026-05-12 08:15:17.000","2026-05-12 08:15:17.000","0","0","0","0","0","0","3,560","NaN"
"400035423","ca0c0d89-614d-4358-b31f-2cb27a29cf5f","1","DISCHARGE_TO_HOME_AND_GRID","1","discharge","2026-05-12 07:16:22.000","0","0","1,373","0","","2026-05-12 07:16:22.000","0","0","1,373","0","","0","","298","","","","","","","","2026-05-12 07:16:22.000","2026-05-12 07:16:22.000","0","0","1,373","0","","0","0",""
"400035379","ca0c0d89-614d-4358-b31f-2cb27a29cf5f","1","DISCHARGE_TO_HOME_AND_GRID","1","discharge","2026-05-12 07:17:20.000","0","0","8","0","0","2026-05-12 07:17:20.000","0","0","8","0","0","0","","299","","","","","","","","2026-05-12 07:17:20.000","2026-05-12 07:17:20.000","0","0","8","0","0","0","0","NaN"
"400035308","ca0c0d89-614d-4358-b31f-2cb27a29cf5f","1","DISCHARGE_TO_HOME_AND_GRID","1","discharge","2026-05-12 07:16:23.000","4","0","32","0","0","2026-05-12 07:16:23.000","4","0","32","0","0","0","","300","","","","","","","","2026-05-12 07:16:23.000","2026-05-12 07:16:23.000","4","0","32","0","0","0","0","NaN"
"400035295","ca0c0d89-614d-4358-b31f-2cb27a29cf5f","1","DISCHARGE_TO_HOME_AND_GRID","1","discharge","2026-05-12 07:17:40.000","0","0","56","0","","2026-05-12 07:17:40.000","0","0","56","0","","0","","301","","","","","","","","2026-05-12 07:17:40.000","2026-05-12 07:17:40.000","0","0","56","0","","0","0",""
"400035141","ca0c0d89-614d-4358-b31f-2cb27a29cf5f","1","DISCHARGE_TO_HOME_AND_GRID","1","discharge","2026-05-12 07:15:59.000","","","","","","2026-05-12 08:10:09.000","0","0","600","0","0","0","","302","2026-05-12 08:15:18.000","0","0","600","0","0","","2026-05-12 07:15:59.000","2026-05-12 08:15:18.000","0","0","600","0","0","3,559","3,559","0"
"400035141","ca0c0d89-614d-4358-b31f-2cb27a29cf5f","2","STOPDISPATCHCOMMANDDTO","2","stop","2026-05-12 08:15:18.000","0","0","600","0","0","2026-05-12 08:15:18.000","0","0","600","0","0","0","","303","","","","","","","0","2026-05-12 08:15:18.000","2026-05-12 08:15:18.000","0","0","0","0","0","0","3,559","NaN"
"400035116","ca0c0d89-614d-4358-b31f-2cb27a29cf5f","1","DISCHARGE_TO_HOME_AND_GRID","1","discharge","2026-05-12 07:17:50.000","0","0","0","1","501","2026-05-12 07:17:50.000","0","0","0","1","501","501","","304","","","","","","","","2026-05-12 07:17:50.000","2026-05-12 07:17:50.000","0","0","0","1","501","0","0","NaN"
"400035058","ca0c0d89-614d-4358-b31f-2cb27a29cf5f","1","DISCHARGE_TO_HOME_AND_GRID","1","discharge","2026-05-12 07:17:40.000","65","0","1","56","4,239","2026-05-12 07:17:40.000","65","0","1","56","4,239","4,239","","305","","","","","","","","2026-05-12 07:17:40.000","2026-05-12 07:17:40.000","65","0","1","56","4,239","0","0","NaN"
"400035009","ca0c0d89-614d-4358-b31f-2cb27a29cf5f","1","DISCHARGE_TO_HOME_AND_GRID","1","discharge","2026-05-12 07:16:22.000","80","0","4","0","","2026-05-12 07:16:22.000","80","0","4","0","","0","","306","","","","","","","","2026-05-12 07:16:22.000","2026-05-12 07:16:22.000","80","0","4","0","","0","0",""
"400034934","ca0c0d89-614d-4358-b31f-2cb27a29cf5f","1","DISCHARGE_TO_HOME_AND_GRID","1","discharge","2026-05-12 07:15:57.000","","","","","","2026-05-12 08:10:09.000","0","0","200","0","0","0","","307","2026-05-12 08:15:17.000","0","0","300","0","0","","2026-05-12 07:15:57.000","2026-05-12 08:15:17.000","0","0","300","0","0","3,560","3,560","0"
"400034934","ca0c0d89-614d-4358-b31f-2cb27a29cf5f","2","STOPDISPATCHCOMMANDDTO","2","stop","2026-05-12 08:15:17.000","0","0","300","0","0","2026-05-12 08:15:17.000","0","0","300","0","0","0","","308","","","","","","","0","2026-05-12 08:15:17.000","2026-05-12 08:15:17.000","0","0","0","0","0","0","3,560","NaN"
"400034763","ca0c0d89-614d-4358-b31f-2cb27a29cf5f","1","DISCHARGE_TO_HOME_AND_GRID","1","discharge","2026-05-12 07:17:11.000","0","0","51","0","0","2026-05-12 07:17:11.000","0","0","51","0","0","0","","309","","","","","","","","2026-05-12 07:17:11.000","2026-05-12 07:17:11.000","0","0","51","0","0","0","0","NaN"
"400034754","ca0c0d89-614d-4358-b31f-2cb27a29cf5f","1","DISCHARGE_TO_HOME_AND_GRID","1","discharge","2026-05-12 07:17:50.000","0","0","137","0","0","2026-05-12 07:17:50.000","0","0","137","0","0","0","","310","","","","","","","","2026-05-12 07:17:50.000","2026-05-12 07:17:50.000","0","0","137","0","0","0","0","NaN"
"400034654","ca0c0d89-614d-4358-b31f-2cb27a29cf5f","1","DISCHARGE_TO_HOME_AND_GRID","1","discharge","2026-05-12 07:16:22.000","","","","","","2026-05-12 07:16:22.000","","","","","","0","","311","","","","","","","","2026-05-12 07:16:22.000","2026-05-12 07:16:22.000","","","","","","0","0",""
"400034635","ca0c0d89-614d-4358-b31f-2cb27a29cf5f","1","DISCHARGE_TO_HOME_AND_GRID","1","discharge","2026-05-12 07:15:57.000","","","","","","2026-05-12 08:10:08.000","400","0","300","400","0","3,510","","312","2026-05-12 08:15:17.000","400","0","400","400","0","","2026-05-12 07:15:57.000","2026-05-12 08:15:17.000","400","0","400","400","0","3,560","3,560","0"
"400034635","ca0c0d89-614d-4358-b31f-2cb27a29cf5f","2","STOPDISPATCHCOMMANDDTO","2","stop","2026-05-12 08:15:17.000","400","0","400","400","0","2026-05-12 08:15:17.000","400","0","400","400","0","0","","313","","","","","","","0","2026-05-12 08:15:17.000","2026-05-12 08:15:17.000","0","0","0","0","0","0","3,560","NaN"
"400034588","ca0c0d89-614d-4358-b31f-2cb27a29cf5f","1","DISCHARGE_TO_HOME_AND_GRID","1","discharge","2026-05-12 07:17:20.000","141","0","1","129","5,998","2026-05-12 07:17:20.000","141","0","1","129","5,998","5,998","","314","","","","","","","","2026-05-12 07:17:20.000","2026-05-12 07:17:20.000","141","0","1","129","5,998","0","0","NaN"
"400034580","ca0c0d89-614d-4358-b31f-2cb27a29cf5f","1","DISCHARGE_TO_HOME_AND_GRID","1","discharge","2026-05-12 07:17:11.000","0","0","0","0","45","2026-05-12 07:17:11.000","0","0","0","0","45","45","","315","","","","","","","","2026-05-12 07:17:11.000","2026-05-12 07:17:11.000","0","0","0","0","45","0","0","NaN"
"400034562","ca0c0d89-614d-4358-b31f-2cb27a29cf5f","1","DISCHARGE_TO_HOME_AND_GRID","1","discharge","2026-05-12 07:15:57.000","","","","","","2026-05-12 08:10:08.000","0","0","900","0","0","0","","316","2026-05-12 08:15:17.000","0","0","1,000","0","0","","2026-05-12 07:15:57.000","2026-05-12 08:15:17.000","0","0","1,000","0","0","3,560","3,560","0"
"400034562","ca0c0d89-614d-4358-b31f-2cb27a29cf5f","2","STOPDISPATCHCOMMANDDTO","2","stop","2026-05-12 08:15:17.000","0","0","1,000","0","0","2026-05-12 08:15:17.000","0","0","1,000","0","0","0","","317","","","","","","","0","2026-05-12 08:15:17.000","2026-05-12 08:15:17.000","0","0","0","0","0","0","3,560","NaN"
"400034497","ca0c0d89-614d-4358-b31f-2cb27a29cf5f","1","DISCHARGE_TO_HOME_AND_GRID","1","discharge","2026-05-12 07:17:11.000","0","0","555","0","0","2026-05-12 07:17:11.000","0","0","555","0","0","0","","318","","","","","","","","2026-05-12 07:17:11.000","2026-05-12 07:17:11.000","0","0","555","0","0","0","0","NaN"
"400034214","ca0c0d89-614d-4358-b31f-2cb27a29cf5f","1","DISCHARGE_TO_HOME_AND_GRID","1","discharge","2026-05-12 07:16:23.000","6","0","122","0","0","2026-05-12 07:16:23.000","6","0","122","0","0","0","","319","","","","","","","","2026-05-12 07:16:23.000","2026-05-12 07:16:23.000","6","0","122","0","0","0","0","NaN"
"400034135","ca0c0d89-614d-4358-b31f-2cb27a29cf5f","1","DISCHARGE_TO_HOME_AND_GRID","1","discharge","2026-05-12 07:17:30.000","90","0","0","77","4,999","2026-05-12 07:17:30.000","90","0","0","77","4,999","4,999","","320","","","","","","","","2026-05-12 07:17:30.000","2026-05-12 07:17:30.000","90","0","0","77","4,999","0","0","NaN"
"400033581","ca0c0d89-614d-4358-b31f-2cb27a29cf5f","1","DISCHARGE_TO_HOME_AND_GRID","1","discharge","2026-05-12 07:16:22.000","0","0","393","0","","2026-05-12 07:16:22.000","0","0","393","0","","0","","321","","","","","","","","2026-05-12 07:16:22.000","2026-05-12 07:16:22.000","0","0","393","0","","0","0",""
"400033526","ca0c0d89-614d-4358-b31f-2cb27a29cf5f","1","DISCHARGE_TO_HOME_AND_GRID","1","discharge","2026-05-12 07:16:23.000","4","0","0","0","0","2026-05-12 07:16:23.000","4","0","0","0","0","0","","322","","","","","","","","2026-05-12 07:16:23.000","2026-05-12 07:16:23.000","4","0","0","0","0","0","0","NaN"
"400033480","ca0c0d89-614d-4358-b31f-2cb27a29cf5f","1","DISCHARGE_TO_HOME_AND_GRID","1","discharge","2026-05-12 07:16:22.000","","","","","","2026-05-12 07:16:22.000","","","","","","0","","323","","","","","","","","2026-05-12 07:16:22.000","2026-05-12 07:16:22.000","","","","","","0","0",""
"400033440","ca0c0d89-614d-4358-b31f-2cb27a29cf5f","1","DISCHARGE_TO_HOME_AND_GRID","1","discharge","2026-05-12 07:17:11.000","0","0","0","0","","2026-05-12 07:17:11.000","0","0","0","0","","0","","324","","","","","","","","2026-05-12 07:17:11.000","2026-05-12 07:17:11.000","0","0","0","0","","0","0",""
"400033367","ca0c0d89-614d-4358-b31f-2cb27a29cf5f","1","DISCHARGE_TO_HOME_AND_GRID","1","discharge","2026-05-12 07:16:23.000","4","0","91","0","0","2026-05-12 07:16:23.000","4","0","91","0","0","0","","325","","","","","","","","2026-05-12 07:16:23.000","2026-05-12 07:16:23.000","4","0","91","0","0","0","0","NaN"
"400033342","ca0c0d89-614d-4358-b31f-2cb27a29cf5f","1","DISCHARGE_TO_HOME_AND_GRID","1","discharge","2026-05-12 07:16:23.000","2","0","154","0","0","2026-05-12 07:16:23.000","2","0","154","0","0","0","","326","","","","","","","","2026-05-12 07:16:23.000","2026-05-12 07:16:23.000","2","0","154","0","0","0","0","NaN"
"400032980","ca0c0d89-614d-4358-b31f-2cb27a29cf5f","1","DISCHARGE_TO_HOME_AND_GRID","1","discharge","2026-05-12 07:17:40.000","0","0","55","0","0","2026-05-12 07:17:40.000","0","0","55","0","0","0","","327","","","","","","","","2026-05-12 07:17:40.000","2026-05-12 07:17:40.000","0","0","55","0","0","0","0","NaN"
"400032927","ca0c0d89-614d-4358-b31f-2cb27a29cf5f","1","DISCHARGE_TO_HOME_AND_GRID","1","discharge","2026-05-12 07:17:11.000","115","0","11","101","4,999","2026-05-12 07:17:11.000","115","0","11","101","4,999","4,999","","328","","","","","","","","2026-05-12 07:17:11.000","2026-05-12 07:17:11.000","115","0","11","101","4,999","0","0","NaN"
"400032917","ca0c0d89-614d-4358-b31f-2cb27a29cf5f","1","DISCHARGE_TO_HOME_AND_GRID","1","discharge","2026-05-12 07:16:23.000","17","7","30","0","1","2026-05-12 07:16:23.000","17","7","30","0","1","1","","329","","","","","","","","2026-05-12 07:16:23.000","2026-05-12 07:16:23.000","17","7","30","0","1","0","0","NaN"
"400032851","ca0c0d89-614d-4358-b31f-2cb27a29cf5f","1","DISCHARGE_TO_HOME_AND_GRID","1","discharge","2026-05-12 07:17:10.000","145","0","50","99","3,795","2026-05-12 07:17:10.000","145","0","50","99","3,795","3,795","","330","","","","","","","","2026-05-12 07:17:10.000","2026-05-12 07:17:10.000","145","0","50","99","3,795","0","0","NaN"
"400032586","ca0c0d89-614d-4358-b31f-2cb27a29cf5f","1","DISCHARGE_TO_HOME_AND_GRID","1","discharge","2026-05-12 07:16:23.000","2","0","93","0","0","2026-05-12 07:16:23.000","2","0","93","0","0","0","","331","","","","","","","","2026-05-12 07:16:23.000","2026-05-12 07:16:23.000","2","0","93","0","0","0","0","NaN"
"400032443","ca0c0d89-614d-4358-b31f-2cb27a29cf5f","1","DISCHARGE_TO_HOME_AND_GRID","1","discharge","2026-05-12 07:17:40.000","95","0","0","75","7,598","2026-05-12 07:17:40.000","95","0","0","75","7,598","7,598","","332","","","","","","","","2026-05-12 07:17:40.000","2026-05-12 07:17:40.000","95","0","0","75","7,598","0","0","NaN"
"400032370","ca0c0d89-614d-4358-b31f-2cb27a29cf5f","1","DISCHARGE_TO_HOME_AND_GRID","1","discharge","2026-05-12 07:17:11.000","0","0","77","0","0","2026-05-12 07:17:11.000","0","0","77","0","0","0","","333","","","","","","","","2026-05-12 07:17:11.000","2026-05-12 07:17:11.000","0","0","77","0","0","0","0","NaN"
"400032272","ca0c0d89-614d-4358-b31f-2cb27a29cf5f","1","DISCHARGE_TO_HOME_AND_GRID","1","discharge","2026-05-12 07:17:11.000","0","0","0","1","472","2026-05-12 07:17:11.000","0","0","0","1","472","472","","334","","","","","","","","2026-05-12 07:17:11.000","2026-05-12 07:17:11.000","0","0","0","1","472","0","0","NaN"
"400032245","ca0c0d89-614d-4358-b31f-2cb27a29cf5f","1","DISCHARGE_TO_HOME_AND_GRID","1","discharge","2026-05-12 07:17:50.000","14","0","16","8","3,799","2026-05-12 07:17:50.000","14","0","16","8","3,799","3,799","","335","","","","","","","","2026-05-12 07:17:50.000","2026-05-12 07:17:50.000","14","0","16","8","3,799","0","0","NaN"
"400032222","ca0c0d89-614d-4358-b31f-2cb27a29cf5f","1","DISCHARGE_TO_HOME_AND_GRID","1","discharge","2026-05-12 07:17:11.000","0","0","0","0","448","2026-05-12 07:17:11.000","0","0","0","0","448","448","","336","","","","","","","","2026-05-12 07:17:11.000","2026-05-12 07:17:11.000","0","0","0","0","448","0","0","NaN"
"400032207","ca0c0d89-614d-4358-b31f-2cb27a29cf5f","1","DISCHARGE_TO_HOME_AND_GRID","1","discharge","2026-05-12 07:17:11.000","281","0","0","7","1,002","2026-05-12 07:17:11.000","281","0","0","7","1,002","1,002","","337","","","","","","","","2026-05-12 07:17:11.000","2026-05-12 07:17:11.000","281","0","0","7","1,002","0","0","NaN"
"400031954","ca0c0d89-614d-4358-b31f-2cb27a29cf5f","1","DISCHARGE_TO_HOME_AND_GRID","1","discharge","2026-05-12 07:16:22.000","0","0","135","0","","2026-05-12 07:16:22.000","0","0","135","0","","0","","338","","","","","","","","2026-05-12 07:16:22.000","2026-05-12 07:16:22.000","0","0","135","0","","0","0",""
"400031935","ca0c0d89-614d-4358-b31f-2cb27a29cf5f","1","DISCHARGE_TO_HOME_AND_GRID","1","discharge","2026-05-12 07:16:23.000","990","0","2","0","5,630","2026-05-12 07:16:23.000","990","0","2","0","5,630","5,630","","339","","","","","","","","2026-05-12 07:16:23.000","2026-05-12 07:16:23.000","990","0","2","0","5,630","0","0","NaN"
"400031924","ca0c0d89-614d-4358-b31f-2cb27a29cf5f","1","DISCHARGE_TO_HOME_AND_GRID","1","discharge","2026-05-12 07:16:22.000","42","0","5","0","","2026-05-12 07:16:22.000","42","0","5","0","","0","","340","","","","","","","","2026-05-12 07:16:22.000","2026-05-12 07:16:22.000","42","0","5","0","","0","0",""
"400031922","ca0c0d89-614d-4358-b31f-2cb27a29cf5f","1","DISCHARGE_TO_HOME_AND_GRID","1","discharge","2026-05-12 07:16:22.000","","","","","","2026-05-12 07:16:22.000","","","","","","0","","341","","","","","","","","2026-05-12 07:16:22.000","2026-05-12 07:16:22.000","","","","","","0","0",""
"400031629","ca0c0d89-614d-4358-b31f-2cb27a29cf5f","1","DISCHARGE_TO_HOME_AND_GRID","1","discharge","2026-05-12 07:16:22.000","4","10","160","0","30","2026-05-12 07:16:22.000","4","10","160","0","30","30","","342","","","","","","","","2026-05-12 07:16:22.000","2026-05-12 07:16:22.000","4","10","160","0","30","0","0","NaN"
"400031499","ca0c0d89-614d-4358-b31f-2cb27a29cf5f","1","DISCHARGE_TO_HOME_AND_GRID","1","discharge","2026-05-12 07:15:58.000","","","","","","2026-05-12 08:10:08.000","0","0","100","0","0","0","","343","2026-05-12 08:15:17.000","0","0","100","0","0","","2026-05-12 07:15:58.000","2026-05-12 08:15:17.000","0","0","100","0","0","3,559","3,559","0"
"400031499","ca0c0d89-614d-4358-b31f-2cb27a29cf5f","2","STOPDISPATCHCOMMANDDTO","2","stop","2026-05-12 08:15:17.000","0","0","100","0","0","2026-05-12 08:15:17.000","0","0","100","0","0","0","","344","","","","","","","0","2026-05-12 08:15:17.000","2026-05-12 08:15:17.000","0","0","0","0","0","0","3,559","NaN"
"400031442","ca0c0d89-614d-4358-b31f-2cb27a29cf5f","1","DISCHARGE_TO_HOME_AND_GRID","1","discharge","2026-05-12 07:17:11.000","181","0","0","159","4,997","2026-05-12 07:17:11.000","181","0","0","159","4,997","4,997","","345","","","","","","","","2026-05-12 07:17:11.000","2026-05-12 07:17:11.000","181","0","0","159","4,997","0","0","NaN"
"400031437","ca0c0d89-614d-4358-b31f-2cb27a29cf5f","1","DISCHARGE_TO_HOME_AND_GRID","1","discharge","2026-05-12 07:16:23.000","6","0","194","0","0","2026-05-12 07:16:23.000","6","0","194","0","0","0","","346","","","","","","","","2026-05-12 07:16:23.000","2026-05-12 07:16:23.000","6","0","194","0","0","0","0","NaN"
"400031412","ca0c0d89-614d-4358-b31f-2cb27a29cf5f","1","DISCHARGE_TO_HOME_AND_GRID","1","discharge","2026-05-12 07:17:20.000","0","0","118","0","0","2026-05-12 07:17:20.000","0","0","118","0","0","0","","347","","","","","","","","2026-05-12 07:17:20.000","2026-05-12 07:17:20.000","0","0","118","0","0","0","0","NaN"
"400031105","ca0c0d89-614d-4358-b31f-2cb27a29cf5f","1","DISCHARGE_TO_HOME_AND_GRID","1","discharge","2026-05-12 07:17:20.000","142","0","188","53","6,000","2026-05-12 07:17:20.000","142","0","188","53","6,000","6,000","","348","","","","","","","","2026-05-12 07:17:20.000","2026-05-12 07:17:20.000","142","0","188","53","6,000","0","0","NaN"
"400031093","ca0c0d89-614d-4358-b31f-2cb27a29cf5f","1","DISCHARGE_TO_HOME_AND_GRID","1","discharge","2026-05-12 07:16:02.000","","","","","","2026-05-12 08:10:13.000","","","","","","0","","349","2026-05-12 08:15:22.000","","","","","","","2026-05-12 07:16:02.000","2026-05-12 08:15:22.000","","","","","","3,560","3,560",""
"400031093","ca0c0d89-614d-4358-b31f-2cb27a29cf5f","2","STOPDISPATCHCOMMANDDTO","2","stop","2026-05-12 08:15:22.000","","","","","","2026-05-12 08:15:22.000","","","","","","0","","350","","","","","","","","2026-05-12 08:15:22.000","2026-05-12 08:15:22.000","","","","","","0","3,560",""
"400030942","ca0c0d89-614d-4358-b31f-2cb27a29cf5f","1","DISCHARGE_TO_HOME_AND_GRID","1","discharge","2026-05-12 07:17:11.000","245","0","10","100","4,999","2026-05-12 07:17:11.000","245","0","10","100","4,999","4,999","","351","","","","","","","","2026-05-12 07:17:11.000","2026-05-12 07:17:11.000","245","0","10","100","4,999","0","0","NaN"
"400030431","ca0c0d89-614d-4358-b31f-2cb27a29cf5f","1","DISCHARGE_TO_HOME_AND_GRID","1","discharge","2026-05-12 07:15:57.000","100","0","0","0","643","2026-05-12 08:10:08.000","5,900","0","200","6,100","0","63,232","","352","2026-05-12 08:15:17.000","5,900","0","300","6,100","0","","2026-05-12 07:15:57.000","2026-05-12 08:15:17.000","5,900","0","300","6,100","0","3,560","3,560","0"
"400030431","ca0c0d89-614d-4358-b31f-2cb27a29cf5f","2","STOPDISPATCHCOMMANDDTO","2","stop","2026-05-12 08:15:17.000","5,900","0","300","6,100","0","2026-05-12 08:15:17.000","5,900","0","300","6,100","0","0","","353","","","","","","","0","2026-05-12 08:15:17.000","2026-05-12 08:15:17.000","0","0","0","0","0","0","3,560","NaN"
"400030417","ca0c0d89-614d-4358-b31f-2cb27a29cf5f","1","DISCHARGE_TO_HOME_AND_GRID","1","discharge","2026-05-12 07:17:11.000","0","0","222","0","0","2026-05-12 07:17:11.000","0","0","222","0","0","0","","354","","","","","","","","2026-05-12 07:17:11.000","2026-05-12 07:17:11.000","0","0","222","0","0","0","0","NaN"
"400030382","ca0c0d89-614d-4358-b31f-2cb27a29cf5f","1","DISCHARGE_TO_HOME_AND_GRID","1","discharge","2026-05-12 07:15:57.000","0","0","0","0","163","2026-05-12 08:10:08.000","1,100","0","200","900","0","4,752","","355","2026-05-12 08:15:17.000","1,100","0","200","900","0","","2026-05-12 07:15:57.000","2026-05-12 08:15:17.000","1,100","0","200","900","0","3,560","3,560","0"
"400030382","ca0c0d89-614d-4358-b31f-2cb27a29cf5f","2","STOPDISPATCHCOMMANDDTO","2","stop","2026-05-12 08:15:17.000","1,100","0","200","900","0","2026-05-12 08:15:17.000","1,100","0","200","900","0","0","","356","","","","","","","0","2026-05-12 08:15:17.000","2026-05-12 08:15:17.000","0","0","0","0","0","0","3,560","NaN"
"400030332","ca0c0d89-614d-4358-b31f-2cb27a29cf5f","1","DISCHARGE_TO_HOME_AND_GRID","1","discharge","2026-05-12 07:17:11.000","41","0","72","27","3,798","2026-05-12 07:17:11.000","41","0","72","27","3,798","3,798","","357","","","","","","","","2026-05-12 07:17:11.000","2026-05-12 07:17:11.000","41","0","72","27","3,798","0","0","NaN"
"400030167","ca0c0d89-614d-4358-b31f-2cb27a29cf5f","1","DISCHARGE_TO_HOME_AND_GRID","1","discharge","2026-05-12 07:17:20.000","0","0","18","0","0","2026-05-12 07:17:20.000","0","0","18","0","0","0","","358","","","","","","","","2026-05-12 07:17:20.000","2026-05-12 07:17:20.000","0","0","18","0","0","0","0","NaN"
"400029975","ca0c0d89-614d-4358-b31f-2cb27a29cf5f","1","DISCHARGE_TO_HOME_AND_GRID","1","discharge","2026-05-12 07:16:23.000","","","","","","2026-05-12 07:16:23.000","","","","","","0","","359","","","","","","","","2026-05-12 07:16:23.000","2026-05-12 07:16:23.000","","","","","","0","0",""
"400029897","ca0c0d89-614d-4358-b31f-2cb27a29cf5f","1","DISCHARGE_TO_HOME_AND_GRID","1","discharge","2026-05-12 07:16:23.000","468","0","342","1.5","-20","2026-05-12 07:16:23.000","468","0","342","1.5","-20","-20","","360","","","","","","","","2026-05-12 07:16:23.000","2026-05-12 07:16:23.000","468","0","342","1.5","-20","0","0","NaN"
"400029656","ca0c0d89-614d-4358-b31f-2cb27a29cf5f","1","DISCHARGE_TO_HOME_AND_GRID","1","discharge","2026-05-12 07:16:22.000","5","0","142","0","","2026-05-12 07:16:22.000","5","0","142","0","","0","","361","","","","","","","","2026-05-12 07:16:22.000","2026-05-12 07:16:22.000","5","0","142","0","","0","0",""
"400029533","ca0c0d89-614d-4358-b31f-2cb27a29cf5f","1","DISCHARGE_TO_HOME_AND_GRID","1","discharge","2026-05-12 07:17:11.000","0","0","159","0","0","2026-05-12 07:17:11.000","0","0","159","0","0","0","","362","","","","","","","","2026-05-12 07:17:11.000","2026-05-12 07:17:11.000","0","0","159","0","0","0","0","NaN"
"400029525","ca0c0d89-614d-4358-b31f-2cb27a29cf5f","1","DISCHARGE_TO_HOME_AND_GRID","1","discharge","2026-05-12 07:17:11.000","0","0","36","0","5,000","2026-05-12 07:17:11.000","0","0","36","0","5,000","5,000","","363","","","","","","","","2026-05-12 07:17:11.000","2026-05-12 07:17:11.000","0","0","36","0","5,000","0","0","NaN"
"400029518","ca0c0d89-614d-4358-b31f-2cb27a29cf5f","1","DISCHARGE_TO_HOME_AND_GRID","1","discharge","2026-05-12 07:17:11.000","0","0","3","3","875","2026-05-12 07:17:11.000","0","0","3","3","875","875","","364","","","","","","","","2026-05-12 07:17:11.000","2026-05-12 07:17:11.000","0","0","3","3","875","0","0","NaN"
"400029438","ca0c0d89-614d-4358-b31f-2cb27a29cf5f","1","DISCHARGE_TO_HOME_AND_GRID","1","discharge","2026-05-12 07:16:23.000","43","2","1","0","519","2026-05-12 07:16:23.000","43","2","1","0","519","519","","365","","","","","","","","2026-05-12 07:16:23.000","2026-05-12 07:16:23.000","43","2","1","0","519","0","0","NaN"
"400029367","ca0c0d89-614d-4358-b31f-2cb27a29cf5f","1","DISCHARGE_TO_HOME_AND_GRID","1","discharge","2026-05-12 07:16:23.000","4","0","108","0","512","2026-05-12 07:16:23.000","4","0","108","0","512","512","","366","","","","","","","","2026-05-12 07:16:23.000","2026-05-12 07:16:23.000","4","0","108","0","512","0","0","NaN"
"400029356","ca0c0d89-614d-4358-b31f-2cb27a29cf5f","1","DISCHARGE_TO_HOME_AND_GRID","1","discharge","2026-05-12 07:15:58.000","","","","","","2026-05-12 08:10:09.000","2,500","0","100","4,600","0","26,246","","367","2026-05-12 08:15:17.000","2,500","0","100","4,600","0","","2026-05-12 07:15:58.000","2026-05-12 08:15:17.000","2,500","0","100","4,600","0","3,559","3,559","0"
"400029356","ca0c0d89-614d-4358-b31f-2cb27a29cf5f","2","STOPDISPATCHCOMMANDDTO","2","stop","2026-05-12 08:15:17.000","2,500","0","100","4,600","0","2026-05-12 08:15:17.000","2,500","0","100","4,600","0","0","","368","","","","","","","0","2026-05-12 08:15:17.000","2026-05-12 08:15:17.000","0","0","0","0","0","0","3,559","NaN"
"400029283","ca0c0d89-614d-4358-b31f-2cb27a29cf5f","1","DISCHARGE_TO_HOME_AND_GRID","1","discharge","2026-05-12 07:17:10.000","0","0","39","0","0","2026-05-12 07:17:10.000","0","0","39","0","0","0","","369","","","","","","","","2026-05-12 07:17:10.000","2026-05-12 07:17:10.000","0","0","39","0","0","0","0","NaN"
"400029223","ca0c0d89-614d-4358-b31f-2cb27a29cf5f","1","DISCHARGE_TO_HOME_AND_GRID","1","discharge","2026-05-12 07:16:23.000","4","0","82","0","2","2026-05-12 07:16:23.000","4","0","82","0","2","2","","370","","","","","","","","2026-05-12 07:16:23.000","2026-05-12 07:16:23.000","4","0","82","0","2","0","0","NaN"
"400029197","ca0c0d89-614d-4358-b31f-2cb27a29cf5f","1","DISCHARGE_TO_HOME_AND_GRID","1","discharge","2026-05-12 07:16:23.000","2","0","156","0","0","2026-05-12 07:16:23.000","2","0","156","0","0","0","","371","","","","","","","","2026-05-12 07:16:23.000","2026-05-12 07:16:23.000","2","0","156","0","0","0","0","NaN"
"400029195","ca0c0d89-614d-4358-b31f-2cb27a29cf5f","1","DISCHARGE_TO_HOME_AND_GRID","1","discharge","2026-05-12 07:16:22.000","127","0","8","0","","2026-05-12 07:16:22.000","127","0","8","0","","0","","372","","","","","","","","2026-05-12 07:16:22.000","2026-05-12 07:16:22.000","127","0","8","0","","0","0",""
"400029180","ca0c0d89-614d-4358-b31f-2cb27a29cf5f","1","DISCHARGE_TO_HOME_AND_GRID","1","discharge","2026-05-12 07:16:23.000","2","0","9","0","0","2026-05-12 07:16:23.000","2","0","9","0","0","0","","373","","","","","","","","2026-05-12 07:16:23.000","2026-05-12 07:16:23.000","2","0","9","0","0","0","0","NaN"
"400029177","ca0c0d89-614d-4358-b31f-2cb27a29cf5f","1","DISCHARGE_TO_HOME_AND_GRID","1","discharge","2026-05-12 07:16:23.000","47","0","0","0","427","2026-05-12 07:16:23.000","47","0","0","0","427","427","","374","","","","","","","","2026-05-12 07:16:23.000","2026-05-12 07:16:23.000","47","0","0","0","427","0","0","NaN"
"400029108","ca0c0d89-614d-4358-b31f-2cb27a29cf5f","1","DISCHARGE_TO_HOME_AND_GRID","1","discharge","2026-05-12 07:16:22.000","198","0","6","0","","2026-05-12 07:16:22.000","198","0","6","0","","0","","375","","","","","","","","2026-05-12 07:16:22.000","2026-05-12 07:16:22.000","198","0","6","0","","0","0",""
"400029105","ca0c0d89-614d-4358-b31f-2cb27a29cf5f","1","DISCHARGE_TO_HOME_AND_GRID","1","discharge","2026-05-12 07:17:50.000","0","0","0","0","","2026-05-12 07:17:50.000","0","0","0","0","","0","","376","","","","","","","","2026-05-12 07:17:50.000","2026-05-12 07:17:50.000","0","0","0","0","","0","0",""
"400028957","ca0c0d89-614d-4358-b31f-2cb27a29cf5f","1","DISCHARGE_TO_HOME_AND_GRID","1","discharge","2026-05-12 07:17:11.000","0","0","36","0","0","2026-05-12 07:17:11.000","0","0","36","0","0","0","","377","","","","","","","","2026-05-12 07:17:11.000","2026-05-12 07:17:11.000","0","0","36","0","0","0","0","NaN"
"400028939","ca0c0d89-614d-4358-b31f-2cb27a29cf5f","1","DISCHARGE_TO_HOME_AND_GRID","1","discharge","2026-05-12 07:16:23.000","24","3","1","0","179","2026-05-12 07:16:23.000","24","3","1","0","179","179","","378","","","","","","","","2026-05-12 07:16:23.000","2026-05-12 07:16:23.000","24","3","1","0","179","0","0","NaN"
"400028666","ca0c0d89-614d-4358-b31f-2cb27a29cf5f","1","DISCHARGE_TO_HOME_AND_GRID","1","discharge","2026-05-12 07:15:58.000","","","","","","2026-05-12 08:10:09.000","0","0","600","0","0","0","","379","2026-05-12 08:15:17.000","0","0","600","0","0","","2026-05-12 07:15:58.000","2026-05-12 08:15:17.000","0","0","600","0","0","3,559","3,559","0"
"400028666","ca0c0d89-614d-4358-b31f-2cb27a29cf5f","2","STOPDISPATCHCOMMANDDTO","2","stop","2026-05-12 08:15:17.000","0","0","600","0","0","2026-05-12 08:15:17.000","0","0","600","0","0","0","","380","","","","","","","0","2026-05-12 08:15:17.000","2026-05-12 08:15:17.000","0","0","0","0","0","0","3,559","NaN"
"400028664","ca0c0d89-614d-4358-b31f-2cb27a29cf5f","1","DISCHARGE_TO_HOME_AND_GRID","1","discharge","2026-05-12 07:19:56.000","","","","","","2026-05-12 08:13:55.000","","","","","","0","","381","2026-05-12 08:18:55.000","","","","","","","2026-05-12 07:19:56.000","2026-05-12 08:18:55.000","","","","","","3,539","3,539",""
"400028664","ca0c0d89-614d-4358-b31f-2cb27a29cf5f","2","STOPDISPATCHCOMMANDDTO","2","stop","2026-05-12 08:18:55.000","","","","","","2026-05-12 08:18:55.000","","","","","","0","","382","","","","","","","","2026-05-12 08:18:55.000","2026-05-12 08:18:55.000","","","","","","0","3,539",""
"400028512","ca0c0d89-614d-4358-b31f-2cb27a29cf5f","1","DISCHARGE_TO_HOME_AND_GRID","1","discharge","2026-05-12 07:17:20.000","0","0","17","0","0","2026-05-12 07:17:20.000","0","0","17","0","0","0","","383","","","","","","","","2026-05-12 07:17:20.000","2026-05-12 07:17:20.000","0","0","17","0","0","0","0","NaN"
"400028510","ca0c0d89-614d-4358-b31f-2cb27a29cf5f","1","DISCHARGE_TO_HOME_AND_GRID","1","discharge","2026-05-12 07:15:57.000","","","","","","2026-05-12 08:10:08.000","0","0","600","0","0","0","","384","2026-05-12 08:15:17.000","0","0","700","0","0","","2026-05-12 07:15:57.000","2026-05-12 08:15:17.000","0","0","700","0","0","3,560","3,560","0"
"400028510","ca0c0d89-614d-4358-b31f-2cb27a29cf5f","2","STOPDISPATCHCOMMANDDTO","2","stop","2026-05-12 08:15:17.000","0","0","700","0","0","2026-05-12 08:15:17.000","0","0","700","0","0","0","","385","","","","","","","0","2026-05-12 08:15:17.000","2026-05-12 08:15:17.000","0","0","0","0","0","0","3,560","NaN"
"400028495","ca0c0d89-614d-4358-b31f-2cb27a29cf5f","1","DISCHARGE_TO_HOME_AND_GRID","1","discharge","2026-05-12 07:17:20.000","177","0","25","148","5,000","2026-05-12 07:17:20.000","177","0","25","148","5,000","5,000","","386","","","","","","","","2026-05-12 07:17:20.000","2026-05-12 07:17:20.000","177","0","25","148","5,000","0","0","NaN"
"400028208","ca0c0d89-614d-4358-b31f-2cb27a29cf5f","1","DISCHARGE_TO_HOME_AND_GRID","1","discharge","2026-05-12 07:16:22.000","2","0","515","0","","2026-05-12 07:16:22.000","2","0","515","0","","0","","387","","","","","","","","2026-05-12 07:16:22.000","2026-05-12 07:16:22.000","2","0","515","0","","0","0",""
"400028184","ca0c0d89-614d-4358-b31f-2cb27a29cf5f","1","DISCHARGE_TO_HOME_AND_GRID","1","discharge","2026-05-12 07:17:40.000","0","0","29","0","0","2026-05-12 07:17:40.000","0","0","29","0","0","0","","388","","","","","","","","2026-05-12 07:17:40.000","2026-05-12 07:17:40.000","0","0","29","0","0","0","0","NaN"
"400027999","ca0c0d89-614d-4358-b31f-2cb27a29cf5f","1","DISCHARGE_TO_HOME_AND_GRID","1","discharge","2026-05-12 07:16:22.000","14","0","5","0","","2026-05-12 07:16:22.000","14","0","5","0","","0","","389","","","","","","","","2026-05-12 07:16:22.000","2026-05-12 07:16:22.000","14","0","5","0","","0","0",""
"400027907","ca0c0d89-614d-4358-b31f-2cb27a29cf5f","1","DISCHARGE_TO_HOME_AND_GRID","1","discharge","2026-05-12 07:17:50.000","0","0","51","0","0","2026-05-12 07:17:50.000","0","0","51","0","0","0","","390","","","","","","","","2026-05-12 07:17:50.000","2026-05-12 07:17:50.000","0","0","51","0","0","0","0","NaN"
"400027797","ca0c0d89-614d-4358-b31f-2cb27a29cf5f","1","DISCHARGE_TO_HOME_AND_GRID","1","discharge","2026-05-12 07:17:11.000","0","0","53","0","0","2026-05-12 07:17:11.000","0","0","53","0","0","0","","391","","","","","","","","2026-05-12 07:17:11.000","2026-05-12 07:17:11.000","0","0","53","0","0","0","0","NaN"
"400027775","ca0c0d89-614d-4358-b31f-2cb27a29cf5f","1","DISCHARGE_TO_HOME_AND_GRID","1","discharge","2026-05-12 07:15:58.000","","","","","","2026-05-12 08:10:09.000","0","0","400","0","0","0","","392","2026-05-12 08:15:17.000","0","0","400","0","0","","2026-05-12 07:15:58.000","2026-05-12 08:15:17.000","0","0","400","0","0","3,559","3,559","0"
"400027775","ca0c0d89-614d-4358-b31f-2cb27a29cf5f","2","STOPDISPATCHCOMMANDDTO","2","stop","2026-05-12 08:15:17.000","0","0","400","0","0","2026-05-12 08:15:17.000","0","0","400","0","0","0","","393","","","","","","","0","2026-05-12 08:15:17.000","2026-05-12 08:15:17.000","0","0","0","0","0","0","3,559","NaN"
"400027686","ca0c0d89-614d-4358-b31f-2cb27a29cf5f","1","DISCHARGE_TO_HOME_AND_GRID","1","discharge","2026-05-12 07:17:11.000","131","0","50","119","4,219","2026-05-12 07:17:11.000","131","0","50","119","4,219","4,219","","394","","","","","","","","2026-05-12 07:17:11.000","2026-05-12 07:17:11.000","131","0","50","119","4,219","0","0","NaN"
"400027679","ca0c0d89-614d-4358-b31f-2cb27a29cf5f","1","DISCHARGE_TO_HOME_AND_GRID","1","discharge","2026-05-12 07:17:11.000","0","0","0","0","245","2026-05-12 07:17:11.000","0","0","0","0","245","245","","395","","","","","","","","2026-05-12 07:17:11.000","2026-05-12 07:17:11.000","0","0","0","0","245","0","0","NaN"
"400027537","ca0c0d89-614d-4358-b31f-2cb27a29cf5f","1","DISCHARGE_TO_HOME_AND_GRID","1","discharge","2026-05-12 07:17:20.000","0","0","30","0","0","2026-05-12 07:17:20.000","0","0","30","0","0","0","","396","","","","","","","","2026-05-12 07:17:20.000","2026-05-12 07:17:20.000","0","0","30","0","0","0","0","NaN"
"400027406","ca0c0d89-614d-4358-b31f-2cb27a29cf5f","1","DISCHARGE_TO_HOME_AND_GRID","1","discharge","2026-05-12 07:17:11.000","11","0","31","1","4,999","2026-05-12 07:17:11.000","11","0","31","1","4,999","4,999","","397","","","","","","","","2026-05-12 07:17:11.000","2026-05-12 07:17:11.000","11","0","31","1","4,999","0","0","NaN"
"400027210","ca0c0d89-614d-4358-b31f-2cb27a29cf5f","1","DISCHARGE_TO_HOME_AND_GRID","1","discharge","2026-05-12 07:16:23.000","71","0","0","0","513","2026-05-12 07:16:23.000","71","0","0","0","513","513","","398","","","","","","","","2026-05-12 07:16:23.000","2026-05-12 07:16:23.000","71","0","0","0","513","0","0","NaN"
"400026990","ca0c0d89-614d-4358-b31f-2cb27a29cf5f","1","DISCHARGE_TO_HOME_AND_GRID","1","discharge","2026-05-12 07:16:22.000","0","0","271","0","","2026-05-12 07:16:22.000","0","0","271","0","","0","","399","","","","","","","","2026-05-12 07:16:22.000","2026-05-12 07:16:22.000","0","0","271","0","","0","0",""
"400026966","ca0c0d89-614d-4358-b31f-2cb27a29cf5f","1","DISCHARGE_TO_HOME_AND_GRID","1","discharge","2026-05-12 07:16:22.000","30","0","4","0","","2026-05-12 07:16:22.000","30","0","4","0","","0","","400","","","","","","","","2026-05-12 07:16:22.000","2026-05-12 07:16:22.000","30","0","4","0","","0","0",""
"400026953","ca0c0d89-614d-4358-b31f-2cb27a29cf5f","1","DISCHARGE_TO_HOME_AND_GRID","1","discharge","2026-05-12 07:17:11.000","0","0","0","0","0","2026-05-12 07:17:11.000","0","0","0","0","0","0","","401","","","","","","","","2026-05-12 07:17:11.000","2026-05-12 07:17:11.000","0","0","0","0","0","0","0","NaN"
"400026937","ca0c0d89-614d-4358-b31f-2cb27a29cf5f","1","DISCHARGE_TO_HOME_AND_GRID","1","discharge","2026-05-12 07:17:30.000","214","0","0","0","7,598","2026-05-12 07:17:30.000","214","0","0","0","7,598","7,598","","402","","","","","","","","2026-05-12 07:17:30.000","2026-05-12 07:17:30.000","214","0","0","0","7,598","0","0","NaN"
"400026887","ca0c0d89-614d-4358-b31f-2cb27a29cf5f","1","DISCHARGE_TO_HOME_AND_GRID","1","discharge","2026-05-12 07:17:11.000","0","0","0","1","108","2026-05-12 07:17:11.000","0","0","0","1","108","108","","403","","","","","","","","2026-05-12 07:17:11.000","2026-05-12 07:17:11.000","0","0","0","1","108","0","0","NaN"
"400026848","ca0c0d89-614d-4358-b31f-2cb27a29cf5f","1","DISCHARGE_TO_HOME_AND_GRID","1","discharge","2026-05-12 07:17:11.000","0","0","24","0","0","2026-05-12 07:17:11.000","0","0","24","0","0","0","","404","","","","","","","","2026-05-12 07:17:11.000","2026-05-12 07:17:11.000","0","0","24","0","0","0","0","NaN"
"400026635","ca0c0d89-614d-4358-b31f-2cb27a29cf5f","1","DISCHARGE_TO_HOME_AND_GRID","1","discharge","2026-05-12 07:17:20.000","152","0","0","143","3,799","2026-05-12 07:17:20.000","152","0","0","143","3,799","3,799","","405","","","","","","","","2026-05-12 07:17:20.000","2026-05-12 07:17:20.000","152","0","0","143","3,799","0","0","NaN"
"400026523","ca0c0d89-614d-4358-b31f-2cb27a29cf5f","1","DISCHARGE_TO_HOME_AND_GRID","1","discharge","2026-05-12 07:16:23.000","0","2","0","0","4,793","2026-05-12 07:16:23.000","0","2","0","0","4,793","4,793","","406","","","","","","","","2026-05-12 07:16:23.000","2026-05-12 07:16:23.000","0","2","0","0","4,793","0","0","NaN"
"400026441","ca0c0d89-614d-4358-b31f-2cb27a29cf5f","1","DISCHARGE_TO_HOME_AND_GRID","1","discharge","2026-05-12 07:16:02.000","","","","","","2026-05-12 08:10:13.000","","","","","","0","","407","2026-05-12 08:15:22.000","","","","","","","2026-05-12 07:16:02.000","2026-05-12 08:15:22.000","","","","","","3,560","3,560",""
"400026441","ca0c0d89-614d-4358-b31f-2cb27a29cf5f","2","STOPDISPATCHCOMMANDDTO","2","stop","2026-05-12 08:15:22.000","","","","","","2026-05-12 08:15:22.000","","","","","","0","","408","","","","","","","","2026-05-12 08:15:22.000","2026-05-12 08:15:22.000","","","","","","0","3,560",""
"400026396","ca0c0d89-614d-4358-b31f-2cb27a29cf5f","1","DISCHARGE_TO_HOME_AND_GRID","1","discharge","2026-05-12 07:16:22.000","86","6","2,500","0","","2026-05-12 07:16:22.000","86","6","2,500","0","","0","","409","","","","","","","","2026-05-12 07:16:22.000","2026-05-12 07:16:22.000","86","6","2,500","0","","0","0",""
"400026394","ca0c0d89-614d-4358-b31f-2cb27a29cf5f","1","DISCHARGE_TO_HOME_AND_GRID","1","discharge","2026-05-12 07:16:23.000","148","0","0","0","2,804","2026-05-12 07:16:23.000","148","0","0","0","2,804","2,804","","410","","","","","","","","2026-05-12 07:16:23.000","2026-05-12 07:16:23.000","148","0","0","0","2,804","0","0","NaN"
"400026208","ca0c0d89-614d-4358-b31f-2cb27a29cf5f","1","DISCHARGE_TO_HOME_AND_GRID","1","discharge","2026-05-12 07:15:57.000","0","0","0","0","372","2026-05-12 08:10:08.000","1,000","0","200","900","0","5,538","","411","2026-05-12 08:15:17.000","1,000","0","200","900","0","","2026-05-12 07:15:57.000","2026-05-12 08:15:17.000","1,000","0","200","900","0","3,560","3,560","0"
"400026208","ca0c0d89-614d-4358-b31f-2cb27a29cf5f","2","STOPDISPATCHCOMMANDDTO","2","stop","2026-05-12 08:15:17.000","1,000","0","200","900","0","2026-05-12 08:15:17.000","1,000","0","200","900","0","0","","412","","","","","","","0","2026-05-12 08:15:17.000","2026-05-12 08:15:17.000","0","0","0","0","0","0","3,560","NaN"
"400026129","ca0c0d89-614d-4358-b31f-2cb27a29cf5f","1","DISCHARGE_TO_HOME_AND_GRID","1","discharge","2026-05-12 07:16:23.000","335","0","1","0","3,864","2026-05-12 07:16:23.000","335","0","1","0","3,864","3,864","","413","","","","","","","","2026-05-12 07:16:23.000","2026-05-12 07:16:23.000","335","0","1","0","3,864","0","0","NaN"
"400026120","ca0c0d89-614d-4358-b31f-2cb27a29cf5f","1","DISCHARGE_TO_HOME_AND_GRID","1","discharge","2026-05-12 07:17:50.000","0","0","0","0","235","2026-05-12 07:17:50.000","0","0","0","0","235","235","","414","","","","","","","","2026-05-12 07:17:50.000","2026-05-12 07:17:50.000","0","0","0","0","235","0","0","NaN"
"400026076","ca0c0d89-614d-4358-b31f-2cb27a29cf5f","1","DISCHARGE_TO_HOME_AND_GRID","1","discharge","2026-05-12 07:16:23.000","37","0","0","0","300","2026-05-12 07:16:23.000","37","0","0","0","300","300","","415","","","","","","","","2026-05-12 07:16:23.000","2026-05-12 07:16:23.000","37","0","0","0","300","0","0","NaN"
"400026061","ca0c0d89-614d-4358-b31f-2cb27a29cf5f","1","DISCHARGE_TO_HOME_AND_GRID","1","discharge","2026-05-12 07:16:22.000","666","0","20","0","","2026-05-12 07:16:22.000","666","0","20","0","","0","","416","","","","","","","","2026-05-12 07:16:22.000","2026-05-12 07:16:22.000","666","0","20","0","","0","0",""
"400025854","ca0c0d89-614d-4358-b31f-2cb27a29cf5f","1","DISCHARGE_TO_HOME_AND_GRID","1","discharge","2026-05-12 07:16:23.000","40","2","0","0","343","2026-05-12 07:16:23.000","40","2","0","0","343","343","","417","","","","","","","","2026-05-12 07:16:23.000","2026-05-12 07:16:23.000","40","2","0","0","343","0","0","NaN"
"400025822","ca0c0d89-614d-4358-b31f-2cb27a29cf5f","1","DISCHARGE_TO_HOME_AND_GRID","1","discharge","2026-05-12 07:16:23.000","130","0","0","0","1,273","2026-05-12 07:16:23.000","130","0","0","0","1,273","1,273","","418","","","","","","","","2026-05-12 07:16:23.000","2026-05-12 07:16:23.000","130","0","0","0","1,273","0","0","NaN"
"400025663","ca0c0d89-614d-4358-b31f-2cb27a29cf5f","1","DISCHARGE_TO_HOME_AND_GRID","1","discharge","2026-05-12 07:17:11.000","0","0","0","0","","2026-05-12 07:17:11.000","0","0","0","0","","0","","419","","","","","","","","2026-05-12 07:17:11.000","2026-05-12 07:17:11.000","0","0","0","0","","0","0",""
"400025642","ca0c0d89-614d-4358-b31f-2cb27a29cf5f","1","DISCHARGE_TO_HOME_AND_GRID","1","discharge","2026-05-12 07:17:10.000","152","0","1","145","3,800","2026-05-12 07:17:10.000","152","0","1","145","3,800","3,800","","420","","","","","","","","2026-05-12 07:17:10.000","2026-05-12 07:17:10.000","152","0","1","145","3,800","0","0","NaN"
"400025559","ca0c0d89-614d-4358-b31f-2cb27a29cf5f","1","DISCHARGE_TO_HOME_AND_GRID","1","discharge","2026-05-12 07:16:22.000","228","0","3","0","","2026-05-12 07:16:22.000","228","0","3","0","","0","","421","","","","","","","","2026-05-12 07:16:22.000","2026-05-12 07:16:22.000","228","0","3","0","","0","0",""
"400025174","ca0c0d89-614d-4358-b31f-2cb27a29cf5f","1","DISCHARGE_TO_HOME_AND_GRID","1","discharge","2026-05-12 07:17:11.000","0","0","0","0","0","2026-05-12 07:17:11.000","0","0","0","0","0","0","","422","","","","","","","","2026-05-12 07:17:11.000","2026-05-12 07:17:11.000","0","0","0","0","0","0","0","NaN"
"400024721","ca0c0d89-614d-4358-b31f-2cb27a29cf5f","1","DISCHARGE_TO_HOME_AND_GRID","1","discharge","2026-05-12 07:17:11.000","68","0","34","9","0","2026-05-12 07:17:11.000","68","0","34","9","0","0","","423","","","","","","","","2026-05-12 07:17:11.000","2026-05-12 07:17:11.000","68","0","34","9","0","0","0","NaN"
"400024615","ca0c0d89-614d-4358-b31f-2cb27a29cf5f","1","DISCHARGE_TO_HOME_AND_GRID","1","discharge","2026-05-12 07:17:30.000","16","0","0","0","617","2026-05-12 07:17:30.000","16","0","0","0","617","617","","424","","","","","","","","2026-05-12 07:17:30.000","2026-05-12 07:17:30.000","16","0","0","0","617","0","0","NaN"
"400024575","ca0c0d89-614d-4358-b31f-2cb27a29cf5f","1","DISCHARGE_TO_HOME_AND_GRID","1","discharge","2026-05-12 07:16:23.000","140","0","1","0","1,538","2026-05-12 07:16:23.000","140","0","1","0","1,538","1,538","","425","","","","","","","","2026-05-12 07:16:23.000","2026-05-12 07:16:23.000","140","0","1","0","1,538","0","0","NaN"
"400024514","ca0c0d89-614d-4358-b31f-2cb27a29cf5f","1","DISCHARGE_TO_HOME_AND_GRID","1","discharge","2026-05-12 07:17:11.000","41","0","0","0","3,800","2026-05-12 07:17:11.000","41","0","0","0","3,800","3,800","","426","","","","","","","","2026-05-12 07:17:11.000","2026-05-12 07:17:11.000","41","0","0","0","3,800","0","0","NaN"
"400024508","ca0c0d89-614d-4358-b31f-2cb27a29cf5f","1","DISCHARGE_TO_HOME_AND_GRID","1","discharge","2026-05-12 07:17:11.000","0","0","49","0","0","2026-05-12 07:17:11.000","0","0","49","0","0","0","","427","","","","","","","","2026-05-12 07:17:11.000","2026-05-12 07:17:11.000","0","0","49","0","0","0","0","NaN"
"400024475","ca0c0d89-614d-4358-b31f-2cb27a29cf5f","1","DISCHARGE_TO_HOME_AND_GRID","1","discharge","2026-05-12 07:17:11.000","286","0","63","241","7,598","2026-05-12 07:17:11.000","286","0","63","241","7,598","7,598","","428","","","","","","","","2026-05-12 07:17:11.000","2026-05-12 07:17:11.000","286","0","63","241","7,598","0","0","NaN"
"400024386","ca0c0d89-614d-4358-b31f-2cb27a29cf5f","1","DISCHARGE_TO_HOME_AND_GRID","1","discharge","2026-05-12 07:17:11.000","66","0","0","59","3,518","2026-05-12 07:17:11.000","66","0","0","59","3,518","3,518","","429","","","","","","","","2026-05-12 07:17:11.000","2026-05-12 07:17:11.000","66","0","0","59","3,518","0","0","NaN"
"400024281","ca0c0d89-614d-4358-b31f-2cb27a29cf5f","1","DISCHARGE_TO_HOME_AND_GRID","1","discharge","2026-05-12 07:17:20.000","0","0","0","0","0","2026-05-12 07:17:20.000","0","0","0","0","0","0","","430","","","","","","","","2026-05-12 07:17:20.000","2026-05-12 07:17:20.000","0","0","0","0","0","0","0","NaN"
"400024173","ca0c0d89-614d-4358-b31f-2cb27a29cf5f","1","DISCHARGE_TO_HOME_AND_GRID","1","discharge","2026-05-12 07:16:22.000","250","0","20","0","538","2026-05-12 07:16:22.000","250","0","20","0","538","538","","431","","","","","","","","2026-05-12 07:16:22.000","2026-05-12 07:16:22.000","250","0","20","0","538","0","0","NaN"
"400024069","ca0c0d89-614d-4358-b31f-2cb27a29cf5f","1","DISCHARGE_TO_HOME_AND_GRID","1","discharge","2026-05-12 07:17:40.000","0","0","55","0","0","2026-05-12 07:17:40.000","0","0","55","0","0","0","","432","","","","","","","","2026-05-12 07:17:40.000","2026-05-12 07:17:40.000","0","0","55","0","0","0","0","NaN"
"400024027","ca0c0d89-614d-4358-b31f-2cb27a29cf5f","1","DISCHARGE_TO_HOME_AND_GRID","1","discharge","2026-05-12 07:16:22.000","","","","","","2026-05-12 07:16:22.000","","","","","","0","","433","","","","","","","","2026-05-12 07:16:22.000","2026-05-12 07:16:22.000","","","","","","0","0",""
"400024009","ca0c0d89-614d-4358-b31f-2cb27a29cf5f","1","DISCHARGE_TO_HOME_AND_GRID","1","discharge","2026-05-12 07:17:11.000","0","0","0","0","339","2026-05-12 07:17:11.000","0","0","0","0","339","339","","434","","","","","","","","2026-05-12 07:17:11.000","2026-05-12 07:17:11.000","0","0","0","0","339","0","0","NaN"
"400023942","ca0c0d89-614d-4358-b31f-2cb27a29cf5f","1","DISCHARGE_TO_HOME_AND_GRID","1","discharge","2026-05-12 07:17:11.000","30","0","23","16","4,999","2026-05-12 07:17:11.000","30","0","23","16","4,999","4,999","","435","","","","","","","","2026-05-12 07:17:11.000","2026-05-12 07:17:11.000","30","0","23","16","4,999","0","0","NaN"
"400023743","ca0c0d89-614d-4358-b31f-2cb27a29cf5f","1","DISCHARGE_TO_HOME_AND_GRID","1","discharge","2026-05-12 07:16:23.000","57","2","0","0","398","2026-05-12 07:16:23.000","57","2","0","0","398","398","","436","","","","","","","","2026-05-12 07:16:23.000","2026-05-12 07:16:23.000","57","2","0","0","398","0","0","NaN"
"400023618","ca0c0d89-614d-4358-b31f-2cb27a29cf5f","1","DISCHARGE_TO_HOME_AND_GRID","1","discharge","2026-05-12 07:16:23.000","49","0","1","0","102","2026-05-12 07:16:23.000","49","0","1","0","102","102","","437","","","","","","","","2026-05-12 07:16:23.000","2026-05-12 07:16:23.000","49","0","1","0","102","0","0","NaN"
"400023563","ca0c0d89-614d-4358-b31f-2cb27a29cf5f","1","DISCHARGE_TO_HOME_AND_GRID","1","discharge","2026-05-12 07:17:11.000","3","0","10","0","0","2026-05-12 07:17:11.000","3","0","10","0","0","0","","438","","","","","","","","2026-05-12 07:17:11.000","2026-05-12 07:17:11.000","3","0","10","0","0","0","0","NaN"
"400023510","ca0c0d89-614d-4358-b31f-2cb27a29cf5f","1","DISCHARGE_TO_HOME_AND_GRID","1","discharge","2026-05-12 07:17:20.000","32","0","169","4","5,998","2026-05-12 07:17:20.000","32","0","169","4","5,998","5,998","","439","","","","","","","","2026-05-12 07:17:20.000","2026-05-12 07:17:20.000","32","0","169","4","5,998","0","0","NaN"
"400023495","ca0c0d89-614d-4358-b31f-2cb27a29cf5f","1","DISCHARGE_TO_HOME_AND_GRID","1","discharge","2026-05-12 07:17:11.000","30","0","1","14","5,000","2026-05-12 07:17:11.000","30","0","1","14","5,000","5,000","","440","","","","","","","","2026-05-12 07:17:11.000","2026-05-12 07:17:11.000","30","0","1","14","5,000","0","0","NaN"
"400023475","ca0c0d89-614d-4358-b31f-2cb27a29cf5f","1","DISCHARGE_TO_HOME_AND_GRID","1","discharge","2026-05-12 07:17:20.000","23","0","1","12","3,798","2026-05-12 07:17:20.000","23","0","1","12","3,798","3,798","","441","","","","","","","","2026-05-12 07:17:20.000","2026-05-12 07:17:20.000","23","0","1","12","3,798","0","0","NaN"
"400023463","ca0c0d89-614d-4358-b31f-2cb27a29cf5f","1","DISCHARGE_TO_HOME_AND_GRID","1","discharge","2026-05-12 07:17:10.000","47","0","0","39","3,799","2026-05-12 07:17:10.000","47","0","0","39","3,799","3,799","","442","","","","","","","","2026-05-12 07:17:10.000","2026-05-12 07:17:10.000","47","0","0","39","3,799","0","0","NaN"
"400023445","ca0c0d89-614d-4358-b31f-2cb27a29cf5f","1","DISCHARGE_TO_HOME_AND_GRID","1","discharge","2026-05-12 07:17:20.000","31","0","0","22","3,868","2026-05-12 07:17:20.000","31","0","0","22","3,868","3,868","","443","","","","","","","","2026-05-12 07:17:20.000","2026-05-12 07:17:20.000","31","0","0","22","3,868","0","0","NaN"
"400023401","ca0c0d89-614d-4358-b31f-2cb27a29cf5f","1","DISCHARGE_TO_HOME_AND_GRID","1","discharge","2026-05-12 07:16:22.000","0","0","484","0","","2026-05-12 07:16:22.000","0","0","484","0","","0","","444","","","","","","","","2026-05-12 07:16:22.000","2026-05-12 07:16:22.000","0","0","484","0","","0","0",""
"400023383","ca0c0d89-614d-4358-b31f-2cb27a29cf5f","1","DISCHARGE_TO_HOME_AND_GRID","1","discharge","2026-05-12 07:17:40.000","0","0","316","0","","2026-05-12 07:17:40.000","0","0","316","0","","0","","445","","","","","","","","2026-05-12 07:17:40.000","2026-05-12 07:17:40.000","0","0","316","0","","0","0",""
"400023380","ca0c0d89-614d-4358-b31f-2cb27a29cf5f","1","DISCHARGE_TO_HOME_AND_GRID","1","discharge","2026-05-12 07:17:11.000","0","0","22","0","0","2026-05-12 07:17:11.000","0","0","22","0","0","0","","446","","","","","","","","2026-05-12 07:17:11.000","2026-05-12 07:17:11.000","0","0","22","0","0","0","0","NaN"
"400023326","ca0c0d89-614d-4358-b31f-2cb27a29cf5f","1","DISCHARGE_TO_HOME_AND_GRID","1","discharge","2026-05-12 07:16:22.000","46","0","6","0","","2026-05-12 07:16:22.000","46","0","6","0","","0","","447","","","","","","","","2026-05-12 07:16:22.000","2026-05-12 07:16:22.000","46","0","6","0","","0","0",""
"400023244","ca0c0d89-614d-4358-b31f-2cb27a29cf5f","1","DISCHARGE_TO_HOME_AND_GRID","1","discharge","2026-05-12 07:17:11.000","0","0","0","0","316","2026-05-12 07:17:11.000","0","0","0","0","316","316","","448","","","","","","","","2026-05-12 07:17:11.000","2026-05-12 07:17:11.000","0","0","0","0","316","0","0","NaN"
"400023167","ca0c0d89-614d-4358-b31f-2cb27a29cf5f","1","DISCHARGE_TO_HOME_AND_GRID","1","discharge","2026-05-12 07:16:22.000","0","0","82","0","","2026-05-12 07:16:22.000","0","0","82","0","","0","","449","","","","","","","","2026-05-12 07:16:22.000","2026-05-12 07:16:22.000","0","0","82","0","","0","0",""
"400022887","ca0c0d89-614d-4358-b31f-2cb27a29cf5f","1","DISCHARGE_TO_HOME_AND_GRID","1","discharge","2026-05-12 07:16:23.000","2","0","58","0","3","2026-05-12 07:16:23.000","2","0","58","0","3","3","","450","","","","","","","","2026-05-12 07:16:23.000","2026-05-12 07:16:23.000","2","0","58","0","3","0","0","NaN"
"400022742","ca0c0d89-614d-4358-b31f-2cb27a29cf5f","1","DISCHARGE_TO_HOME_AND_GRID","1","discharge","2026-05-12 07:17:30.000","66","0","0","56","3,799","2026-05-12 07:17:30.000","66","0","0","56","3,799","3,799","","451","","","","","","","","2026-05-12 07:17:30.000","2026-05-12 07:17:30.000","66","0","0","56","3,799","0","0","NaN"
"400022664","ca0c0d89-614d-4358-b31f-2cb27a29cf5f","1","DISCHARGE_TO_HOME_AND_GRID","1","discharge","2026-05-12 07:16:22.000","","","","","","2026-05-12 07:16:22.000","","","","","","0","","452","","","","","","","","2026-05-12 07:16:22.000","2026-05-12 07:16:22.000","","","","","","0","0",""
"400022551","ca0c0d89-614d-4358-b31f-2cb27a29cf5f","1","DISCHARGE_TO_HOME_AND_GRID","1","discharge","2026-05-12 07:16:22.000","0","0","146","0","","2026-05-12 07:16:22.000","0","0","146","0","","0","","453","","","","","","","","2026-05-12 07:16:22.000","2026-05-12 07:16:22.000","0","0","146","0","","0","0",""
"400022351","ca0c0d89-614d-4358-b31f-2cb27a29cf5f","1","DISCHARGE_TO_HOME_AND_GRID","1","discharge","2026-05-12 07:17:40.000","0","0","0","1","248","2026-05-12 07:17:40.000","0","0","0","1","248","248","","454","","","","","","","","2026-05-12 07:17:40.000","2026-05-12 07:17:40.000","0","0","0","1","248","0","0","NaN"
"400022327","ca0c0d89-614d-4358-b31f-2cb27a29cf5f","1","DISCHARGE_TO_HOME_AND_GRID","1","discharge","2026-05-12 07:17:20.000","0","0","52","0","0","2026-05-12 07:17:20.000","0","0","52","0","0","0","","455","","","","","","","","2026-05-12 07:17:20.000","2026-05-12 07:17:20.000","0","0","52","0","0","0","0","NaN"
"400022305","ca0c0d89-614d-4358-b31f-2cb27a29cf5f","1","DISCHARGE_TO_HOME_AND_GRID","1","discharge","2026-05-12 07:15:57.000","0","0","0","0","0","2026-05-12 08:10:08.000","0","0","600","0","0","0","","456","2026-05-12 08:15:17.000","0","0","600","0","0","","2026-05-12 07:15:57.000","2026-05-12 08:15:17.000","0","0","600","0","0","3,560","3,560","0"
"400022305","ca0c0d89-614d-4358-b31f-2cb27a29cf5f","2","STOPDISPATCHCOMMANDDTO","2","stop","2026-05-12 08:15:17.000","0","0","600","0","0","2026-05-12 08:15:17.000","0","0","600","0","0","0","","457","","","","","","","0","2026-05-12 08:15:17.000","2026-05-12 08:15:17.000","0","0","0","0","0","0","3,560","NaN"
"400022269","ca0c0d89-614d-4358-b31f-2cb27a29cf5f","1","DISCHARGE_TO_HOME_AND_GRID","1","discharge","2026-05-12 07:17:50.000","0","0","59","0","0","2026-05-12 07:17:50.000","0","0","59","0","0","0","","458","","","","","","","","2026-05-12 07:17:50.000","2026-05-12 07:17:50.000","0","0","59","0","0","0","0","NaN"
"400022206","ca0c0d89-614d-4358-b31f-2cb27a29cf5f","1","DISCHARGE_TO_HOME_AND_GRID","1","discharge","2026-05-12 07:16:23.000","51","0","0","0","492","2026-05-12 07:16:23.000","51","0","0","0","492","492","","459","","","","","","","","2026-05-12 07:16:23.000","2026-05-12 07:16:23.000","51","0","0","0","492","0","0","NaN"
"400022169","ca0c0d89-614d-4358-b31f-2cb27a29cf5f","1","DISCHARGE_TO_HOME_AND_GRID","1","discharge","2026-05-12 07:16:22.000","0","0","1,974","0","","2026-05-12 07:16:22.000","0","0","1,974","0","","0","","460","","","","","","","","2026-05-12 07:16:22.000","2026-05-12 07:16:22.000","0","0","1,974","0","","0","0",""
"400022111","ca0c0d89-614d-4358-b31f-2cb27a29cf5f","1","DISCHARGE_TO_HOME_AND_GRID","1","discharge","2026-05-12 07:17:11.000","16","0","0","4","3,815","2026-05-12 07:17:11.000","16","0","0","4","3,815","3,815","","461","","","","","","","","2026-05-12 07:17:11.000","2026-05-12 07:17:11.000","16","0","0","4","3,815","0","0","NaN"
"400022060","ca0c0d89-614d-4358-b31f-2cb27a29cf5f","1","DISCHARGE_TO_HOME_AND_GRID","1","discharge","2026-05-12 07:17:11.000","0","0","74","0","0","2026-05-12 07:17:11.000","0","0","74","0","0","0","","462","","","","","","","","2026-05-12 07:17:11.000","2026-05-12 07:17:11.000","0","0","74","0","0","0","0","NaN"
"400022034","ca0c0d89-614d-4358-b31f-2cb27a29cf5f","1","DISCHARGE_TO_HOME_AND_GRID","1","discharge","2026-05-12 07:17:11.000","139","0","4","1","0","2026-05-12 07:17:11.000","139","0","4","1","0","0","","463","","","","","","","","2026-05-12 07:17:11.000","2026-05-12 07:17:11.000","139","0","4","1","0","0","0","NaN"
"400022024","ca0c0d89-614d-4358-b31f-2cb27a29cf5f","1","DISCHARGE_TO_HOME_AND_GRID","1","discharge","2026-05-12 07:17:50.000","0","0","0","0","","2026-05-12 07:17:50.000","0","0","0","0","","0","","464","","","","","","","","2026-05-12 07:17:50.000","2026-05-12 07:17:50.000","0","0","0","0","","0","0",""
"400022008","ca0c0d89-614d-4358-b31f-2cb27a29cf5f","1","DISCHARGE_TO_HOME_AND_GRID","1","discharge","2026-05-12 07:17:20.000","0","0","1","0","165","2026-05-12 07:17:20.000","0","0","1","0","165","165","","465","","","","","","","","2026-05-12 07:17:20.000","2026-05-12 07:17:20.000","0","0","1","0","165","0","0","NaN"
"400021964","ca0c0d89-614d-4358-b31f-2cb27a29cf5f","1","DISCHARGE_TO_HOME_AND_GRID","1","discharge","2026-05-12 07:16:23.000","1","0","20","0","0","2026-05-12 07:16:23.000","1","0","20","0","0","0","","466","","","","","","","","2026-05-12 07:16:23.000","2026-05-12 07:16:23.000","1","0","20","0","0","0","0","NaN"
"400021916","ca0c0d89-614d-4358-b31f-2cb27a29cf5f","1","DISCHARGE_TO_HOME_AND_GRID","1","discharge","2026-05-12 07:16:22.000","","","","","","2026-05-12 07:16:22.000","","","","","","0","","467","","","","","","","","2026-05-12 07:16:22.000","2026-05-12 07:16:22.000","","","","","","0","0",""
"400021914","ca0c0d89-614d-4358-b31f-2cb27a29cf5f","1","DISCHARGE_TO_HOME_AND_GRID","1","discharge","2026-05-12 07:16:23.000","2","0","15","0","0","2026-05-12 07:16:23.000","2","0","15","0","0","0","","468","","","","","","","","2026-05-12 07:16:23.000","2026-05-12 07:16:23.000","2","0","15","0","0","0","0","NaN"
"400021900","ca0c0d89-614d-4358-b31f-2cb27a29cf5f","1","DISCHARGE_TO_HOME_AND_GRID","1","discharge","2026-05-12 07:16:22.000","","","","","","2026-05-12 07:16:22.000","","","","","","0","","469","","","","","","","","2026-05-12 07:16:22.000","2026-05-12 07:16:22.000","","","","","","0","0",""
"400021836","ca0c0d89-614d-4358-b31f-2cb27a29cf5f","1","DISCHARGE_TO_HOME_AND_GRID","1","discharge","2026-05-12 07:16:23.000","4","0","157","0","0","2026-05-12 07:16:23.000","4","0","157","0","0","0","","470","","","","","","","","2026-05-12 07:16:23.000","2026-05-12 07:16:23.000","4","0","157","0","0","0","0","NaN"
"400021832","ca0c0d89-614d-4358-b31f-2cb27a29cf5f","1","DISCHARGE_TO_HOME_AND_GRID","1","discharge","2026-05-12 07:17:20.000","0","0","399","0","-2,000","2026-05-12 07:17:20.000","0","0","399","0","-2,000","-2,000","","471","","","","","","","","2026-05-12 07:17:20.000","2026-05-12 07:17:20.000","0","0","399","0","-2,000","0","0","NaN"
"400021640","ca0c0d89-614d-4358-b31f-2cb27a29cf5f","1","DISCHARGE_TO_HOME_AND_GRID","1","discharge","2026-05-12 07:16:22.000","0","0","458","0","","2026-05-12 07:16:22.000","0","0","458","0","","0","","472","","","","","","","","2026-05-12 07:16:22.000","2026-05-12 07:16:22.000","0","0","458","0","","0","0",""
"400021590","ca0c0d89-614d-4358-b31f-2cb27a29cf5f","1","DISCHARGE_TO_HOME_AND_GRID","1","discharge","2026-05-12 07:16:22.000","97","0","4","0","","2026-05-12 07:16:22.000","97","0","4","0","","0","","473","","","","","","","","2026-05-12 07:16:22.000","2026-05-12 07:16:22.000","97","0","4","0","","0","0",""
"400021556","ca0c0d89-614d-4358-b31f-2cb27a29cf5f","1","DISCHARGE_TO_HOME_AND_GRID","1","discharge","2026-05-12 07:17:11.000","16","0","0","4","4,999","2026-05-12 07:17:11.000","16","0","0","4","4,999","4,999","","474","","","","","","","","2026-05-12 07:17:11.000","2026-05-12 07:17:11.000","16","0","0","4","4,999","0","0","NaN"
"400021471","ca0c0d89-614d-4358-b31f-2cb27a29cf5f","1","DISCHARGE_TO_HOME_AND_GRID","1","discharge","2026-05-12 07:16:23.000","112","10","0","0","290","2026-05-12 07:16:23.000","112","10","0","0","290","290","","475","","","","","","","","2026-05-12 07:16:23.000","2026-05-12 07:16:23.000","112","10","0","0","290","0","0","NaN"
"400021459","ca0c0d89-614d-4358-b31f-2cb27a29cf5f","1","DISCHARGE_TO_HOME_AND_GRID","1","discharge","2026-05-12 07:16:23.000","212","0","43","43","1,030","2026-05-12 07:16:23.000","212","0","43","43","1,030","1,030","","476","","","","","","","","2026-05-12 07:16:23.000","2026-05-12 07:16:23.000","212","0","43","43","1,030","0","0","NaN"
"400021275","ca0c0d89-614d-4358-b31f-2cb27a29cf5f","1","DISCHARGE_TO_HOME_AND_GRID","1","discharge","2026-05-12 07:17:30.000","99","0","1","49","5,999","2026-05-12 07:17:30.000","99","0","1","49","5,999","5,999","","477","","","","","","","","2026-05-12 07:17:30.000","2026-05-12 07:17:30.000","99","0","1","49","5,999","0","0","NaN"
"400020995","ca0c0d89-614d-4358-b31f-2cb27a29cf5f","1","DISCHARGE_TO_HOME_AND_GRID","1","discharge","2026-05-12 07:17:50.000","0","0","0","0","","2026-05-12 07:17:50.000","0","0","0","0","","0","","478","","","","","","","","2026-05-12 07:17:50.000","2026-05-12 07:17:50.000","0","0","0","0","","0","0",""
"400020694","ca0c0d89-614d-4358-b31f-2cb27a29cf5f","1","DISCHARGE_TO_HOME_AND_GRID","1","discharge","2026-05-12 07:16:23.000","34","1","0","0","278","2026-05-12 07:16:23.000","34","1","0","0","278","278","","479","","","","","","","","2026-05-12 07:16:23.000","2026-05-12 07:16:23.000","34","1","0","0","278","0","0","NaN"
"400020656","ca0c0d89-614d-4358-b31f-2cb27a29cf5f","1","DISCHARGE_TO_HOME_AND_GRID","1","discharge","2026-05-12 07:16:23.000","54","1","0","0","513","2026-05-12 07:16:23.000","54","1","0","0","513","513","","480","","","","","","","","2026-05-12 07:16:23.000","2026-05-12 07:16:23.000","54","1","0","0","513","0","0","NaN"
"400020644","ca0c0d89-614d-4358-b31f-2cb27a29cf5f","1","DISCHARGE_TO_HOME_AND_GRID","1","discharge","2026-05-12 07:16:23.000","47","1","0","0","450","2026-05-12 07:16:23.000","47","1","0","0","450","450","","481","","","","","","","","2026-05-12 07:16:23.000","2026-05-12 07:16:23.000","47","1","0","0","450","0","0","NaN"
"400020638","ca0c0d89-614d-4358-b31f-2cb27a29cf5f","1","DISCHARGE_TO_HOME_AND_GRID","1","discharge","2026-05-12 07:16:23.000","50","1","0","0","450","2026-05-12 07:16:23.000","50","1","0","0","450","450","","482","","","","","","","","2026-05-12 07:16:23.000","2026-05-12 07:16:23.000","50","1","0","0","450","0","0","NaN"
"400020575","ca0c0d89-614d-4358-b31f-2cb27a29cf5f","1","DISCHARGE_TO_HOME_AND_GRID","1","discharge","2026-05-12 07:16:23.000","59","0","0","0","574","2026-05-12 07:16:23.000","59","0","0","0","574","574","","483","","","","","","","","2026-05-12 07:16:23.000","2026-05-12 07:16:23.000","59","0","0","0","574","0","0","NaN"
"400020550","ca0c0d89-614d-4358-b31f-2cb27a29cf5f","1","DISCHARGE_TO_HOME_AND_GRID","1","discharge","2026-05-12 07:16:23.000","27","0","1","0","173","2026-05-12 07:16:23.000","27","0","1","0","173","173","","484","","","","","","","","2026-05-12 07:16:23.000","2026-05-12 07:16:23.000","27","0","1","0","173","0","0","NaN"
"400020469","ca0c0d89-614d-4358-b31f-2cb27a29cf5f","1","DISCHARGE_TO_HOME_AND_GRID","1","discharge","2026-05-12 07:16:23.000","0","0","146","0","0","2026-05-12 07:16:23.000","0","0","146","0","0","0","","485","","","","","","","","2026-05-12 07:16:23.000","2026-05-12 07:16:23.000","0","0","146","0","0","0","0","NaN"
"400020459","ca0c0d89-614d-4358-b31f-2cb27a29cf5f","1","DISCHARGE_TO_HOME_AND_GRID","1","discharge","2026-05-12 07:16:23.000","70","8","2","0","229","2026-05-12 07:16:23.000","70","8","2","0","229","229","","486","","","","","","","","2026-05-12 07:16:23.000","2026-05-12 07:16:23.000","70","8","2","0","229","0","0","NaN"
"400020409","ca0c0d89-614d-4358-b31f-2cb27a29cf5f","1","DISCHARGE_TO_HOME_AND_GRID","1","discharge","2026-05-12 07:16:23.000","","","","","","2026-05-12 07:16:23.000","","","","","","0","","487","","","","","","","","2026-05-12 07:16:23.000","2026-05-12 07:16:23.000","","","","","","0","0",""
"400020313","ca0c0d89-614d-4358-b31f-2cb27a29cf5f","1","DISCHARGE_TO_HOME_AND_GRID","1","discharge","2026-05-12 07:16:23.000","154","0","1","0","752","2026-05-12 07:16:23.000","154","0","1","0","752","752","","488","","","","","","","","2026-05-12 07:16:23.000","2026-05-12 07:16:23.000","154","0","1","0","752","0","0","NaN"
"400020283","ca0c0d89-614d-4358-b31f-2cb27a29cf5f","1","DISCHARGE_TO_HOME_AND_GRID","1","discharge","2026-05-12 07:16:23.000","56","1","1","0","383","2026-05-12 07:16:23.000","56","1","1","0","383","383","","489","","","","","","","","2026-05-12 07:16:23.000","2026-05-12 07:16:23.000","56","1","1","0","383","0","0","NaN"
"400020260","ca0c0d89-614d-4358-b31f-2cb27a29cf5f","1","DISCHARGE_TO_HOME_AND_GRID","1","discharge","2026-05-12 07:16:23.000","50","0","0","0.5","590","2026-05-12 07:16:23.000","50","0","0","0.5","590","590","","490","","","","","","","","2026-05-12 07:16:23.000","2026-05-12 07:16:23.000","50","0","0","0.5","590","0","0","NaN"
"400020239","ca0c0d89-614d-4358-b31f-2cb27a29cf5f","1","DISCHARGE_TO_HOME_AND_GRID","1","discharge","2026-05-12 07:16:23.000","0","0","0","0","522","2026-05-12 07:16:23.000","0","0","0","0","522","522","","491","","","","","","","","2026-05-12 07:16:23.000","2026-05-12 07:16:23.000","0","0","0","0","522","0","0","NaN"
"400020229","ca0c0d89-614d-4358-b31f-2cb27a29cf5f","1","DISCHARGE_TO_HOME_AND_GRID","1","discharge","2026-05-12 07:16:23.000","148","0","0","0","752","2026-05-12 07:16:23.000","148","0","0","0","752","752","","492","","","","","","","","2026-05-12 07:16:23.000","2026-05-12 07:16:23.000","148","0","0","0","752","0","0","NaN"
"400020212","ca0c0d89-614d-4358-b31f-2cb27a29cf5f","1","DISCHARGE_TO_HOME_AND_GRID","1","discharge","2026-05-12 07:16:23.000","136","0","0","0","687","2026-05-12 07:16:23.000","136","0","0","0","687","687","","493","","","","","","","","2026-05-12 07:16:23.000","2026-05-12 07:16:23.000","136","0","0","0","687","0","0","NaN"
"400020168","ca0c0d89-614d-4358-b31f-2cb27a29cf5f","1","DISCHARGE_TO_HOME_AND_GRID","1","discharge","2026-05-12 07:16:23.000","146","0","2","0","684","2026-05-12 07:16:23.000","146","0","2","0","684","684","","494","","","","","","","","2026-05-12 07:16:23.000","2026-05-12 07:16:23.000","146","0","2","0","684","0","0","NaN"
"400020094","ca0c0d89-614d-4358-b31f-2cb27a29cf5f","1","DISCHARGE_TO_HOME_AND_GRID","1","discharge","2026-05-12 07:17:11.000","0","0","31","0","0","2026-05-12 07:17:11.000","0","0","31","0","0","0","","495","","","","","","","","2026-05-12 07:17:11.000","2026-05-12 07:17:11.000","0","0","31","0","0","0","0","NaN"
"400020070","ca0c0d89-614d-4358-b31f-2cb27a29cf5f","1","DISCHARGE_TO_HOME_AND_GRID","1","discharge","2026-05-12 07:16:22.000","169","0","8","0","","2026-05-12 07:16:22.000","169","0","8","0","","0","","496","","","","","","","","2026-05-12 07:16:22.000","2026-05-12 07:16:22.000","169","0","8","0","","0","0",""
"400019988","ca0c0d89-614d-4358-b31f-2cb27a29cf5f","1","DISCHARGE_TO_HOME_AND_GRID","1","discharge","2026-05-12 07:16:23.000","32","0","0","0","278","2026-05-12 07:16:23.000","32","0","0","0","278","278","","497","","","","","","","","2026-05-12 07:16:23.000","2026-05-12 07:16:23.000","32","0","0","0","278","0","0","NaN"
"400019971","ca0c0d89-614d-4358-b31f-2cb27a29cf5f","1","DISCHARGE_TO_HOME_AND_GRID","1","discharge","2026-05-12 07:16:23.000","41","2","0","0","297","2026-05-12 07:16:23.000","41","2","0","0","297","297","","498","","","","","","","","2026-05-12 07:16:23.000","2026-05-12 07:16:23.000","41","2","0","0","297","0","0","NaN"
"400019966","ca0c0d89-614d-4358-b31f-2cb27a29cf5f","1","DISCHARGE_TO_HOME_AND_GRID","1","discharge","2026-05-12 07:16:23.000","55","14","2","0","17","2026-05-12 07:16:23.000","55","14","2","0","17","17","","499","","","","","","","","2026-05-12 07:16:23.000","2026-05-12 07:16:23.000","55","14","2","0","17","0","0","NaN"
"400019959","ca0c0d89-614d-4358-b31f-2cb27a29cf5f","1","DISCHARGE_TO_HOME_AND_GRID","1","discharge","2026-05-12 07:16:23.000","132","0","14","13","667","2026-05-12 07:16:23.000","132","0","14","13","667","667","","500","","","","","","","","2026-05-12 07:16:23.000","2026-05-12 07:16:23.000","132","0","14","13","667","0","0","NaN"
"400019941","ca0c0d89-614d-4358-b31f-2cb27a29cf5f","1","DISCHARGE_TO_HOME_AND_GRID","1","discharge","2026-05-12 07:16:23.000","49","1","1","0","554","2026-05-12 07:16:23.000","49","1","1","0","554","554","","501","","","","","","","","2026-05-12 07:16:23.000","2026-05-12 07:16:23.000","49","1","1","0","554","0","0","NaN"
"400019922","ca0c0d89-614d-4358-b31f-2cb27a29cf5f","1","DISCHARGE_TO_HOME_AND_GRID","1","discharge","2026-05-12 07:16:23.000","270","0","26","26","1,361","2026-05-12 07:16:23.000","270","0","26","26","1,361","1,361","","502","","","","","","","","2026-05-12 07:16:23.000","2026-05-12 07:16:23.000","270","0","26","26","1,361","0","0","NaN"
"400019913","ca0c0d89-614d-4358-b31f-2cb27a29cf5f","1","DISCHARGE_TO_HOME_AND_GRID","1","discharge","2026-05-12 07:16:22.000","78","0","8","0","","2026-05-12 07:16:22.000","78","0","8","0","","0","","503","","","","","","","","2026-05-12 07:16:22.000","2026-05-12 07:16:22.000","78","0","8","0","","0","0",""
"400019869","ca0c0d89-614d-4358-b31f-2cb27a29cf5f","1","DISCHARGE_TO_HOME_AND_GRID","1","discharge","2026-05-12 07:16:23.000","6","0","100","0","0","2026-05-12 07:16:23.000","6","0","100","0","0","0","","504","","","","","","","","2026-05-12 07:16:23.000","2026-05-12 07:16:23.000","6","0","100","0","0","0","0","NaN"
"400019855","ca0c0d89-614d-4358-b31f-2cb27a29cf5f","1","DISCHARGE_TO_HOME_AND_GRID","1","discharge","2026-05-12 07:16:23.000","3","0","72","0","0","2026-05-12 07:16:23.000","3","0","72","0","0","0","","505","","","","","","","","2026-05-12 07:16:23.000","2026-05-12 07:16:23.000","3","0","72","0","0","0","0","NaN"
"400019845","ca0c0d89-614d-4358-b31f-2cb27a29cf5f","1","DISCHARGE_TO_HOME_AND_GRID","1","discharge","2026-05-12 07:16:23.000","162","0","2","0","639","2026-05-12 07:16:23.000","162","0","2","0","639","639","","506","","","","","","","","2026-05-12 07:16:23.000","2026-05-12 07:16:23.000","162","0","2","0","639","0","0","NaN"
"400019756","ca0c0d89-614d-4358-b31f-2cb27a29cf5f","1","DISCHARGE_TO_HOME_AND_GRID","1","discharge","2026-05-12 07:16:22.000","90","0","5","0","","2026-05-12 07:16:22.000","90","0","5","0","","0","","507","","","","","","","","2026-05-12 07:16:22.000","2026-05-12 07:16:22.000","90","0","5","0","","0","0",""
"400019657","ca0c0d89-614d-4358-b31f-2cb27a29cf5f","1","DISCHARGE_TO_HOME_AND_GRID","1","discharge","2026-05-12 07:17:11.000","202","0","291","0","5,000","2026-05-12 07:17:11.000","202","0","291","0","5,000","5,000","","508","","","","","","","","2026-05-12 07:17:11.000","2026-05-12 07:17:11.000","202","0","291","0","5,000","0","0","NaN"
"400019535","ca0c0d89-614d-4358-b31f-2cb27a29cf5f","1","DISCHARGE_TO_HOME_AND_GRID","1","discharge","2026-05-12 07:16:22.000","142","0","7","0","","2026-05-12 07:16:22.000","142","0","7","0","","0","","509","","","","","","","","2026-05-12 07:16:22.000","2026-05-12 07:16:22.000","142","0","7","0","","0","0",""
"400019469","ca0c0d89-614d-4358-b31f-2cb27a29cf5f","1","DISCHARGE_TO_HOME_AND_GRID","1","discharge","2026-05-12 07:15:57.000","0","0","0","0","442","2026-05-12 08:10:08.000","5,500","0","100","5,100","0","53,987","","510","2026-05-12 08:15:17.000","5,500","0","100","5,100","0","","2026-05-12 07:15:57.000","2026-05-12 08:15:17.000","5,500","0","100","5,100","0","3,560","3,560","0"
"400019469","ca0c0d89-614d-4358-b31f-2cb27a29cf5f","2","STOPDISPATCHCOMMANDDTO","2","stop","2026-05-12 08:15:17.000","5,500","0","100","5,100","0","2026-05-12 08:15:17.000","5,500","0","100","5,100","0","0","","511","","","","","","","0","2026-05-12 08:15:17.000","2026-05-12 08:15:17.000","0","0","0","0","0","0","3,560","NaN"
"400019466","ca0c0d89-614d-4358-b31f-2cb27a29cf5f","1","DISCHARGE_TO_HOME_AND_GRID","1","discharge","2026-05-12 07:15:57.000","100","0","0","0","719","2026-05-12 08:10:08.000","4,100","0","500","3,200","0","40,535","","512","2026-05-12 08:15:17.000","4,100","0","500","3,200","0","","2026-05-12 07:15:57.000","2026-05-12 08:15:17.000","4,100","0","500","3,200","0","3,560","3,560","0"
"400019466","ca0c0d89-614d-4358-b31f-2cb27a29cf5f","2","STOPDISPATCHCOMMANDDTO","2","stop","2026-05-12 08:15:17.000","4,100","0","500","3,200","0","2026-05-12 08:15:17.000","4,100","0","500","3,200","0","0","","513","","","","","","","0","2026-05-12 08:15:17.000","2026-05-12 08:15:17.000","0","0","0","0","0","0","3,560","NaN"
"400019463","ca0c0d89-614d-4358-b31f-2cb27a29cf5f","1","DISCHARGE_TO_HOME_AND_GRID","1","discharge","2026-05-12 07:15:57.000","0","0","0","0","0","2026-05-12 08:10:08.000","0","0","0","0","0","0","","514","2026-05-12 08:15:17.000","0","0","0","0","0","","2026-05-12 07:15:57.000","2026-05-12 08:15:17.000","0","0","0","0","0","3,560","3,560","0"
"400019463","ca0c0d89-614d-4358-b31f-2cb27a29cf5f","2","STOPDISPATCHCOMMANDDTO","2","stop","2026-05-12 08:15:17.000","0","0","0","0","0","2026-05-12 08:15:17.000","0","0","0","0","0","0","","515","","","","","","","0","2026-05-12 08:15:17.000","2026-05-12 08:15:17.000","0","0","0","0","0","0","3,560","NaN"
"400019446","ca0c0d89-614d-4358-b31f-2cb27a29cf5f","1","DISCHARGE_TO_HOME_AND_GRID","1","discharge","2026-05-12 07:15:57.000","0","0","0","0","387","2026-05-12 08:10:08.000","3,700","0","0","3,200","299","33,851","","516","2026-05-12 08:15:17.000","3,700","0","0","3,200","294","","2026-05-12 07:15:57.000","2026-05-12 08:15:17.000","3,700","0","0","3,200","294","3,560","3,560","294"
"400019446","ca0c0d89-614d-4358-b31f-2cb27a29cf5f","2","STOPDISPATCHCOMMANDDTO","2","stop","2026-05-12 08:15:17.000","3,700","0","0","3,200","294","2026-05-12 08:15:17.000","3,700","0","0","3,200","294","294","","517","","","","","","","299","2026-05-12 08:15:17.000","2026-05-12 08:15:17.000","0","0","0","0","0","0","3,560","-∞"
"400019425","ca0c0d89-614d-4358-b31f-2cb27a29cf5f","1","DISCHARGE_TO_HOME_AND_GRID","1","discharge","2026-05-12 07:15:57.000","100","0","100","0","594","2026-05-12 08:10:08.000","6,800","0","100","6,000","0","72,904","","518","2026-05-12 08:15:17.000","6,800","0","100","6,000","0","","2026-05-12 07:15:57.000","2026-05-12 08:15:17.000","6,800","0","100","6,000","0","3,560","3,560","0"
"400019425","ca0c0d89-614d-4358-b31f-2cb27a29cf5f","2","STOPDISPATCHCOMMANDDTO","2","stop","2026-05-12 08:15:17.000","6,800","0","100","6,000","0","2026-05-12 08:15:17.000","6,800","0","100","6,000","0","0","","519","","","","","","","0","2026-05-12 08:15:17.000","2026-05-12 08:15:17.000","0","0","0","0","0","0","3,560","NaN"
"400019421","ca0c0d89-614d-4358-b31f-2cb27a29cf5f","1","DISCHARGE_TO_HOME_AND_GRID","1","discharge","2026-05-12 07:15:57.000","0","0","100","0","0","2026-05-12 08:10:08.000","0","0","600","0","0","0","","520","2026-05-12 08:15:17.000","0","0","600","0","0","","2026-05-12 07:15:57.000","2026-05-12 08:15:17.000","0","0","600","0","0","3,560","3,560","0"
"400019421","ca0c0d89-614d-4358-b31f-2cb27a29cf5f","2","STOPDISPATCHCOMMANDDTO","2","stop","2026-05-12 08:15:17.000","0","0","600","0","0","2026-05-12 08:15:17.000","0","0","600","0","0","0","","521","","","","","","","0","2026-05-12 08:15:17.000","2026-05-12 08:15:17.000","0","0","0","0","0","0","3,560","NaN"
"400019420","ca0c0d89-614d-4358-b31f-2cb27a29cf5f","1","DISCHARGE_TO_HOME_AND_GRID","1","discharge","2026-05-12 07:15:57.000","0","0","0","0","0","2026-05-12 08:10:08.000","0","0","900","0","0","0","","522","2026-05-12 08:15:18.000","0","0","900","0","0","","2026-05-12 07:15:57.000","2026-05-12 08:15:18.000","0","0","900","0","0","3,561","3,561","0"
"400019420","ca0c0d89-614d-4358-b31f-2cb27a29cf5f","2","STOPDISPATCHCOMMANDDTO","2","stop","2026-05-12 08:15:18.000","0","0","900","0","0","2026-05-12 08:15:18.000","0","0","900","0","0","0","","523","","","","","","","0","2026-05-12 08:15:18.000","2026-05-12 08:15:18.000","0","0","0","0","0","0","3,561","NaN"
"400019419","ca0c0d89-614d-4358-b31f-2cb27a29cf5f","1","DISCHARGE_TO_HOME_AND_GRID","1","discharge","2026-05-12 07:15:58.000","0","0","100","0","0","2026-05-12 08:10:09.000","0","0","400","0","0","0","","524","2026-05-12 08:15:17.000","0","0","500","0","0","","2026-05-12 07:15:58.000","2026-05-12 08:15:17.000","0","0","500","0","0","3,559","3,559","0"
"400019419","ca0c0d89-614d-4358-b31f-2cb27a29cf5f","2","STOPDISPATCHCOMMANDDTO","2","stop","2026-05-12 08:15:17.000","0","0","500","0","0","2026-05-12 08:15:17.000","0","0","500","0","0","0","","525","","","","","","","0","2026-05-12 08:15:17.000","2026-05-12 08:15:17.000","0","0","0","0","0","0","3,559","NaN"
"400019418","ca0c0d89-614d-4358-b31f-2cb27a29cf5f","1","DISCHARGE_TO_HOME_AND_GRID","1","discharge","2026-05-12 07:15:57.000","0","0","100","0","0","2026-05-12 08:10:08.000","0","0","1,500","0","0","0","","526","2026-05-12 08:15:17.000","0","0","1,700","0","0","","2026-05-12 07:15:57.000","2026-05-12 08:15:17.000","0","0","1,700","0","0","3,560","3,560","0"
"400019418","ca0c0d89-614d-4358-b31f-2cb27a29cf5f","2","STOPDISPATCHCOMMANDDTO","2","stop","2026-05-12 08:15:17.000","0","0","1,700","0","0","2026-05-12 08:15:17.000","0","0","1,700","0","0","0","","527","","","","","","","0","2026-05-12 08:15:17.000","2026-05-12 08:15:17.000","0","0","0","0","0","0","3,560","NaN"
"400019417","ca0c0d89-614d-4358-b31f-2cb27a29cf5f","1","DISCHARGE_TO_HOME_AND_GRID","1","discharge","2026-05-12 07:15:57.000","0","0","0","0","232","2026-05-12 08:10:08.000","100","0","0","0","229","2,431","","528","2026-05-12 08:15:17.000","200","0","0","0","225","","2026-05-12 07:15:57.000","2026-05-12 08:15:17.000","200","0","0","0","225","3,560","3,560","225"
"400019417","ca0c0d89-614d-4358-b31f-2cb27a29cf5f","2","STOPDISPATCHCOMMANDDTO","2","stop","2026-05-12 08:15:17.000","200","0","0","0","225","2026-05-12 08:15:17.000","200","0","0","0","225","225","","529","","","","","","","229","2026-05-12 08:15:17.000","2026-05-12 08:15:17.000","0","0","0","0","0","0","3,560","-∞"
"400019416","ca0c0d89-614d-4358-b31f-2cb27a29cf5f","1","DISCHARGE_TO_HOME_AND_GRID","1","discharge","2026-05-12 07:15:57.000","","","","","","2026-05-12 08:10:08.000","6,200","0","0","5,700","0","64,094","","530","2026-05-12 08:15:17.000","6,200","0","0","5,700","0","","2026-05-12 07:15:57.000","2026-05-12 08:15:17.000","6,200","0","0","5,700","0","3,560","3,560","0"
"400019416","ca0c0d89-614d-4358-b31f-2cb27a29cf5f","2","STOPDISPATCHCOMMANDDTO","2","stop","2026-05-12 08:15:17.000","6,200","0","0","5,700","0","2026-05-12 08:15:17.000","6,200","0","0","5,700","0","0","","531","","","","","","","0","2026-05-12 08:15:17.000","2026-05-12 08:15:17.000","0","0","0","0","0","0","3,560","NaN"
"400019415","ca0c0d89-614d-4358-b31f-2cb27a29cf5f","1","DISCHARGE_TO_HOME_AND_GRID","1","discharge","2026-05-12 07:15:57.000","","","","","","2026-05-12 08:10:08.000","0","0","100","0","0","0","","532","2026-05-12 08:15:17.000","0","0","100","0","0","","2026-05-12 07:15:57.000","2026-05-12 08:15:17.000","0","0","100","0","0","3,560","3,560","0"
"400019415","ca0c0d89-614d-4358-b31f-2cb27a29cf5f","2","STOPDISPATCHCOMMANDDTO","2","stop","2026-05-12 08:15:17.000","0","0","100","0","0","2026-05-12 08:15:17.000","0","0","100","0","0","0","","533","","","","","","","0","2026-05-12 08:15:17.000","2026-05-12 08:15:17.000","0","0","0","0","0","0","3,560","NaN"
"400019414","ca0c0d89-614d-4358-b31f-2cb27a29cf5f","1","DISCHARGE_TO_HOME_AND_GRID","1","discharge","2026-05-12 07:15:59.000","","","","","","2026-05-12 08:10:09.000","5,700","0","0","10,800","7,859","63,364","","534","2026-05-12 08:15:20.000","5,700","0","0","10,800","7,859","","2026-05-12 07:15:59.000","2026-05-12 08:15:20.000","5,700","0","0","10,800","7,859","3,561","3,561","7,859"
"400019414","ca0c0d89-614d-4358-b31f-2cb27a29cf5f","2","STOPDISPATCHCOMMANDDTO","2","stop","2026-05-12 08:15:20.000","5,700","0","0","10,800","7,859","2026-05-12 08:15:20.000","5,700","0","0","10,800","7,859","7,859","","535","","","","","","","7,859","2026-05-12 08:15:20.000","2026-05-12 08:15:20.000","0","0","0","0","0","0","3,561","-∞"
"400019347","ca0c0d89-614d-4358-b31f-2cb27a29cf5f","1","DISCHARGE_TO_HOME_AND_GRID","1","discharge","2026-05-12 07:16:23.000","73","0","6","6.6875","768","2026-05-12 07:16:23.000","73","0","6","6.6875","768","768","","536","","","","","","","","2026-05-12 07:16:23.000","2026-05-12 07:16:23.000","73","0","6","6.6875","768","0","0","NaN"
"400019336","ca0c0d89-614d-4358-b31f-2cb27a29cf5f","1","DISCHARGE_TO_HOME_AND_GRID","1","discharge","2026-05-12 07:16:23.000","6","0","84","0","0","2026-05-12 07:16:23.000","6","0","84","0","0","0","","537","","","","","","","","2026-05-12 07:16:23.000","2026-05-12 07:16:23.000","6","0","84","0","0","0","0","NaN"
"400019323","ca0c0d89-614d-4358-b31f-2cb27a29cf5f","1","DISCHARGE_TO_HOME_AND_GRID","1","discharge","2026-05-12 07:16:23.000","104","0","2","0","524","2026-05-12 07:16:23.000","104","0","2","0","524","524","","538","","","","","","","","2026-05-12 07:16:23.000","2026-05-12 07:16:23.000","104","0","2","0","524","0","0","NaN"
"400019292","ca0c0d89-614d-4358-b31f-2cb27a29cf5f","1","DISCHARGE_TO_HOME_AND_GRID","1","discharge","2026-05-12 07:16:23.000","128","0","2","0","691","2026-05-12 07:16:23.000","128","0","2","0","691","691","","539","","","","","","","","2026-05-12 07:16:23.000","2026-05-12 07:16:23.000","128","0","2","0","691","0","0","NaN"
"400019285","ca0c0d89-614d-4358-b31f-2cb27a29cf5f","1","DISCHARGE_TO_HOME_AND_GRID","1","discharge","2026-05-12 07:16:23.000","66","4","0","0","261","2026-05-12 07:16:23.000","66","4","0","0","261","261","","540","","","","","","","","2026-05-12 07:16:23.000","2026-05-12 07:16:23.000","66","4","0","0","261","0","0","NaN"
"400019001","ca0c0d89-614d-4358-b31f-2cb27a29cf5f","1","DISCHARGE_TO_HOME_AND_GRID","1","discharge","2026-05-12 07:15:57.000","0","0","100","0","0","2026-05-12 08:10:08.000","0","0","1,100","0","0","0","","541","2026-05-12 08:15:17.000","0","0","1,300","0","0","","2026-05-12 07:15:57.000","2026-05-12 08:15:17.000","0","0","1,300","0","0","3,560","3,560","0"
"400019001","ca0c0d89-614d-4358-b31f-2cb27a29cf5f","2","STOPDISPATCHCOMMANDDTO","2","stop","2026-05-12 08:15:17.000","0","0","1,300","0","0","2026-05-12 08:15:17.000","0","0","1,300","0","0","0","","542","","","","","","","0","2026-05-12 08:15:17.000","2026-05-12 08:15:17.000","0","0","0","0","0","0","3,560","NaN"
"400018963","ca0c0d89-614d-4358-b31f-2cb27a29cf5f","1","DISCHARGE_TO_HOME_AND_GRID","1","discharge","2026-05-12 07:17:11.000","36","0","0","27","3,782","2026-05-12 07:17:11.000","36","0","0","27","3,782","3,782","","543","","","","","","","","2026-05-12 07:17:11.000","2026-05-12 07:17:11.000","36","0","0","27","3,782","0","0","NaN"
"400018934","ca0c0d89-614d-4358-b31f-2cb27a29cf5f","1","DISCHARGE_TO_HOME_AND_GRID","1","discharge","2026-05-12 07:16:23.000","4","0","96","0","0","2026-05-12 07:16:23.000","4","0","96","0","0","0","","544","","","","","","","","2026-05-12 07:16:23.000","2026-05-12 07:16:23.000","4","0","96","0","0","0","0","NaN"
"400018676","ca0c0d89-614d-4358-b31f-2cb27a29cf5f","1","DISCHARGE_TO_HOME_AND_GRID","1","discharge","2026-05-12 07:15:57.000","500","0","0","0","6,045","2026-05-12 08:10:08.000","2,800","0","6,100","800","0","21,934","","545","2026-05-12 08:15:17.000","2,800","0","7,000","800","0","","2026-05-12 07:15:57.000","2026-05-12 08:15:17.000","2,800","0","7,000","800","0","3,560","3,560","0"
"400018676","ca0c0d89-614d-4358-b31f-2cb27a29cf5f","2","STOPDISPATCHCOMMANDDTO","2","stop","2026-05-12 08:15:17.000","2,800","0","7,000","800","0","2026-05-12 08:15:17.000","2,800","0","7,000","800","0","0","","546","","","","","","","0","2026-05-12 08:15:17.000","2026-05-12 08:15:17.000","0","0","0","0","0","0","3,560","NaN"
"400018619","ca0c0d89-614d-4358-b31f-2cb27a29cf5f","1","DISCHARGE_TO_HOME_AND_GRID","1","discharge","2026-05-12 07:16:23.000","2","0","16","0","0","2026-05-12 07:16:23.000","2","0","16","0","0","0","","547","","","","","","","","2026-05-12 07:16:23.000","2026-05-12 07:16:23.000","2","0","16","0","0","0","0","NaN"
"400018545","ca0c0d89-614d-4358-b31f-2cb27a29cf5f","1","DISCHARGE_TO_HOME_AND_GRID","1","discharge","2026-05-12 07:16:22.000","73","0","4","0","","2026-05-12 07:16:22.000","73","0","4","0","","0","","548","","","","","","","","2026-05-12 07:16:22.000","2026-05-12 07:16:22.000","73","0","4","0","","0","0",""
"400017963","ca0c0d89-614d-4358-b31f-2cb27a29cf5f","1","DISCHARGE_TO_HOME_AND_GRID","1","discharge","2026-05-12 07:17:11.000","0","0","120","0","0","2026-05-12 07:17:11.000","0","0","120","0","0","0","","549","","","","","","","","2026-05-12 07:17:11.000","2026-05-12 07:17:11.000","0","0","120","0","0","0","0","NaN"
"400017756","ca0c0d89-614d-4358-b31f-2cb27a29cf5f","1","DISCHARGE_TO_HOME_AND_GRID","1","discharge","2026-05-12 07:16:22.000","","","","","","2026-05-12 07:16:22.000","","","","","","0","","550","","","","","","","","2026-05-12 07:16:22.000","2026-05-12 07:16:22.000","","","","","","0","0",""
"400017513","ca0c0d89-614d-4358-b31f-2cb27a29cf5f","1","DISCHARGE_TO_HOME_AND_GRID","1","discharge","2026-05-12 07:17:11.000","0","0","59","0","0","2026-05-12 07:17:11.000","0","0","59","0","0","0","","551","","","","","","","","2026-05-12 07:17:11.000","2026-05-12 07:17:11.000","0","0","59","0","0","0","0","NaN"
"400017374","ca0c0d89-614d-4358-b31f-2cb27a29cf5f","1","DISCHARGE_TO_HOME_AND_GRID","1","discharge","2026-05-12 07:17:11.000","27","0","35","17","0","2026-05-12 07:17:11.000","27","0","35","17","0","0","","552","","","","","","","","2026-05-12 07:17:11.000","2026-05-12 07:17:11.000","27","0","35","17","0","0","0","NaN"
"400017297","ca0c0d89-614d-4358-b31f-2cb27a29cf5f","1","DISCHARGE_TO_HOME_AND_GRID","1","discharge","2026-05-12 07:16:22.000","117","0","10","0","","2026-05-12 07:16:22.000","117","0","10","0","","0","","553","","","","","","","","2026-05-12 07:16:22.000","2026-05-12 07:16:22.000","117","0","10","0","","0","0",""
"400017276","ca0c0d89-614d-4358-b31f-2cb27a29cf5f","1","DISCHARGE_TO_HOME_AND_GRID","1","discharge","2026-05-12 07:17:50.000","0","0","2","0","171","2026-05-12 07:17:50.000","0","0","2","0","171","171","","554","","","","","","","","2026-05-12 07:17:50.000","2026-05-12 07:17:50.000","0","0","2","0","171","0","0","NaN"
"400017271","ca0c0d89-614d-4358-b31f-2cb27a29cf5f","1","DISCHARGE_TO_HOME_AND_GRID","1","discharge","2026-05-12 07:15:57.000","0","0","100","0","0","2026-05-12 08:10:08.000","0","0","400","0","0","0","","555","2026-05-12 08:15:17.000","0","0","500","0","0","","2026-05-12 07:15:57.000","2026-05-12 08:15:17.000","0","0","500","0","0","3,560","3,560","0"
"400017271","ca0c0d89-614d-4358-b31f-2cb27a29cf5f","2","STOPDISPATCHCOMMANDDTO","2","stop","2026-05-12 08:15:17.000","0","0","500","0","0","2026-05-12 08:15:17.000","0","0","500","0","0","0","","556","","","","","","","0","2026-05-12 08:15:17.000","2026-05-12 08:15:17.000","0","0","0","0","0","0","3,560","NaN"
"400017252","ca0c0d89-614d-4358-b31f-2cb27a29cf5f","1","DISCHARGE_TO_HOME_AND_GRID","1","discharge","2026-05-12 07:16:22.000","0","0","1,892","0","","2026-05-12 07:16:22.000","0","0","1,892","0","","0","","557","","","","","","","","2026-05-12 07:16:22.000","2026-05-12 07:16:22.000","0","0","1,892","0","","0","0",""
"400017096","ca0c0d89-614d-4358-b31f-2cb27a29cf5f","1","DISCHARGE_TO_HOME_AND_GRID","1","discharge","2026-05-12 07:17:11.000","0","0","0","0","528","2026-05-12 07:17:11.000","0","0","0","0","528","528","","558","","","","","","","","2026-05-12 07:17:11.000","2026-05-12 07:17:11.000","0","0","0","0","528","0","0","NaN"
"400016996","ca0c0d89-614d-4358-b31f-2cb27a29cf5f","1","DISCHARGE_TO_HOME_AND_GRID","1","discharge","2026-05-12 07:17:50.000","0","0","5","4","249.00002","2026-05-12 07:17:50.000","0","0","5","4","249.00002","249.00002","","559","","","","","","","","2026-05-12 07:17:50.000","2026-05-12 07:17:50.000","0","0","5","4","249.00002","0","0","NaN"
"400016981","ca0c0d89-614d-4358-b31f-2cb27a29cf5f","1","DISCHARGE_TO_HOME_AND_GRID","1","discharge","2026-05-12 07:17:11.000","0","0","0","0","","2026-05-12 07:17:11.000","0","0","0","0","","0","","560","","","","","","","","2026-05-12 07:17:11.000","2026-05-12 07:17:11.000","0","0","0","0","","0","0",""
"400016851","ca0c0d89-614d-4358-b31f-2cb27a29cf5f","1","DISCHARGE_TO_HOME_AND_GRID","1","discharge","2026-05-12 07:16:02.000","","","","","","2026-05-12 08:10:13.000","","","","","","0","","561","2026-05-12 08:15:22.000","","","","","","","2026-05-12 07:16:02.000","2026-05-12 08:15:22.000","","","","","","3,560","3,560",""
"400016851","ca0c0d89-614d-4358-b31f-2cb27a29cf5f","2","STOPDISPATCHCOMMANDDTO","2","stop","2026-05-12 08:15:22.000","","","","","","2026-05-12 08:15:22.000","","","","","","0","","562","","","","","","","","2026-05-12 08:15:22.000","2026-05-12 08:15:22.000","","","","","","0","3,560",""
"400016841","ca0c0d89-614d-4358-b31f-2cb27a29cf5f","1","DISCHARGE_TO_HOME_AND_GRID","1","discharge","2026-05-12 07:16:23.000","10","2","0","0","-26","2026-05-12 07:16:23.000","10","2","0","0","-26","-26","","563","","","","","","","","2026-05-12 07:16:23.000","2026-05-12 07:16:23.000","10","2","0","0","-26","0","0","NaN"
"400016815","ca0c0d89-614d-4358-b31f-2cb27a29cf5f","1","DISCHARGE_TO_HOME_AND_GRID","1","discharge","2026-05-12 07:17:40.000","0","0","20","0","","2026-05-12 07:17:40.000","0","0","20","0","","0","","564","","","","","","","","2026-05-12 07:17:40.000","2026-05-12 07:17:40.000","0","0","20","0","","0","0",""
"400016749","ca0c0d89-614d-4358-b31f-2cb27a29cf5f","1","DISCHARGE_TO_HOME_AND_GRID","1","discharge","2026-05-12 07:17:30.000","0","0","0","0","382","2026-05-12 07:17:30.000","0","0","0","0","382","382","","565","","","","","","","","2026-05-12 07:17:30.000","2026-05-12 07:17:30.000","0","0","0","0","382","0","0","NaN"
"400016670","ca0c0d89-614d-4358-b31f-2cb27a29cf5f","1","DISCHARGE_TO_HOME_AND_GRID","1","discharge","2026-05-12 07:17:11.000","0","0","118","0","0","2026-05-12 07:17:11.000","0","0","118","0","0","0","","566","","","","","","","","2026-05-12 07:17:11.000","2026-05-12 07:17:11.000","0","0","118","0","0","0","0","NaN"
"400016656","ca0c0d89-614d-4358-b31f-2cb27a29cf5f","1","DISCHARGE_TO_HOME_AND_GRID","1","discharge","2026-05-12 07:17:20.000","211","0","52","138","5,999","2026-05-12 07:17:20.000","211","0","52","138","5,999","5,999","","567","","","","","","","","2026-05-12 07:17:20.000","2026-05-12 07:17:20.000","211","0","52","138","5,999","0","0","NaN"
"400016579","ca0c0d89-614d-4358-b31f-2cb27a29cf5f","1","DISCHARGE_TO_HOME_AND_GRID","1","discharge","2026-05-12 07:17:11.000","0","0","30","0","34","2026-05-12 07:17:11.000","0","0","30","0","34","34","","568","","","","","","","","2026-05-12 07:17:11.000","2026-05-12 07:17:11.000","0","0","30","0","34","0","0","NaN"
"400016509","ca0c0d89-614d-4358-b31f-2cb27a29cf5f","1","DISCHARGE_TO_HOME_AND_GRID","1","discharge","2026-05-12 07:16:22.000","0","0","351","0","","2026-05-12 07:16:22.000","0","0","351","0","","0","","569","","","","","","","","2026-05-12 07:16:22.000","2026-05-12 07:16:22.000","0","0","351","0","","0","0",""
"400016451","ca0c0d89-614d-4358-b31f-2cb27a29cf5f","1","DISCHARGE_TO_HOME_AND_GRID","1","discharge","2026-05-12 07:17:20.000","124","0","1","93","4,999","2026-05-12 07:17:20.000","124","0","1","93","4,999","4,999","","570","","","","","","","","2026-05-12 07:17:20.000","2026-05-12 07:17:20.000","124","0","1","93","4,999","0","0","NaN"
"400016441","ca0c0d89-614d-4358-b31f-2cb27a29cf5f","1","DISCHARGE_TO_HOME_AND_GRID","1","discharge","2026-05-12 07:16:22.000","45","0","238","0","","2026-05-12 07:16:22.000","45","0","238","0","","0","","571","","","","","","","","2026-05-12 07:16:22.000","2026-05-12 07:16:22.000","45","0","238","0","","0","0",""
"400016417","ca0c0d89-614d-4358-b31f-2cb27a29cf5f","1","DISCHARGE_TO_HOME_AND_GRID","1","discharge","2026-05-12 07:17:11.000","10","0","0","2","3,755","2026-05-12 07:17:11.000","10","0","0","2","3,755","3,755","","572","","","","","","","","2026-05-12 07:17:11.000","2026-05-12 07:17:11.000","10","0","0","2","3,755","0","0","NaN"
"400016411","ca0c0d89-614d-4358-b31f-2cb27a29cf5f","1","DISCHARGE_TO_HOME_AND_GRID","1","discharge","2026-05-12 07:17:11.000","163","0","0","161","3,798","2026-05-12 07:17:11.000","163","0","0","161","3,798","3,798","","573","","","","","","","","2026-05-12 07:17:11.000","2026-05-12 07:17:11.000","163","0","0","161","3,798","0","0","NaN"
"400015911","ca0c0d89-614d-4358-b31f-2cb27a29cf5f","1","DISCHARGE_TO_HOME_AND_GRID","1","discharge","2026-05-12 07:17:11.000","47","0","0","45","3,799","2026-05-12 07:17:11.000","47","0","0","45","3,799","3,799","","574","","","","","","","","2026-05-12 07:17:11.000","2026-05-12 07:17:11.000","47","0","0","45","3,799","0","0","NaN"
"400015827","ca0c0d89-614d-4358-b31f-2cb27a29cf5f","1","DISCHARGE_TO_HOME_AND_GRID","1","discharge","2026-05-12 07:16:23.000","0","0","0","0","0","2026-05-12 07:16:23.000","0","0","0","0","0","0","","575","","","","","","","","2026-05-12 07:16:23.000","2026-05-12 07:16:23.000","0","0","0","0","0","0","0","NaN"
"400015163","ca0c0d89-614d-4358-b31f-2cb27a29cf5f","1","DISCHARGE_TO_HOME_AND_GRID","1","discharge","2026-05-12 07:16:23.000","82","4","0","0","349","2026-05-12 07:16:23.000","82","4","0","0","349","349","","576","","","","","","","","2026-05-12 07:16:23.000","2026-05-12 07:16:23.000","82","4","0","0","349","0","0","NaN"
"400014377","ca0c0d89-614d-4358-b31f-2cb27a29cf5f","1","DISCHARGE_TO_HOME_AND_GRID","1","discharge","2026-05-12 07:17:30.000","8","0","0","7","3,800","2026-05-12 07:17:30.000","8","0","0","7","3,800","3,800","","577","","","","","","","","2026-05-12 07:17:30.000","2026-05-12 07:17:30.000","8","0","0","7","3,800","0","0","NaN"
"400014361","ca0c0d89-614d-4358-b31f-2cb27a29cf5f","1","DISCHARGE_TO_HOME_AND_GRID","1","discharge","2026-05-12 07:17:20.000","0","0","98","0","0","2026-05-12 07:17:20.000","0","0","98","0","0","0","","578","","","","","","","","2026-05-12 07:17:20.000","2026-05-12 07:17:20.000","0","0","98","0","0","0","0","NaN"
"400014333","ca0c0d89-614d-4358-b31f-2cb27a29cf5f","1","DISCHARGE_TO_HOME_AND_GRID","1","discharge","2026-05-12 07:16:22.000","0","0","131","0","","2026-05-12 07:16:22.000","0","0","131","0","","0","","579","","","","","","","","2026-05-12 07:16:22.000","2026-05-12 07:16:22.000","0","0","131","0","","0","0",""
"400014200","ca0c0d89-614d-4358-b31f-2cb27a29cf5f","1","DISCHARGE_TO_HOME_AND_GRID","1","discharge","2026-05-12 07:16:22.000","52","0","5","0","","2026-05-12 07:16:22.000","52","0","5","0","","0","","580","","","","","","","","2026-05-12 07:16:22.000","2026-05-12 07:16:22.000","52","0","5","0","","0","0",""
"400014199","ca0c0d89-614d-4358-b31f-2cb27a29cf5f","1","DISCHARGE_TO_HOME_AND_GRID","1","discharge","2026-05-12 07:16:22.000","46","0","6","0","","2026-05-12 07:16:22.000","46","0","6","0","","0","","581","","","","","","","","2026-05-12 07:16:22.000","2026-05-12 07:16:22.000","46","0","6","0","","0","0",""
"400014184","ca0c0d89-614d-4358-b31f-2cb27a29cf5f","1","DISCHARGE_TO_HOME_AND_GRID","1","discharge","2026-05-12 07:16:22.000","0","0","211","0","","2026-05-12 07:16:22.000","0","0","211","0","","0","","582","","","","","","","","2026-05-12 07:16:22.000","2026-05-12 07:16:22.000","0","0","211","0","","0","0",""
"400013599","ca0c0d89-614d-4358-b31f-2cb27a29cf5f","1","DISCHARGE_TO_HOME_AND_GRID","1","discharge","2026-05-12 07:17:11.000","0","0","0","1","327","2026-05-12 07:17:11.000","0","0","0","1","327","327","","583","","","","","","","","2026-05-12 07:17:11.000","2026-05-12 07:17:11.000","0","0","0","1","327","0","0","NaN"
"400013142","ca0c0d89-614d-4358-b31f-2cb27a29cf5f","1","DISCHARGE_TO_HOME_AND_GRID","1","discharge","2026-05-12 07:15:57.000","0","0","100","0","0","2026-05-12 08:10:08.000","0","0","400","0","0","0","","584","2026-05-12 08:15:17.000","0","0","400","0","0","","2026-05-12 07:15:57.000","2026-05-12 08:15:17.000","0","0","400","0","0","3,560","3,560","0"
"400013142","ca0c0d89-614d-4358-b31f-2cb27a29cf5f","2","STOPDISPATCHCOMMANDDTO","2","stop","2026-05-12 08:15:17.000","0","0","400","0","0","2026-05-12 08:15:17.000","0","0","400","0","0","0","","585","","","","","","","0","2026-05-12 08:15:17.000","2026-05-12 08:15:17.000","0","0","0","0","0","0","3,560","NaN"
"400012793","ca0c0d89-614d-4358-b31f-2cb27a29cf5f","1","DISCHARGE_TO_HOME_AND_GRID","1","discharge","2026-05-12 07:16:22.000","","","","","","2026-05-12 07:16:22.000","","","","","","0","","586","","","","","","","","2026-05-12 07:16:22.000","2026-05-12 07:16:22.000","","","","","","0","0",""
"400012724","ca0c0d89-614d-4358-b31f-2cb27a29cf5f","1","DISCHARGE_TO_HOME_AND_GRID","1","discharge","2026-05-12 07:17:10.000","0","0","51","0","-1,000","2026-05-12 07:17:10.000","0","0","51","0","-1,000","-1,000","","587","","","","","","","","2026-05-12 07:17:10.000","2026-05-12 07:17:10.000","0","0","51","0","-1,000","0","0","NaN"
"400012715","ca0c0d89-614d-4358-b31f-2cb27a29cf5f","1","DISCHARGE_TO_HOME_AND_GRID","1","discharge","2026-05-12 07:16:22.000","94","0","5","0","","2026-05-12 07:16:22.000","94","0","5","0","","0","","588","","","","","","","","2026-05-12 07:16:22.000","2026-05-12 07:16:22.000","94","0","5","0","","0","0",""
"400012714","ca0c0d89-614d-4358-b31f-2cb27a29cf5f","1","DISCHARGE_TO_HOME_AND_GRID","1","discharge","2026-05-12 07:17:10.000","0","0","0","0","254","2026-05-12 07:17:10.000","0","0","0","0","254","254","","589","","","","","","","","2026-05-12 07:17:10.000","2026-05-12 07:17:10.000","0","0","0","0","254","0","0","NaN"
"400012699","ca0c0d89-614d-4358-b31f-2cb27a29cf5f","1","DISCHARGE_TO_HOME_AND_GRID","1","discharge","2026-05-12 07:17:11.000","113","0","78","84","4,999","2026-05-12 07:17:11.000","113","0","78","84","4,999","4,999","","590","","","","","","","","2026-05-12 07:17:11.000","2026-05-12 07:17:11.000","113","0","78","84","4,999","0","0","NaN"
"400011810","ca0c0d89-614d-4358-b31f-2cb27a29cf5f","1","DISCHARGE_TO_HOME_AND_GRID","1","discharge","2026-05-12 07:15:57.000","","","","","","2026-05-12 08:10:08.000","4,800","0","0","0","5,437","54,859","","591","2026-05-12 08:15:17.000","5,300","0","0","0","5,436","","2026-05-12 07:15:57.000","2026-05-12 08:15:17.000","5,300","0","0","0","5,436","3,560","3,560","5,436"
"400011810","ca0c0d89-614d-4358-b31f-2cb27a29cf5f","2","STOPDISPATCHCOMMANDDTO","2","stop","2026-05-12 08:15:17.000","5,300","0","0","0","5,436","2026-05-12 08:15:17.000","5,300","0","0","0","5,436","5,436","","592","","","","","","","5,437","2026-05-12 08:15:17.000","2026-05-12 08:15:17.000","0","0","0","0","0","0","3,560","-∞"
"400011785","ca0c0d89-614d-4358-b31f-2cb27a29cf5f","1","DISCHARGE_TO_HOME_AND_GRID","1","discharge","2026-05-12 07:17:30.000","84","0","48","80","7,599","2026-05-12 07:17:30.000","84","0","48","80","7,599","7,599","","593","","","","","","","","2026-05-12 07:17:30.000","2026-05-12 07:17:30.000","84","0","48","80","7,599","0","0","NaN"
"400010950","ca0c0d89-614d-4358-b31f-2cb27a29cf5f","1","DISCHARGE_TO_HOME_AND_GRID","1","discharge","2026-05-12 07:16:23.000","0","0","0","0","1,144","2026-05-12 07:16:23.000","0","0","0","0","1,144","1,144","","594","","","","","","","","2026-05-12 07:16:23.000","2026-05-12 07:16:23.000","0","0","0","0","1,144","0","0","NaN"
"400010535","ca0c0d89-614d-4358-b31f-2cb27a29cf5f","1","DISCHARGE_TO_HOME_AND_GRID","1","discharge","2026-05-12 07:16:23.000","0","0","0","0","0","2026-05-12 07:16:23.000","0","0","0","0","0","0","","595","","","","","","","","2026-05-12 07:16:23.000","2026-05-12 07:16:23.000","0","0","0","0","0","0","0","NaN"
"400010292","ca0c0d89-614d-4358-b31f-2cb27a29cf5f","1","DISCHARGE_TO_HOME_AND_GRID","1","discharge","2026-05-12 07:16:23.000","37","2","0","0","302","2026-05-12 07:16:23.000","37","2","0","0","302","302","","596","","","","","","","","2026-05-12 07:16:23.000","2026-05-12 07:16:23.000","37","2","0","0","302","0","0","NaN"
"400010209","ca0c0d89-614d-4358-b31f-2cb27a29cf5f","1","DISCHARGE_TO_HOME_AND_GRID","1","discharge","2026-05-12 07:17:11.000","4","0","19","5","0","2026-05-12 07:17:11.000","4","0","19","5","0","0","","597","","","","","","","","2026-05-12 07:17:11.000","2026-05-12 07:17:11.000","4","0","19","5","0","0","0","NaN"
"400009834","ca0c0d89-614d-4358-b31f-2cb27a29cf5f","1","DISCHARGE_TO_HOME_AND_GRID","1","discharge","2026-05-12 07:17:10.000","57","0","117","26","9,998","2026-05-12 07:17:10.000","57","0","117","26","9,998","9,998","","598","","","","","","","","2026-05-12 07:17:10.000","2026-05-12 07:17:10.000","57","0","117","26","9,998","0","0","NaN"
"400009098","ca0c0d89-614d-4358-b31f-2cb27a29cf5f","1","DISCHARGE_TO_HOME_AND_GRID","1","discharge","2026-05-12 07:15:57.000","0","0","0","0","476","2026-05-12 08:10:08.000","300","0","200","0","340","4,667","","599","2026-05-12 08:15:18.000","400","0","200","0","357","","2026-05-12 07:15:57.000","2026-05-12 08:15:18.000","400","0","200","0","357","3,561","3,561","357"
"400009098","ca0c0d89-614d-4358-b31f-2cb27a29cf5f","2","STOPDISPATCHCOMMANDDTO","2","stop","2026-05-12 08:15:18.000","400","0","200","0","357","2026-05-12 08:15:18.000","400","0","200","0","357","357","","600","","","","","","","340","2026-05-12 08:15:18.000","2026-05-12 08:15:18.000","0","0","0","0","0","0","3,561","-∞"
"400008870","ca0c0d89-614d-4358-b31f-2cb27a29cf5f","1","DISCHARGE_TO_HOME_AND_GRID","1","discharge","2026-05-12 07:17:11.000","0","0","16","0","0","2026-05-12 07:17:11.000","0","0","16","0","0","0","","601","","","","","","","","2026-05-12 07:17:11.000","2026-05-12 07:17:11.000","0","0","16","0","0","0","0","NaN"
"400008866","ca0c0d89-614d-4358-b31f-2cb27a29cf5f","1","DISCHARGE_TO_HOME_AND_GRID","1","discharge","2026-05-12 07:17:10.000","0","0","75","0","0","2026-05-12 07:17:10.000","0","0","75","0","0","0","","602","","","","","","","","2026-05-12 07:17:10.000","2026-05-12 07:17:10.000","0","0","75","0","0","0","0","NaN"
"400008857","ca0c0d89-614d-4358-b31f-2cb27a29cf5f","1","DISCHARGE_TO_HOME_AND_GRID","1","discharge","2026-05-12 07:17:10.000","27","0","0","19","3,799","2026-05-12 07:17:10.000","27","0","0","19","3,799","3,799","","603","","","","","","","","2026-05-12 07:17:10.000","2026-05-12 07:17:10.000","27","0","0","19","3,799","0","0","NaN"
"400008845","ca0c0d89-614d-4358-b31f-2cb27a29cf5f","1","DISCHARGE_TO_HOME_AND_GRID","1","discharge","2026-05-12 07:17:20.000","0","0","1","1","586","2026-05-12 07:17:20.000","0","0","1","1","586","586","","604","","","","","","","","2026-05-12 07:17:20.000","2026-05-12 07:17:20.000","0","0","1","1","586","0","0","NaN"
"400008051","ca0c0d89-614d-4358-b31f-2cb27a29cf5f","1","DISCHARGE_TO_HOME_AND_GRID","1","discharge","2026-05-12 07:16:23.000","84","0","20.75","20","370","2026-05-12 07:16:23.000","84","0","20.75","20","370","370","","605","","","","","","","","2026-05-12 07:16:23.000","2026-05-12 07:16:23.000","84","0","20.75","20","370","0","0","NaN"
"400008025","ca0c0d89-614d-4358-b31f-2cb27a29cf5f","1","DISCHARGE_TO_HOME_AND_GRID","1","discharge","2026-05-12 07:17:11.000","0","0","19","0","24","2026-05-12 07:17:11.000","0","0","19","0","24","24","","606","","","","","","","","2026-05-12 07:17:11.000","2026-05-12 07:17:11.000","0","0","19","0","24","0","0","NaN"
"400008021","ca0c0d89-614d-4358-b31f-2cb27a29cf5f","1","DISCHARGE_TO_HOME_AND_GRID","1","discharge","2026-05-12 07:16:23.000","28","5","1.375","1.5","167","2026-05-12 07:16:23.000","28","5","1.375","1.5","167","167","","607","","","","","","","","2026-05-12 07:16:23.000","2026-05-12 07:16:23.000","28","5","1.375","1.5","167","0","0","NaN"
"400007874","ca0c0d89-614d-4358-b31f-2cb27a29cf5f","1","DISCHARGE_TO_HOME_AND_GRID","1","discharge","2026-05-12 07:17:50.000","0","0","35","0","0","2026-05-12 07:17:50.000","0","0","35","0","0","0","","608","","","","","","","","2026-05-12 07:17:50.000","2026-05-12 07:17:50.000","0","0","35","0","0","0","0","NaN"
"400006019","ca0c0d89-614d-4358-b31f-2cb27a29cf5f","1","DISCHARGE_TO_HOME_AND_GRID","1","discharge","2026-05-12 07:17:11.000","0","0","36","0","0","2026-05-12 07:17:11.000","0","0","36","0","0","0","","609","","","","","","","","2026-05-12 07:17:11.000","2026-05-12 07:17:11.000","0","0","36","0","0","0","0","NaN"
"400005403","ca0c0d89-614d-4358-b31f-2cb27a29cf5f","1","DISCHARGE_TO_HOME_AND_GRID","1","discharge","2026-05-12 07:17:11.000","99","0","0","63","3,922","2026-05-12 07:17:11.000","99","0","0","63","3,922","3,922","","610","","","","","","","","2026-05-12 07:17:11.000","2026-05-12 07:17:11.000","99","0","0","63","3,922","0","0","NaN"
"400005360","ca0c0d89-614d-4358-b31f-2cb27a29cf5f","1","DISCHARGE_TO_HOME_AND_GRID","1","discharge","2026-05-12 07:16:23.000","1,458","0","6","6","8,420","2026-05-12 07:16:23.000","1,458","0","6","6","8,420","8,420","","611","","","","","","","","2026-05-12 07:16:23.000","2026-05-12 07:16:23.000","1,458","0","6","6","8,420","0","0","NaN"
"400005353","ca0c0d89-614d-4358-b31f-2cb27a29cf5f","1","DISCHARGE_TO_HOME_AND_GRID","1","discharge","2026-05-12 07:16:23.000","51","0","0","0","477","2026-05-12 07:16:23.000","51","0","0","0","477","477","","612","","","","","","","","2026-05-12 07:16:23.000","2026-05-12 07:16:23.000","51","0","0","0","477","0","0","NaN"
"400005339","ca0c0d89-614d-4358-b31f-2cb27a29cf5f","1","DISCHARGE_TO_HOME_AND_GRID","1","discharge","2026-05-12 07:16:23.000","68","0","0","0","282","2026-05-12 07:16:23.000","68","0","0","0","282","282","","613","","","","","","","","2026-05-12 07:16:23.000","2026-05-12 07:16:23.000","68","0","0","0","282","0","0","NaN"
"400005338","ca0c0d89-614d-4358-b31f-2cb27a29cf5f","1","DISCHARGE_TO_HOME_AND_GRID","1","discharge","2026-05-12 07:16:23.000","86","2","0","0","373","2026-05-12 07:16:23.000","86","2","0","0","373","373","","614","","","","","","","","2026-05-12 07:16:23.000","2026-05-12 07:16:23.000","86","2","0","0","373","0","0","NaN"
"400005209","ca0c0d89-614d-4358-b31f-2cb27a29cf5f","1","DISCHARGE_TO_HOME_AND_GRID","1","discharge","2026-05-12 07:16:23.000","31","11","294","0","11","2026-05-12 07:16:23.000","31","11","294","0","11","11","","615","","","","","","","","2026-05-12 07:16:23.000","2026-05-12 07:16:23.000","31","11","294","0","11","0","0","NaN"
"400005201","ca0c0d89-614d-4358-b31f-2cb27a29cf5f","1","DISCHARGE_TO_HOME_AND_GRID","1","discharge","2026-05-12 07:16:23.000","103","0","0","1","606","2026-05-12 07:16:23.000","103","0","0","1","606","606","","616","","","","","","","","2026-05-12 07:16:23.000","2026-05-12 07:16:23.000","103","0","0","1","606","0","0","NaN"
"400005197","ca0c0d89-614d-4358-b31f-2cb27a29cf5f","1","DISCHARGE_TO_HOME_AND_GRID","1","discharge","2026-05-12 07:16:23.000","0","0","608","0","0","2026-05-12 07:16:23.000","0","0","608","0","0","0","","617","","","","","","","","2026-05-12 07:16:23.000","2026-05-12 07:16:23.000","0","0","608","0","0","0","0","NaN"
"400005177","ca0c0d89-614d-4358-b31f-2cb27a29cf5f","1","DISCHARGE_TO_HOME_AND_GRID","1","discharge","2026-05-12 07:16:23.000","","","","","","2026-05-12 07:16:23.000","","","","","","0","","618","","","","","","","","2026-05-12 07:16:23.000","2026-05-12 07:16:23.000","","","","","","0","0",""
"400004910","ca0c0d89-614d-4358-b31f-2cb27a29cf5f","1","DISCHARGE_TO_HOME_AND_GRID","1","discharge","2026-05-12 07:17:11.000","0","0","35","0","0","2026-05-12 07:17:11.000","0","0","35","0","0","0","","619","","","","","","","","2026-05-12 07:17:11.000","2026-05-12 07:17:11.000","0","0","35","0","0","0","0","NaN"
"400004909","ca0c0d89-614d-4358-b31f-2cb27a29cf5f","1","DISCHARGE_TO_HOME_AND_GRID","1","discharge","2026-05-12 07:17:11.000","184","0","0","155","5,000","2026-05-12 07:17:11.000","184","0","0","155","5,000","5,000","","620","","","","","","","","2026-05-12 07:17:11.000","2026-05-12 07:17:11.000","184","0","0","155","5,000","0","0","NaN"
"400004893","ca0c0d89-614d-4358-b31f-2cb27a29cf5f","1","DISCHARGE_TO_HOME_AND_GRID","1","discharge","2026-05-12 07:17:50.000","0","0","0","0","","2026-05-12 07:17:50.000","0","0","0","0","","0","","621","","","","","","","","2026-05-12 07:17:50.000","2026-05-12 07:17:50.000","0","0","0","0","","0","0",""
"400004839","ca0c0d89-614d-4358-b31f-2cb27a29cf5f","1","DISCHARGE_TO_HOME_AND_GRID","1","discharge","2026-05-12 07:17:11.000","27","0","0","19","3,800","2026-05-12 07:17:11.000","27","0","0","19","3,800","3,800","","622","","","","","","","","2026-05-12 07:17:11.000","2026-05-12 07:17:11.000","27","0","0","19","3,800","0","0","NaN"
"400004478","ca0c0d89-614d-4358-b31f-2cb27a29cf5f","1","DISCHARGE_TO_HOME_AND_GRID","1","discharge","2026-05-12 07:16:23.000","37","4","1","0","302","2026-05-12 07:16:23.000","37","4","1","0","302","302","","623","","","","","","","","2026-05-12 07:16:23.000","2026-05-12 07:16:23.000","37","4","1","0","302","0","0","NaN"
"400004370","ca0c0d89-614d-4358-b31f-2cb27a29cf5f","1","DISCHARGE_TO_HOME_AND_GRID","1","discharge","2026-05-12 07:16:23.000","65","0","0","0","541","2026-05-12 07:16:23.000","65","0","0","0","541","541","","624","","","","","","","","2026-05-12 07:16:23.000","2026-05-12 07:16:23.000","65","0","0","0","541","0","0","NaN"
"400004270","ca0c0d89-614d-4358-b31f-2cb27a29cf5f","1","DISCHARGE_TO_HOME_AND_GRID","1","discharge","2026-05-12 07:16:23.000","58","3","0","0","396","2026-05-12 07:16:23.000","58","3","0","0","396","396","","625","","","","","","","","2026-05-12 07:16:23.000","2026-05-12 07:16:23.000","58","3","0","0","396","0","0","NaN"
"400004206","ca0c0d89-614d-4358-b31f-2cb27a29cf5f","1","DISCHARGE_TO_HOME_AND_GRID","1","discharge","2026-05-12 07:16:23.000","76","0","12.5","11.5","880","2026-05-12 07:16:23.000","76","0","12.5","11.5","880","880","","626","","","","","","","","2026-05-12 07:16:23.000","2026-05-12 07:16:23.000","76","0","12.5","11.5","880","0","0","NaN"
"400004198","ca0c0d89-614d-4358-b31f-2cb27a29cf5f","1","DISCHARGE_TO_HOME_AND_GRID","1","discharge","2026-05-12 07:16:23.000","42","1","0","0","358","2026-05-12 07:16:23.000","42","1","0","0","358","358","","627","","","","","","","","2026-05-12 07:16:23.000","2026-05-12 07:16:23.000","42","1","0","0","358","0","0","NaN"
"400003378","ca0c0d89-614d-4358-b31f-2cb27a29cf5f","1","DISCHARGE_TO_HOME_AND_GRID","1","discharge","2026-05-12 07:17:11.000","0","0","56","0","0","2026-05-12 07:17:11.000","0","0","56","0","0","0","","628","","","","","","","","2026-05-12 07:17:11.000","2026-05-12 07:17:11.000","0","0","56","0","0","0","0","NaN"
"400003363","ca0c0d89-614d-4358-b31f-2cb27a29cf5f","1","DISCHARGE_TO_HOME_AND_GRID","1","discharge","2026-05-12 07:17:11.000","0","0","84","0","0","2026-05-12 07:17:11.000","0","0","84","0","0","0","","629","","","","","","","","2026-05-12 07:17:11.000","2026-05-12 07:17:11.000","0","0","84","0","0","0","0","NaN"
"400003248","ca0c0d89-614d-4358-b31f-2cb27a29cf5f","1","DISCHARGE_TO_HOME_AND_GRID","1","discharge","2026-05-12 07:17:11.000","0","0","0","0","","2026-05-12 07:17:11.000","0","0","0","0","","0","","630","","","","","","","","2026-05-12 07:17:11.000","2026-05-12 07:17:11.000","0","0","0","0","","0","0",""
"400003245","ca0c0d89-614d-4358-b31f-2cb27a29cf5f","1","DISCHARGE_TO_HOME_AND_GRID","1","discharge","2026-05-12 07:17:11.000","0","0","0","1","0","2026-05-12 07:17:11.000","0","0","0","1","0","0","","631","","","","","","","","2026-05-12 07:17:11.000","2026-05-12 07:17:11.000","0","0","0","1","0","0","0","NaN"
"400003187","ca0c0d89-614d-4358-b31f-2cb27a29cf5f","1","DISCHARGE_TO_HOME_AND_GRID","1","discharge","2026-05-12 07:17:11.000","165","0","32","129","4,999","2026-05-12 07:17:11.000","165","0","32","129","4,999","4,999","","632","","","","","","","","2026-05-12 07:17:11.000","2026-05-12 07:17:11.000","165","0","32","129","4,999","0","0","NaN"
"400003171","ca0c0d89-614d-4358-b31f-2cb27a29cf5f","1","DISCHARGE_TO_HOME_AND_GRID","1","discharge","2026-05-12 07:16:22.000","143","0","7","0","","2026-05-12 07:16:22.000","143","0","7","0","","0","","633","","","","","","","","2026-05-12 07:16:22.000","2026-05-12 07:16:22.000","143","0","7","0","","0","0",""
"400003063","ca0c0d89-614d-4358-b31f-2cb27a29cf5f","1","DISCHARGE_TO_HOME_AND_GRID","1","discharge","2026-05-12 07:17:20.000","300","0","0","277","7,599","2026-05-12 07:17:20.000","300","0","0","277","7,599","7,599","","634","","","","","","","","2026-05-12 07:17:20.000","2026-05-12 07:17:20.000","300","0","0","277","7,599","0","0","NaN"
"400003023","ca0c0d89-614d-4358-b31f-2cb27a29cf5f","1","DISCHARGE_TO_HOME_AND_GRID","1","discharge","2026-05-12 07:17:20.000","98","0","0","0","3,922","2026-05-12 07:17:20.000","98","0","0","0","3,922","3,922","","635","","","","","","","","2026-05-12 07:17:20.000","2026-05-12 07:17:20.000","98","0","0","0","3,922","0","0","NaN"
"400003002","ca0c0d89-614d-4358-b31f-2cb27a29cf5f","1","DISCHARGE_TO_HOME_AND_GRID","1","discharge","2026-05-12 07:17:20.000","133","0","1","108","3,930","2026-05-12 07:17:20.000","133","0","1","108","3,930","3,930","","636","","","","","","","","2026-05-12 07:17:20.000","2026-05-12 07:17:20.000","133","0","1","108","3,930","0","0","NaN"
"400002244","ca0c0d89-614d-4358-b31f-2cb27a29cf5f","1","DISCHARGE_TO_HOME_AND_GRID","1","discharge","2026-05-12 07:17:10.000","0","0","56","0","0","2026-05-12 07:17:10.000","0","0","56","0","0","0","","637","","","","","","","","2026-05-12 07:17:10.000","2026-05-12 07:17:10.000","0","0","56","0","0","0","0","NaN"
"400002237","ca0c0d89-614d-4358-b31f-2cb27a29cf5f","1","DISCHARGE_TO_HOME_AND_GRID","1","discharge","2026-05-12 07:17:20.000","0","0","58","0","24","2026-05-12 07:17:20.000","0","0","58","0","24","24","","638","","","","","","","","2026-05-12 07:17:20.000","2026-05-12 07:17:20.000","0","0","58","0","24","0","0","NaN"
"400002127","ca0c0d89-614d-4358-b31f-2cb27a29cf5f","1","DISCHARGE_TO_HOME_AND_GRID","1","discharge","2026-05-12 07:16:22.000","0","0","24","0","","2026-05-12 07:16:22.000","0","0","24","0","","0","","639","","","","","","","","2026-05-12 07:16:22.000","2026-05-12 07:16:22.000","0","0","24","0","","0","0",""
"400001974","ca0c0d89-614d-4358-b31f-2cb27a29cf5f","1","DISCHARGE_TO_HOME_AND_GRID","1","discharge","2026-05-12 07:17:11.000","0","0","1","1","1,106","2026-05-12 07:17:11.000","0","0","1","1","1,106","1,106","","640","","","","","","","","2026-05-12 07:17:11.000","2026-05-12 07:17:11.000","0","0","1","1","1,106","0","0","NaN"
"400001662","ca0c0d89-614d-4358-b31f-2cb27a29cf5f","1","DISCHARGE_TO_HOME_AND_GRID","1","discharge","2026-05-12 07:16:22.000","104","0","9","0","","2026-05-12 07:16:22.000","104","0","9","0","","0","","641","","","","","","","","2026-05-12 07:16:22.000","2026-05-12 07:16:22.000","104","0","9","0","","0","0",""
"400000837","ca0c0d89-614d-4358-b31f-2cb27a29cf5f","1","DISCHARGE_TO_HOME_AND_GRID","1","discharge","2026-05-12 07:17:11.000","230","0","0","217","7,598","2026-05-12 07:17:11.000","230","0","0","217","7,598","7,598","","642","","","","","","","","2026-05-12 07:17:11.000","2026-05-12 07:17:11.000","230","0","0","217","7,598","0","0","NaN"
"400000824","ca0c0d89-614d-4358-b31f-2cb27a29cf5f","1","DISCHARGE_TO_HOME_AND_GRID","1","discharge","2026-05-12 07:17:11.000","0","0","0","0","220","2026-05-12 07:17:11.000","0","0","0","0","220","220","","643","","","","","","","","2026-05-12 07:17:11.000","2026-05-12 07:17:11.000","0","0","0","0","220","0","0","NaN"
"400000790","ca0c0d89-614d-4358-b31f-2cb27a29cf5f","1","DISCHARGE_TO_HOME_AND_GRID","1","discharge","2026-05-12 07:17:50.000","0","0","0","0","","2026-05-12 07:17:50.000","0","0","0","0","","0","","644","","","","","","","","2026-05-12 07:17:50.000","2026-05-12 07:17:50.000","0","0","0","0","","0","0",""
"400000782","ca0c0d89-614d-4358-b31f-2cb27a29cf5f","1","DISCHARGE_TO_HOME_AND_GRID","1","discharge","2026-05-12 07:17:11.000","0","0","1","2","557","2026-05-12 07:17:11.000","0","0","1","2","557","557","","645","","","","","","","","2026-05-12 07:17:11.000","2026-05-12 07:17:11.000","0","0","1","2","557","0","0","NaN"
"400000670","ca0c0d89-614d-4358-b31f-2cb27a29cf5f","1","DISCHARGE_TO_HOME_AND_GRID","1","discharge","2026-05-12 07:17:20.000","0","0","0","0","352","2026-05-12 07:17:20.000","0","0","0","0","352","352","","646","","","","","","","","2026-05-12 07:17:20.000","2026-05-12 07:17:20.000","0","0","0","0","352","0","0","NaN"
"400000665","ca0c0d89-614d-4358-b31f-2cb27a29cf5f","1","DISCHARGE_TO_HOME_AND_GRID","1","discharge","2026-05-12 07:17:11.000","0","0","0","0","163","2026-05-12 07:17:11.000","0","0","0","0","163","163","","647","","","","","","","","2026-05-12 07:17:11.000","2026-05-12 07:17:11.000","0","0","0","0","163","0","0","NaN"
"400000595","ca0c0d89-614d-4358-b31f-2cb27a29cf5f","1","DISCHARGE_TO_HOME_AND_GRID","1","discharge","2026-05-12 07:17:30.000","0","0","79","0","0","2026-05-12 07:17:30.000","0","0","79","0","0","0","","648","","","","","","","","2026-05-12 07:17:30.000","2026-05-12 07:17:30.000","0","0","79","0","0","0","0","NaN"
"400000369","ca0c0d89-614d-4358-b31f-2cb27a29cf5f","1","DISCHARGE_TO_HOME_AND_GRID","1","discharge","2026-05-12 07:16:22.000","224","0","6","0","","2026-05-12 07:16:22.000","224","0","6","0","","0","","649","","","","","","","","2026-05-12 07:16:22.000","2026-05-12 07:16:22.000","224","0","6","0","","0","0",""
"400000218","ca0c0d89-614d-4358-b31f-2cb27a29cf5f","1","DISCHARGE_TO_HOME_AND_GRID","1","discharge","2026-05-12 07:17:20.000","13","0","1","0","9,999","2026-05-12 07:17:20.000","13","0","1","0","9,999","9,999","","650","","","","","","","","2026-05-12 07:17:20.000","2026-05-12 07:17:20.000","13","0","1","0","9,999","0","0","NaN"
"400000062","ca0c0d89-614d-4358-b31f-2cb27a29cf5f","1","DISCHARGE_TO_HOME_AND_GRID","1","discharge","2026-05-12 07:17:10.000","0","0","0","0","606","2026-05-12 07:17:10.000","0","0","0","0","606","606","","651","","","","","","","","2026-05-12 07:17:10.000","2026-05-12 07:17:10.000","0","0","0","0","606","0","0","NaN"
"100009579","ca0c0d89-614d-4358-b31f-2cb27a29cf5f","1","DISCHARGE_TO_HOME_AND_GRID","1","discharge","2026-05-12 07:16:23.000","","","","","","2026-05-12 07:16:23.000","","","","","","0","","652","","","","","","","","2026-05-12 07:16:23.000","2026-05-12 07:16:23.000","","","","","","0","0",""
"100009234","ca0c0d89-614d-4358-b31f-2cb27a29cf5f","1","DISCHARGE_TO_HOME_AND_GRID","1","discharge","2026-05-12 07:19:56.000","","","","","","2026-05-12 08:13:55.000","","","","","","0","","653","2026-05-12 08:18:55.000","","","","","","","2026-05-12 07:19:56.000","2026-05-12 08:18:55.000","","","","","","3,539","3,539",""
"100009234","ca0c0d89-614d-4358-b31f-2cb27a29cf5f","2","STOPDISPATCHCOMMANDDTO","2","stop","2026-05-12 08:18:55.000","","","","","","2026-05-12 08:18:55.000","","","","","","0","","654","","","","","","","","2026-05-12 08:18:55.000","2026-05-12 08:18:55.000","","","","","","0","3,539",""
"100005970","ca0c0d89-614d-4358-b31f-2cb27a29cf5f","1","DISCHARGE_TO_HOME_AND_GRID","1","discharge","2026-05-12 07:16:23.000","","","","","","2026-05-12 07:16:23.000","","","","","","0","","655","","","","","","","","2026-05-12 07:16:23.000","2026-05-12 07:16:23.000","","","","","","0","0",""
"100005826","ca0c0d89-614d-4358-b31f-2cb27a29cf5f","1","DISCHARGE_TO_HOME_AND_GRID","1","discharge","2026-05-12 07:16:23.000","","","","","","2026-05-12 07:16:23.000","","","","","","0","","656","","","","","","","","2026-05-12 07:16:23.000","2026-05-12 07:16:23.000","","","","","","0","0",""
"100005099","ca0c0d89-614d-4358-b31f-2cb27a29cf5f","1","DISCHARGE_TO_HOME_AND_GRID","1","discharge","2026-05-12 07:15:56.000","","","","","","2026-05-12 08:10:06.000","","","","","","0","","657","2026-05-12 08:15:16.000","","","","","","","2026-05-12 07:15:56.000","2026-05-12 08:15:16.000","","","","","","3,560","3,560",""
"100005099","ca0c0d89-614d-4358-b31f-2cb27a29cf5f","2","STOPDISPATCHCOMMANDDTO","2","stop","2026-05-12 08:15:16.000","","","","","","2026-05-12 08:15:16.000","","","","","","0","","658","","","","","","","","2026-05-12 08:15:16.000","2026-05-12 08:15:16.000","","","","","","0","3,560",""
"100004326","ca0c0d89-614d-4358-b31f-2cb27a29cf5f","1","DISCHARGE_TO_HOME_AND_GRID","1","discharge","2026-05-12 07:16:23.000","","","","","","2026-05-12 07:16:23.000","","","","","","0","","659","","","","","","","","2026-05-12 07:16:23.000","2026-05-12 07:16:23.000","","","","","","0","0",""
"100003637","ca0c0d89-614d-4358-b31f-2cb27a29cf5f","1","DISCHARGE_TO_HOME_AND_GRID","1","discharge","2026-05-12 07:15:57.000","","","","","","2026-05-12 08:10:08.000","0","0","300","0","0","0","","660","2026-05-12 08:15:17.000","0","0","300","0","0","","2026-05-12 07:15:57.000","2026-05-12 08:15:17.000","0","0","300","0","0","3,560","3,560","0"
"100003637","ca0c0d89-614d-4358-b31f-2cb27a29cf5f","2","STOPDISPATCHCOMMANDDTO","2","stop","2026-05-12 08:15:17.000","0","0","300","0","0","2026-05-12 08:15:17.000","0","0","300","0","0","0","","661","","","","","","","0","2026-05-12 08:15:17.000","2026-05-12 08:15:17.000","0","0","0","0","0","0","3,560","NaN"